"Name","EX","EW","Subtotal (EX+EW)","CR(PE)","CR(PEW)","Subtotal (EX+EW+ CR(PE)+CR(PEW))","CR","EN","VU","Subtotal (threatened spp.)","LR/cd","NT or LR/nt","LC or LR/lc","DD","Total"
"Antarctica","0","0","0","0","0","0","0","0","0","0","0","0","0","0","0"
"Bouvet Island","0","0","0","0","0","0","0","0","0","0","0","0","1","0","1"
"French Southern Territories","0","0","0","0","0","0","0","2","1","3","0","0","11","0","14"
"Heard Island and McDonald Islands","0","0","0","0","0","0","0","0","0","0","0","0","1","0","1"
"South Georgia and the South Sandwich Islands","0","0","0","0","0","0","0","0","0","0","0","0","15","0","15"
"Anguilla","0","0","0","0","0","0","1","1","1","3","0","1","165","0","169"
"Antigua and Barbuda","0","0","0","0","0","0","0","1","1","2","0","3","278","2","285"
"Aruba","0","0","0","0","0","0","0","2","3","5","0","4","97","1","107"
"Bahamas","0","0","0","0","0","0","4","13","12","29","0","17","359","5","410"
"Barbados","0","0","0","0","0","0","0","1","3","4","0","0","216","3","223"
"Bermuda","0","1","1","0","0","1","2","5","1","8","0","1","124","1","135"
"Bonaire, Sint Eustatius and Saba","0","0","0","0","0","0","1","2","4","7","0","5","248","0","260"
"Cayman Islands","0","0","0","0","0","0","11","7","5","23","0","4","227","5","259"
"Cuba","11","1","12","19","0","31","145","176","145","466","0","32","994","41","1,545"
"Curaçao","0","0","0","0","0","0","0","2","3","5","0","6","131","1","143"
"Dominica","0","0","0","0","0","0","1","5","14","20","0","7","359","2","388"
"Dominican Republic","0","0","0","1","0","1","17","65","98","180","0","33","746","16","975"
"Grenada","0","0","0","0","0","0","0","2","5","7","0","7","266","1","281"
"Guadeloupe","0","0","0","0","0","0","0","7","13","20","0","6","383","6","415"
"Haiti","0","0","0","29","0","29","93","103","101","297","0","33","713","35","1,078"
"Jamaica","2","0","2","1","0","3","45","86","127","258","0","87","600","15","962"
"Martinique","0","0","0","0","0","0","0","6","13","19","0","5","365","5","394"
"Montserrat","0","0","0","1","0","1","3","1","4","8","0","2","259","2","271"
"Puerto Rico","2","0","2","0","0","2","24","45","41","110","0","28","602","5","747"
"Saint Barthélemy","0","0","0","0","0","0","0","1","1","2","0","1","151","0","154"
"Saint Kitts and Nevis","0","0","0","0","0","0","0","2","3","5","0","2","218","2","227"
"Saint Lucia","0","0","0","0","0","0","0","5","11","16","0","3","307","1","327"
"Saint Martin (French part)","0","0","0","0","0","0","0","1","1","2","0","1","201","1","205"
"Saint Vincent and the Grenadines","0","0","0","0","0","0","0","2","6","8","0","5","325","3","341"
"Sint Maarten (Dutch part)","0","0","0","0","0","0","0","1","0","1","0","1","126","0","128"
"Trinidad and Tobago","0","0","0","6","0","6","15","23","26","64","0","12","681","14","771"
"Turks and Caicos Islands","0","0","0","0","0","0","1","7","3","11","0","7","161","3","182"
"Virgin Islands, British","0","0","0","0","0","0","2","16","8","26","0","13","289","1","329"
"Virgin Islands, U.S.","0","0","0","0","0","0","2","12","9","23","0","13","322","1","359"
"China","4","0","4","8","4","16","137","386","318","841","3","135","3,257","270","4,510"
"Hong Kong","0","0","0","0","0","0","3","7","8","18","0","7","356","4","385"
"Japan","0","0","0","0","0","0","24","27","25","76","0","19","812","33","940"
"Korea, Democratic People's Republic of","0","0","0","0","0","0","1","12","7","20","0","3","291","15","329"
"Korea, Republic of","0","0","0","0","0","0","7","21","11","39","0","8","385","28","460"
"Macao","0","0","0","0","0","0","0","0","0","0","0","1","37","0","38"
"Mongolia","0","0","0","0","0","0","1","0","0","1","0","3","231","10","245"
"Taiwan, Province of China","0","1","1","2","1","4","17","45","32","94","0","28","783","14","920"
"Åland Islands","0","0","0","0","0","0","0","0","1","1","0","0","12","0","13"
"Albania","0","0","0","0","0","0","1","0","4","5","0","6","496","32","539"
"Andorra","0","0","0","0","0","0","0","0","1","1","0","1","125","7","134"
"Austria","0","0","0","0","0","0","6","17","15","38","0","10","483","30","561"
"Belgium","0","1","1","0","0","1","0","1","2","3","0","5","370","13","392"
"Bosnia and Herzegovina","0","0","0","0","0","0","1","2","2","5","0","7","375","22","409"
"Bulgaria","0","0","0","0","0","0","1","4","8","13","0","10","519","51","593"
"Croatia","1","0","1","0","0","1","1","6","3","10","0","11","521","36","579"
"Czechia","0","0","0","0","0","0","10","14","7","31","0","5","411","25","472"
"Denmark","0","0","0","0","0","0","0","0","2","2","0","4","323","9","338"
"Estonia","0","0","0","0","0","0","1","0","1","2","0","1","258","4","265"
"Faroe Islands","0","0","0","0","0","0","0","0","1","1","0","0","88","0","89"
"Finland","0","0","0","0","0","0","0","1","3","4","0","2","329","10","345"
"France","1","1","2","0","0","2","8","26","34","68","0","45","822","41","978"
"Germany","0","0","0","0","0","0","17","18","16","51","0","14","488","25","578"
"Gibraltar","0","0","0","0","0","0","0","0","1","1","0","0","41","1","43"
"Greece","3","0","3","2","0","5","63","137","163","363","0","146","993","101","1,606"
"Greenland","0","0","0","0","0","0","0","0","1","1","0","0","125","0","126"
"Guernsey","0","0","0","0","0","0","0","0","0","0","0","0","66","0","66"
"Holy See (Vatican City State)","0","0","0","0","0","0","0","0","0","0","0","0","12","0","12"
"Hungary","0","0","0","0","0","0","13","14","18","45","0","5","400","30","480"
"Iceland","0","0","0","0","0","0","0","0","0","0","0","0","145","2","147"
"Ireland","0","0","0","0","0","0","2","2","5","9","0","9","313","3","334"
"Isle of Man","0","0","0","0","0","0","0","1","0","1","0","0","74","0","75"
"Italy","0","0","0","1","0","1","39","43","39","121","0","59","829","69","1,078"
"Jersey","0","0","0","0","0","0","0","0","0","0","0","0","70","0","70"
"Latvia","0","0","0","0","0","0","1","0","0","1","0","2","238","6","247"
"Liechtenstein","0","0","0","0","0","0","0","1","0","1","0","1","206","10","218"
"Lithuania","0","0","0","0","0","0","0","1","1","2","0","2","240","8","252"
"Luxembourg","0","1","1","0","0","1","0","1","2","3","0","2","229","9","244"
"Malta","0","0","0","0","0","0","2","1","1","4","0","3","176","8","191"
"Monaco","0","0","0","0","0","0","0","1","1","2","0","0","40","1","43"
"Montenegro","0","0","0","0","0","0","1","2","3","6","0","10","376","17","409"
"Netherlands","0","0","0","0","0","0","0","1","2","3","0","2","343","10","358"
"North Macedonia","0","0","0","0","0","0","0","2","4","6","0","6","381","31","424"
"Norway","0","0","0","0","0","0","1","8","11","20","0","6","372","10","408"
"Poland","0","0","0","0","0","0","1","4","11","16","0","10","422","16","464"
"Portugal","3","0","3","0","0","3","32","56","54","142","0","62","581","40","828"
"Romania","0","0","0","0","0","0","1","8","5","14","0","10","456","48","528"
"San Marino","0","0","0","0","0","0","0","0","0","0","0","0","31","0","31"
"Serbia","0","0","0","0","0","0","0","6","3","9","0","10","421","37","477"
"Slovakia","0","0","0","0","0","0","9","13","10","32","0","7","335","32","406"
"Slovenia","0","0","0","0","0","0","1","5","6","12","0","10","453","25","500"
"Spain","1","1","2","1","0","3","83","121","90","294","1","90","870","47","1,304"
"Svalbard and Jan Mayen","0","0","0","0","0","0","0","1","0","1","0","0","42","0","43"
"Sweden","0","0","0","0","0","0","1","4","7","12","0","9","405","14","440"
"Switzerland","0","0","0","0","0","0","3","7","10","20","0","11","463","21","515"
"United Kingdom","0","1","1","0","0","1","21","16","17","54","0","12","423","17","507"
"Belize","0","0","0","0","0","0","4","53","57","114","0","39","1,198","9","1,360"
"Costa Rica","0","0","0","0","0","0","37","232","198","467","0","242","2,386","26","3,121"
"El Salvador","0","0","0","1","0","1","6","49","53","108","0","37","976","6","1,127"
"Guatemala","0","0","0","0","0","0","72","238","170","480","0","96","1,790","18","2,384"
"Honduras","0","0","0","1","0","1","40","100","77","217","0","76","1,672","14","1,979"
"Mexico","4","3","7","10","3","20","256","818","554","1,628","0","237","3,354","200","5,426"
"Nicaragua","0","0","0","0","0","0","5","64","60","129","0","90","1,781","10","2,010"
"Panama","0","0","0","1","1","2","18","108","158","284","1","148","2,521","181","3,135"
"Algeria","0","0","0","0","0","0","6","8","16","30","0","37","454","15","536"
"Egypt","0","0","0","0","0","0","5","7","1","13","0","2","334","5","354"
"Libya","0","0","0","0","0","0","1","2","5","8","0","9","228","3","248"
"Morocco","0","0","0","0","0","0","4","27","27","58","0","47","485","20","610"
"Tunisia","0","0","0","0","0","0","2","3","6","11","0","26","316","9","362"
"Western Sahara","0","0","0","0","0","0","0","0","1","1","0","0","34","0","35"
"Canada","1","0","1","0","0","1","6","6","9","21","0","17","1,026","18","1,083"
"Saint Pierre and Miquelon","0","0","0","0","0","0","0","0","0","0","0","0","50","0","50"
"United States","37","6","43","14","14","71","371","286","169","826","0","91","2,159","53","3,172"
"Belarus","0","0","0","0","0","0","1","1","0","2","0","2","247","13","264"
"Moldova","0","0","0","0","0","0","0","0","2","2","0","4","213","13","232"
"Russian Federation","0","0","0","0","0","0","9","31","29","69","0","25","707","59","860"
"Ukraine","1","0","1","0","0","1","3","14","12","29","0","8","440","51","529"
"American Samoa","0","0","0","0","0","0","0","1","2","3","0","3","115","1","122"
"Australia","4","0","4","2","0","6","118","294","391","803","2","260","3,317","117","4,503"
"Christmas Island","0","0","0","0","0","0","0","0","2","2","0","1","64","0","67"
"Cocos (Keeling) Islands","0","0","0","0","0","0","0","0","0","0","0","0","26","0","26"
"Cook Islands","1","0","1","0","0","1","9","2","2","13","0","1","75","3","93"
"Fiji","0","0","0","5","1","6","69","87","36","192","0","48","548","54","842"
"French Polynesia","6","1","7","0","0","7","107","133","53","293","0","37","168","55","560"
"Guam","0","0","0","0","0","0","1","2","2","5","0","1","66","1","73"
"Kiribati","0","0","0","0","0","0","0","0","0","0","0","0","44","1","45"
"Marshall Islands","0","0","0","0","0","0","0","0","0","0","0","1","47","0","48"
"Micronesia, Federated States of","0","0","0","0","0","0","5","5","7","17","0","4","153","12","186"
"Nauru","0","0","0","0","0","0","0","0","0","0","0","0","31","0","31"
"New Caledonia","6","0","6","11","0","17","164","313","278","755","4","231","787","56","1,839"
"New Zealand","6","1","7","0","0","7","12","11","14","37","1","23","248","1","317"
"Niue","0","0","0","0","0","0","0","2","0","2","0","0","74","0","76"
"Norfolk Island","1","0","1","0","0","1","1","0","2","3","0","4","31","0","39"
"Northern Mariana Islands","0","0","0","0","0","0","2","2","3","7","0","1","81","0","89"
"Palau","0","0","0","1","0","1","1","4","4","9","0","3","138","6","156"
"Papua New Guinea","0","0","0","37","1","38","180","350","222","752","0","189","2,289","474","3,704"
"Pitcairn","0","1","1","0","0","1","4","2","4","10","0","0","28","0","39"
"Samoa","0","0","0","2","0","2","6","4","5","15","0","4","168","11","198"
"Solomon Islands","0","0","0","3","0","3","6","22","33","61","0","32","561","56","710"
"Tokelau","0","0","0","0","0","0","0","0","0","0","0","0","20","0","20"
"Tonga","0","0","0","0","0","0","1","3","5","9","0","1","168","2","180"
"Tuvalu","0","0","0","0","0","0","0","0","0","0","0","0","31","0","31"
"United States Minor Outlying Islands","0","0","0","0","0","0","0","0","0","0","0","0","26","0","26"
"Vanuatu","0","0","0","0","0","0","7","14","10","31","1","11","294","5","342"
"Wallis and Futuna","0","0","0","0","0","0","0","2","0","2","0","0","100","0","102"
"Argentina","0","1","1","0","0","1","9","27","49","85","0","33","999","27","1,145"
"Bolivia, Plurinational States of","1","4","5","3","1","9","67","250","260","577","0","109","2,865","145","3,701"
"Brazil","3","2","5","9","2","16","275","849","513","1,637","11","314","5,954","613","8,534"
"Chile","1","4","5","0","0","5","36","44","30","110","1","16","271","8","411"
"Colombia","1","4","5","3","1","9","278","490","372","1,140","2","228","5,721","241","7,337"
"Ecuador","3","6","9","52","1","62","309","853","967","2,129","1","313","3,512","384","6,348"
"Falkland Islands (Malvinas)","0","0","0","0","0","0","0","5","0","5","0","1","21","1","28"
"French Guiana","0","0","0","0","0","0","8","32","32","72","1","22","1,742","48","1,885"
"Guyana","0","0","0","0","0","0","21","69","82","172","1","33","2,160","51","2,417"
"Paraguay","0","0","0","0","0","0","4","9","17","30","0","18","775","16","839"
"Peru","0","3","3","3","0","6","141","335","318","794","2","122","3,826","196","4,943"
"Suriname","0","0","0","0","0","0","5","33","33","71","0","15","1,624","31","1,741"
"Uruguay","0","0","0","0","0","0","4","5","13","22","0","2","335","6","365"
"Venezuela, Bolivarian Republic of","0","0","0","4","0","4","86","204","306","596","0","113","4,021","344","5,074"
"Bangladesh","0","0","0","1","0","1","8","14","30","52","0","18","905","60","1,035"
"Bhutan","1","0","1","1","0","2","13","28","26","67","0","18","751","44","881"
"British Indian Ocean Territory","0","0","0","0","0","0","0","0","0","0","0","1","23","0","24"
"Brunei Darussalam","0","0","0","0","0","0","8","63","176","247","1","158","1,207","34","1,647"
"Cambodia","0","0","0","0","0","0","8","48","52","108","0","33","1,097","54","1,292"
"Disputed Territory","0","0","0","0","0","0","0","0","0","0","0","0","10","0","10"
"India","3","2","5","4","0","9","158","287","244","689","1","108","2,370","289","3,462"
"Indonesia","1","2","3","38","3","44","274","604","657","1,535","1","456","4,285","606","6,886"
"Lao People's Democratic Republic","0","0","0","0","0","0","9","59","72","140","0","42","1,311","83","1,576"
"Malaysia","1","0","1","27","2","30","198","443","902","1,543","71","437","3,434","321","5,807"
"Maldives","0","0","0","0","0","0","0","0","0","0","0","0","61","0","61"
"Myanmar","0","1","1","5","0","6","24","99","76","199","0","54","1,880","214","2,348"
"Nepal","0","0","0","0","0","0","3","13","17","33","0","12","918","35","998"
"Philippines","0","0","0","8","0","8","370","525","316","1,211","0","207","1,591","69","3,078"
"Singapore","1","0","1","0","0","1","3","19","52","74","3","53","880","30","1,041"
"Sri Lanka","0","1","1","3","1","5","72","92","168","332","3","22","825","11","1,194"
"Thailand","0","0","0","2","0","2","65","168","191","424","1","124","2,575","151","3,275"
"Timor-Leste","0","0","0","0","0","0","4","4","2","10","0","4","275","4","293"
"Viet Nam","0","1","1","7","0","8","114","204","201","519","0","82","2,245","263","3,110"
"Angola","0","0","0","2","0","2","4","24","52","80","0","40","1,519","85","1,724"
"Benin","0","0","0","0","0","0","0","4","14","18","0","14","950","1","983"
"Botswana","0","0","0","0","0","0","0","1","2","3","0","1","655","9","668"
"Burkina Faso","0","0","0","0","0","0","0","2","4","6","0","4","653","3","666"
"Burundi","0","0","0","17","1","18","23","73","64","160","1","23","755","9","948"
"Cabo Verde","2","0","2","0","0","2","17","28","6","51","0","7","86","9","155"
"Cameroon","1","0","1","20","1","22","171","348","417","936","2","117","1,898","56","3,010"
"Central African Republic","0","0","0","0","0","0","2","18","35","55","1","20","1,177","11","1,264"
"Chad","0","0","0","0","0","0","1","2","5","8","0","3","596","7","614"
"Comoros","0","0","0","0","0","0","2","11","8","21","0","0","197","2","220"
"Congo","0","0","0","0","0","0","1","36","84","121","1","54","1,305","10","1,491"
"Congo, The Democratic Republic of the","2","0","2","25","0","27","44","188","233","465","2","116","2,126","55","2,766"
"Côte d'Ivoire","2","0","2","1","0","3","7","40","112","159","1","57","1,302","12","1,533"
"Djibouti","0","0","0","0","0","0","1","2","1","4","0","0","135","0","139"
"Equatorial Guinea","0","0","0","0","0","0","4","62","118","184","0","55","891","14","1,144"
"Eritrea","0","0","0","0","0","0","0","2","5","7","0","8","305","2","322"
"Eswatini","0","2","2","2","0","4","6","13","31","50","0","6","600","4","662"
"Ethiopia","0","0","0","5","0","5","46","125","89","260","1","42","1,035","47","1,385"
"Gabon","0","0","0","6","0","6","63","203","236","502","1","87","1,476","20","2,086"
"Gambia","0","0","0","0","0","0","0","1","5","6","0","4","391","1","402"
"Ghana","0","0","0","0","0","0","4","36","85","125","1","36","1,246","8","1,416"
"Guinea","0","0","0","14","0","14","33","103","92","228","1","51","1,074","13","1,367"
"Guinea-Bissau","0","0","0","0","0","0","1","1","10","12","0","12","587","2","613"
"Kenya","0","1","1","3","0","4","38","176","219","433","1","96","1,556","21","2,108"
"Lesotho","0","0","0","0","0","0","0","2","3","5","0","1","203","1","210"
"Liberia","0","0","0","1","0","1","9","52","84","145","0","43","886","4","1,078"
"Madagascar","0","1","1","108","7","116","546","1,557","989","3,092","0","241","1,649","95","5,078"
"Malawi","0","0","0","1","0","1","6","32","42","80","1","16","1,150","25","1,272"
"Mali","0","0","0","0","0","0","3","14","12","29","0","9","683","12","733"
"Mauritania","0","0","0","0","0","0","0","0","1","1","0","2","249","0","252"
"Mauritius","2","1","3","0","0","3","71","22","12","105","0","2","175","1","286"
"Mayotte","1","0","1","0","0","1","3","8","5","16","0","2","125","2","146"
"Mozambique","0","0","0","3","0","3","31","121","156","308","0","56","1,493","57","1,914"
"Namibia","0","0","0","1","0","1","20","24","41","85","0","8","760","11","864"
"Niger","0","0","0","0","0","0","0","1","3","4","0","2","403","3","412"
"Nigeria","0","0","0","1","0","1","19","81","163","263","2","54","1,617","15","1,951"
"Réunion","0","0","0","0","0","0","11","9","11","31","0","2","126","2","161"
"Rwanda","0","0","0","3","0","3","6","58","72","136","1","23","730","8","898"
"Saint Helena, Ascension and Tristan da Cunha","8","2","10","0","0","10","27","7","11","45","0","1","27","5","88"
"Sao Tome and Principe","2","0","2","1","0","3","4","35","34","73","0","15","210","1","301"
"Senegal","2","0","2","0","0","2","1","9","13","23","0","11","809","7","852"
"Seychelles","2","0","2","0","0","2","16","13","31","60","0","8","144","0","214"
"Sierra Leone","1","0","1","1","0","2","9","50","92","151","1","43","958","11","1,165"
"Somalia","0","0","0","0","0","0","9","50","46","105","0","40","505","16","666"
"South Africa","2","4","6","8","3","17","131","175","168","474","0","131","1,602","39","2,252"
"South Sudan","0","0","0","1","0","1","2","11","15","28","1","8","670","3","710"
"Sudan","0","0","0","0","0","0","1","3","14","18","1","5","705","4","733"
"Tanzania, United Republic of","0","0","0","52","1","53","141","528","440","1,109","2","143","2,134","69","3,457"
"Togo","0","0","0","0","0","0","0","4","11","15","0","11","804","1","831"
"Uganda","0","0","0","5","0","5","18","65","92","175","1","44","1,310","13","1,543"
"Zambia","0","0","0","0","0","0","4","30","36","70","0","24","1,314","38","1,446"
"Zimbabwe","0","0","0","0","2","2","4","23","55","82","0","29","1,274","19","1,404"
"Afghanistan","0","0","0","0","0","0","2","7","4","13","0","10","367","17","407"
"Armenia","0","0","0","0","0","0","18","46","18","82","0","19","258","42","401"
"Azerbaijan","0","0","0","0","0","0","7","19","24","50","0","24","277","30","381"
"Bahrain","0","0","0","0","0","0","0","0","0","0","0","0","29","0","29"
"Cyprus","0","0","0","0","0","0","7","5","11","23","0","10","241","11","285"
"Georgia","0","0","0","0","0","0","9","22","43","74","0","18","332","29","453"
"Iran, Islamic Republic of","0","0","0","0","0","0","4","11","6","21","0","20","453","39","533"
"Iraq","0","0","0","0","0","0","0","3","1","4","0","9","263","16","292"
"Israel","0","0","0","0","0","0","3","24","13","40","0","12","294","12","358"
"Jordan","0","0","0","0","0","0","0","6","3","9","0","7","200","10","226"
"Kazakhstan","0","0","0","0","0","0","7","8","7","22","0","13","334","29","398"
"Kuwait","0","0","0","0","0","0","0","0","0","0","0","1","33","0","34"
"Kyrgyzstan","0","0","0","0","0","0","6","8","9","23","0","8","209","23","263"
"Lebanon","0","0","0","5","0","5","17","61","23","101","0","15","325","19","460"
"Oman","0","0","0","0","0","0","0","2","7","9","0","7","168","3","187"
"Pakistan","0","0","0","0","0","0","4","10","9","23","0","9","575","32","639"
"Palestine, State of","0","0","0","0","0","0","1","7","4","12","0","8","235","6","261"
"Qatar","0","0","0","0","0","0","0","0","0","0","0","0","34","0","34"
"Saudi Arabia","0","0","0","0","0","0","0","3","2","5","0","2","289","2","298"
"Syrian Arab Republic","0","0","0","0","0","0","5","25","15","45","0","17","318","28","408"
"Tajikistan","0","0","0","1","0","1","8","4","9","21","0","10","214","22","267"
"Türkiye","0","0","0","0","0","0","71","48","28","147","0","39","671","72","929"
"Turkmenistan","0","0","0","0","0","0","1","2","4","7","0","11","193","17","228"
"United Arab Emirates","0","0","0","0","0","0","0","0","0","0","0","1","61","0","62"
"Uzbekistan","0","0","0","0","0","0","7","10","10","27","0","10","219","21","277"
"Yemen","3","0","3","0","0","3","10","34","125","169","0","23","458","38","691"