STRUCTURE,STRUCTURE_ID,ACTION,FREQ,FREQ_LABEL,REF_AREA,REF_AREA_LABEL,INDICATOR,INDICATOR_LABEL,SEX,SEX_LABEL,AGE,AGE_LABEL,URBANISATION,URBANISATION_LABEL,UNIT_MEASURE,UNIT_MEASURE_LABEL,COMP_BREAKDOWN_1,COMP_BREAKDOWN_1_LABEL,COMP_BREAKDOWN_2,COMP_BREAKDOWN_2_LABEL,COMP_BREAKDOWN_3,COMP_BREAKDOWN_3_LABEL,TIME_PERIOD,OBS_VALUE,AGG_METHOD,AGG_METHOD_LABEL,DECIMALS,DECIMALS_LABEL,DATABASE_ID,DATABASE_ID_LABEL,COMMENT_TS,UNIT_MULT,UNIT_MULT_LABEL,DATA_SOURCE,DATA_SOURCE_LABEL,UNIT_TYPE,UNIT_TYPE_LABEL,TIME_FORMAT,TIME_FORMAT_LABEL,COMMENT_OBS,OBS_STATUS,OBS_STATUS_LABEL,OBS_CONF,OBS_CONF_LABEL
datastructure,WB.DATA360:DS_DATA360(1.2),I,A,Annual,ALB,Albania,WB_GBIOD_N_SPP_SMALL50XENDEMIC100,Number of endemic species with small occurrence regions (50x50),_Z,Not applicable,_Z,Not applicable,_Z,Not applicable,COUNT,Count,_Z,Not Applicable,_Z,Not Applicable,_Z,Not Applicable,2024,31.0,_Z,Not Applicable,0,Zero,WB_GBIOD,Global Biodiversity Data,land-eez,0,Units,nan,,COUNT,Count (Integer),P1Y,Annual,,nan,,nan,
datastructure,WB.DATA360:DS_DATA360(1.2),I,A,Annual,DZA,Algeria,WB_GBIOD_N_SPP_SMALL50XENDEMIC100,Number of endemic species with small occurrence regions (50x50),_Z,Not applicable,_Z,Not applicable,_Z,Not applicable,COUNT,Count,_Z,Not Applicable,_Z,Not Applicable,_Z,Not Applicable,2024,47.0,_Z,Not Applicable,0,Zero,WB_GBIOD,Global Biodiversity Data,land-eez,0,Units,nan,,COUNT,Count (Integer),P1Y,Annual,,nan,,nan,
datastructure,WB.DATA360:DS_DATA360(1.2),I,A,Annual,ASM,American Samoa,WB_GBIOD_N_SPP_SMALL50XENDEMIC100,Number of endemic species with small occurrence regions (50x50),_Z,Not applicable,_Z,Not applicable,_Z,Not applicable,COUNT,Count,_Z,Not Applicable,_Z,Not Applicable,_Z,Not Applicable,2024,15.0,_Z,Not Applicable,0,Zero,WB_GBIOD,Global Biodiversity Data,land-eez,0,Units,nan,,COUNT,Count (Integer),P1Y,Annual,,nan,,nan,
datastructure,WB.DATA360:DS_DATA360(1.2),I,A,Annual,AGO,Angola,WB_GBIOD_N_SPP_SMALL50XENDEMIC100,Number of endemic species with small occurrence regions (50x50),_Z,Not applicable,_Z,Not applicable,_Z,Not applicable,COUNT,Count,_Z,Not Applicable,_Z,Not Applicable,_Z,Not Applicable,2024,89.0,_Z,Not Applicable,0,Zero,WB_GBIOD,Global Biodiversity Data,land-eez,0,Units,nan,,COUNT,Count (Integer),P1Y,Annual,,nan,,nan,
datastructure,WB.DATA360:DS_DATA360(1.2),I,A,Annual,AIA,Anguilla,WB_GBIOD_N_SPP_SMALL50XENDEMIC100,Number of endemic species with small occurrence regions (50x50),_Z,Not applicable,_Z,Not applicable,_Z,Not applicable,COUNT,Count,_Z,Not Applicable,_Z,Not Applicable,_Z,Not Applicable,2024,2.0,_Z,Not Applicable,0,Zero,WB_GBIOD,Global Biodiversity Data,land-eez,0,Units,nan,,COUNT,Count (Integer),P1Y,Annual,,nan,,nan,
datastructure,WB.DATA360:DS_DATA360(1.2),I,A,Annual,ATG,Antigua and Barbuda,WB_GBIOD_N_SPP_SMALL50XENDEMIC100,Number of endemic species with small occurrence regions (50x50),_Z,Not applicable,_Z,Not applicable,_Z,Not applicable,COUNT,Count,_Z,Not Applicable,_Z,Not Applicable,_Z,Not Applicable,2024,4.0,_Z,Not Applicable,0,Zero,WB_GBIOD,Global Biodiversity Data,land-eez,0,Units,nan,,COUNT,Count (Integer),P1Y,Annual,,nan,,nan,
datastructure,WB.DATA360:DS_DATA360(1.2),I,A,Annual,ARG,Argentina,WB_GBIOD_N_SPP_SMALL50XENDEMIC100,Number of endemic species with small occurrence regions (50x50),_Z,Not applicable,_Z,Not applicable,_Z,Not applicable,COUNT,Count,_Z,Not Applicable,_Z,Not Applicable,_Z,Not Applicable,2024,624.0,_Z,Not Applicable,0,Zero,WB_GBIOD,Global Biodiversity Data,land-eez,0,Units,nan,,COUNT,Count (Integer),P1Y,Annual,,nan,,nan,
datastructure,WB.DATA360:DS_DATA360(1.2),I,A,Annual,ABW,Aruba,WB_GBIOD_N_SPP_SMALL50XENDEMIC100,Number of endemic species with small occurrence regions (50x50),_Z,Not applicable,_Z,Not applicable,_Z,Not applicable,COUNT,Count,_Z,Not Applicable,_Z,Not Applicable,_Z,Not Applicable,2024,7.0,_Z,Not Applicable,0,Zero,WB_GBIOD,Global Biodiversity Data,land-eez,0,Units,nan,,COUNT,Count (Integer),P1Y,Annual,,nan,,nan,
datastructure,WB.DATA360:DS_DATA360(1.2),I,A,Annual,AUS,Australia,WB_GBIOD_N_SPP_SMALL50XENDEMIC100,Number of endemic species with small occurrence regions (50x50),_Z,Not applicable,_Z,Not applicable,_Z,Not applicable,COUNT,Count,_Z,Not Applicable,_Z,Not Applicable,_Z,Not Applicable,2024,11533.0,_Z,Not Applicable,0,Zero,WB_GBIOD,Global Biodiversity Data,land-eez,0,Units,nan,,COUNT,Count (Integer),P1Y,Annual,,nan,,nan,
datastructure,WB.DATA360:DS_DATA360(1.2),I,A,Annual,AZE,Azerbaijan,WB_GBIOD_N_SPP_SMALL50XENDEMIC100,Number of endemic species with small occurrence regions (50x50),_Z,Not applicable,_Z,Not applicable,_Z,Not applicable,COUNT,Count,_Z,Not Applicable,_Z,Not Applicable,_Z,Not Applicable,2024,8.0,_Z,Not Applicable,0,Zero,WB_GBIOD,Global Biodiversity Data,land-eez,0,Units,nan,,COUNT,Count (Integer),P1Y,Annual,,nan,,nan,
datastructure,WB.DATA360:DS_DATA360(1.2),I,A,Annual,BHS,"Bahamas, The",WB_GBIOD_N_SPP_SMALL50XENDEMIC100,Number of endemic species with small occurrence regions (50x50),_Z,Not applicable,_Z,Not applicable,_Z,Not applicable,COUNT,Count,_Z,Not Applicable,_Z,Not Applicable,_Z,Not Applicable,2024,128.0,_Z,Not Applicable,0,Zero,WB_GBIOD,Global Biodiversity Data,land-eez,0,Units,nan,,COUNT,Count (Integer),P1Y,Annual,,nan,,nan,
datastructure,WB.DATA360:DS_DATA360(1.2),I,A,Annual,BHR,Bahrain,WB_GBIOD_N_SPP_SMALL50XENDEMIC100,Number of endemic species with small occurrence regions (50x50),_Z,Not applicable,_Z,Not applicable,_Z,Not applicable,COUNT,Count,_Z,Not Applicable,_Z,Not Applicable,_Z,Not Applicable,2024,0.0,_Z,Not Applicable,0,Zero,WB_GBIOD,Global Biodiversity Data,land-eez,0,Units,nan,,COUNT,Count (Integer),P1Y,Annual,,nan,,nan,
datastructure,WB.DATA360:DS_DATA360(1.2),I,A,Annual,BGD,Bangladesh,WB_GBIOD_N_SPP_SMALL50XENDEMIC100,Number of endemic species with small occurrence regions (50x50),_Z,Not applicable,_Z,Not applicable,_Z,Not applicable,COUNT,Count,_Z,Not Applicable,_Z,Not Applicable,_Z,Not Applicable,2024,14.0,_Z,Not Applicable,0,Zero,WB_GBIOD,Global Biodiversity Data,land-eez,0,Units,nan,,COUNT,Count (Integer),P1Y,Annual,,nan,,nan,
datastructure,WB.DATA360:DS_DATA360(1.2),I,A,Annual,BRB,Barbados,WB_GBIOD_N_SPP_SMALL50XENDEMIC100,Number of endemic species with small occurrence regions (50x50),_Z,Not applicable,_Z,Not applicable,_Z,Not applicable,COUNT,Count,_Z,Not Applicable,_Z,Not Applicable,_Z,Not Applicable,2024,13.0,_Z,Not Applicable,0,Zero,WB_GBIOD,Global Biodiversity Data,land-eez,0,Units,nan,,COUNT,Count (Integer),P1Y,Annual,,nan,,nan,
datastructure,WB.DATA360:DS_DATA360(1.2),I,A,Annual,BEL,Belgium,WB_GBIOD_N_SPP_SMALL50XENDEMIC100,Number of endemic species with small occurrence regions (50x50),_Z,Not applicable,_Z,Not applicable,_Z,Not applicable,COUNT,Count,_Z,Not Applicable,_Z,Not Applicable,_Z,Not Applicable,2024,67.0,_Z,Not Applicable,0,Zero,WB_GBIOD,Global Biodiversity Data,land-eez,0,Units,nan,,COUNT,Count (Integer),P1Y,Annual,,nan,,nan,
datastructure,WB.DATA360:DS_DATA360(1.2),I,A,Annual,BLZ,Belize,WB_GBIOD_N_SPP_SMALL50XENDEMIC100,Number of endemic species with small occurrence regions (50x50),_Z,Not applicable,_Z,Not applicable,_Z,Not applicable,COUNT,Count,_Z,Not Applicable,_Z,Not Applicable,_Z,Not Applicable,2024,106.0,_Z,Not Applicable,0,Zero,WB_GBIOD,Global Biodiversity Data,land-eez,0,Units,nan,,COUNT,Count (Integer),P1Y,Annual,,nan,,nan,
datastructure,WB.DATA360:DS_DATA360(1.2),I,A,Annual,BEN,Benin,WB_GBIOD_N_SPP_SMALL50XENDEMIC100,Number of endemic species with small occurrence regions (50x50),_Z,Not applicable,_Z,Not applicable,_Z,Not applicable,COUNT,Count,_Z,Not Applicable,_Z,Not Applicable,_Z,Not Applicable,2024,70.0,_Z,Not Applicable,0,Zero,WB_GBIOD,Global Biodiversity Data,land-eez,0,Units,nan,,COUNT,Count (Integer),P1Y,Annual,,nan,,nan,
datastructure,WB.DATA360:DS_DATA360(1.2),I,A,Annual,BMU,Bermuda,WB_GBIOD_N_SPP_SMALL50XENDEMIC100,Number of endemic species with small occurrence regions (50x50),_Z,Not applicable,_Z,Not applicable,_Z,Not applicable,COUNT,Count,_Z,Not Applicable,_Z,Not Applicable,_Z,Not Applicable,2024,75.0,_Z,Not Applicable,0,Zero,WB_GBIOD,Global Biodiversity Data,land-eez,0,Units,nan,,COUNT,Count (Integer),P1Y,Annual,,nan,,nan,
datastructure,WB.DATA360:DS_DATA360(1.2),I,A,Annual,BES,Bonaire (Neth.),WB_GBIOD_N_SPP_SMALL50XENDEMIC100,Number of endemic species with small occurrence regions (50x50),_Z,Not applicable,_Z,Not applicable,_Z,Not applicable,COUNT,Count,_Z,Not Applicable,_Z,Not Applicable,_Z,Not Applicable,2024,30.0,_Z,Not Applicable,0,Zero,WB_GBIOD,Global Biodiversity Data,land-eez,0,Units,nan,,COUNT,Count (Integer),P1Y,Annual,,nan,,nan,
datastructure,WB.DATA360:DS_DATA360(1.2),I,A,Annual,BRA,Brazil,WB_GBIOD_N_SPP_SMALL50XENDEMIC100,Number of endemic species with small occurrence regions (50x50),_Z,Not applicable,_Z,Not applicable,_Z,Not applicable,COUNT,Count,_Z,Not Applicable,_Z,Not Applicable,_Z,Not Applicable,2024,5194.0,_Z,Not Applicable,0,Zero,WB_GBIOD,Global Biodiversity Data,land-eez,0,Units,nan,,COUNT,Count (Integer),P1Y,Annual,,nan,,nan,
datastructure,WB.DATA360:DS_DATA360(1.2),I,A,Annual,VGB,British Virgin Islands,WB_GBIOD_N_SPP_SMALL50XENDEMIC100,Number of endemic species with small occurrence regions (50x50),_Z,Not applicable,_Z,Not applicable,_Z,Not applicable,COUNT,Count,_Z,Not Applicable,_Z,Not Applicable,_Z,Not Applicable,2024,12.0,_Z,Not Applicable,0,Zero,WB_GBIOD,Global Biodiversity Data,land-eez,0,Units,nan,,COUNT,Count (Integer),P1Y,Annual,,nan,,nan,
datastructure,WB.DATA360:DS_DATA360(1.2),I,A,Annual,BRN,Brunei Darussalam,WB_GBIOD_N_SPP_SMALL50XENDEMIC100,Number of endemic species with small occurrence regions (50x50),_Z,Not applicable,_Z,Not applicable,_Z,Not applicable,COUNT,Count,_Z,Not Applicable,_Z,Not Applicable,_Z,Not Applicable,2024,27.0,_Z,Not Applicable,0,Zero,WB_GBIOD,Global Biodiversity Data,land-eez,0,Units,nan,,COUNT,Count (Integer),P1Y,Annual,,nan,,nan,
datastructure,WB.DATA360:DS_DATA360(1.2),I,A,Annual,BGR,Bulgaria,WB_GBIOD_N_SPP_SMALL50XENDEMIC100,Number of endemic species with small occurrence regions (50x50),_Z,Not applicable,_Z,Not applicable,_Z,Not applicable,COUNT,Count,_Z,Not Applicable,_Z,Not Applicable,_Z,Not Applicable,2024,49.0,_Z,Not Applicable,0,Zero,WB_GBIOD,Global Biodiversity Data,land-eez,0,Units,nan,,COUNT,Count (Integer),P1Y,Annual,,nan,,nan,
datastructure,WB.DATA360:DS_DATA360(1.2),I,A,Annual,CPV,Cabo Verde,WB_GBIOD_N_SPP_SMALL50XENDEMIC100,Number of endemic species with small occurrence regions (50x50),_Z,Not applicable,_Z,Not applicable,_Z,Not applicable,COUNT,Count,_Z,Not Applicable,_Z,Not Applicable,_Z,Not Applicable,2024,117.0,_Z,Not Applicable,0,Zero,WB_GBIOD,Global Biodiversity Data,land-eez,0,Units,nan,,COUNT,Count (Integer),P1Y,Annual,,nan,,nan,
datastructure,WB.DATA360:DS_DATA360(1.2),I,A,Annual,KHM,Cambodia,WB_GBIOD_N_SPP_SMALL50XENDEMIC100,Number of endemic species with small occurrence regions (50x50),_Z,Not applicable,_Z,Not applicable,_Z,Not applicable,COUNT,Count,_Z,Not Applicable,_Z,Not Applicable,_Z,Not Applicable,2024,46.0,_Z,Not Applicable,0,Zero,WB_GBIOD,Global Biodiversity Data,land-eez,0,Units,nan,,COUNT,Count (Integer),P1Y,Annual,,nan,,nan,
datastructure,WB.DATA360:DS_DATA360(1.2),I,A,Annual,CMR,Cameroon,WB_GBIOD_N_SPP_SMALL50XENDEMIC100,Number of endemic species with small occurrence regions (50x50),_Z,Not applicable,_Z,Not applicable,_Z,Not applicable,COUNT,Count,_Z,Not Applicable,_Z,Not Applicable,_Z,Not Applicable,2024,355.0,_Z,Not Applicable,0,Zero,WB_GBIOD,Global Biodiversity Data,land-eez,0,Units,nan,,COUNT,Count (Integer),P1Y,Annual,,nan,,nan,
datastructure,WB.DATA360:DS_DATA360(1.2),I,A,Annual,CAN,Canada,WB_GBIOD_N_SPP_SMALL50XENDEMIC100,Number of endemic species with small occurrence regions (50x50),_Z,Not applicable,_Z,Not applicable,_Z,Not applicable,COUNT,Count,_Z,Not Applicable,_Z,Not Applicable,_Z,Not Applicable,2024,1452.0,_Z,Not Applicable,0,Zero,WB_GBIOD,Global Biodiversity Data,land-eez,0,Units,nan,,COUNT,Count (Integer),P1Y,Annual,,nan,,nan,
datastructure,WB.DATA360:DS_DATA360(1.2),I,A,Annual,CYM,Cayman Islands,WB_GBIOD_N_SPP_SMALL50XENDEMIC100,Number of endemic species with small occurrence regions (50x50),_Z,Not applicable,_Z,Not applicable,_Z,Not applicable,COUNT,Count,_Z,Not Applicable,_Z,Not Applicable,_Z,Not Applicable,2024,42.0,_Z,Not Applicable,0,Zero,WB_GBIOD,Global Biodiversity Data,land-eez,0,Units,nan,,COUNT,Count (Integer),P1Y,Annual,,nan,,nan,
datastructure,WB.DATA360:DS_DATA360(1.2),I,A,Annual,GGY,Guernsey,WB_GBIOD_N_SPP_SMALL50XENDEMIC100,Number of endemic species with small occurrence regions (50x50),_Z,Not applicable,_Z,Not applicable,_Z,Not applicable,COUNT,Count,_Z,Not Applicable,_Z,Not Applicable,_Z,Not Applicable,2024,0.0,_Z,Not Applicable,0,Zero,WB_GBIOD,Global Biodiversity Data,land-eez,0,Units,nan,,COUNT,Count (Integer),P1Y,Annual,,nan,,nan,
datastructure,WB.DATA360:DS_DATA360(1.2),I,A,Annual,JEY,Jersey,WB_GBIOD_N_SPP_SMALL50XENDEMIC100,Number of endemic species with small occurrence regions (50x50),_Z,Not applicable,_Z,Not applicable,_Z,Not applicable,COUNT,Count,_Z,Not Applicable,_Z,Not Applicable,_Z,Not Applicable,2024,0.0,_Z,Not Applicable,0,Zero,WB_GBIOD,Global Biodiversity Data,land-eez,0,Units,nan,,COUNT,Count (Integer),P1Y,Annual,,nan,,nan,
datastructure,WB.DATA360:DS_DATA360(1.2),I,A,Annual,CHL,Chile,WB_GBIOD_N_SPP_SMALL50XENDEMIC100,Number of endemic species with small occurrence regions (50x50),_Z,Not applicable,_Z,Not applicable,_Z,Not applicable,COUNT,Count,_Z,Not Applicable,_Z,Not Applicable,_Z,Not Applicable,2024,951.0,_Z,Not Applicable,0,Zero,WB_GBIOD,Global Biodiversity Data,land-eez,0,Units,nan,,COUNT,Count (Integer),P1Y,Annual,,nan,,nan,
datastructure,WB.DATA360:DS_DATA360(1.2),I,A,Annual,CHN,China,WB_GBIOD_N_SPP_SMALL50XENDEMIC100,Number of endemic species with small occurrence regions (50x50),_Z,Not applicable,_Z,Not applicable,_Z,Not applicable,COUNT,Count,_Z,Not Applicable,_Z,Not Applicable,_Z,Not Applicable,2024,2536.0,_Z,Not Applicable,0,Zero,WB_GBIOD,Global Biodiversity Data,land-eez,0,Units,nan,,COUNT,Count (Integer),P1Y,Annual,,nan,,nan,
datastructure,WB.DATA360:DS_DATA360(1.2),I,A,Annual,CXR,Christmas Island,WB_GBIOD_N_SPP_SMALL50XENDEMIC100,Number of endemic species with small occurrence regions (50x50),_Z,Not applicable,_Z,Not applicable,_Z,Not applicable,COUNT,Count,_Z,Not Applicable,_Z,Not Applicable,_Z,Not Applicable,2024,40.0,_Z,Not Applicable,0,Zero,WB_GBIOD,Global Biodiversity Data,land-eez,0,Units,nan,,COUNT,Count (Integer),P1Y,Annual,,nan,,nan,
datastructure,WB.DATA360:DS_DATA360(1.2),I,A,Annual,CCK,Cocos (Keeling) Islands (Aus.),WB_GBIOD_N_SPP_SMALL50XENDEMIC100,Number of endemic species with small occurrence regions (50x50),_Z,Not applicable,_Z,Not applicable,_Z,Not applicable,COUNT,Count,_Z,Not Applicable,_Z,Not Applicable,_Z,Not Applicable,2024,9.0,_Z,Not Applicable,0,Zero,WB_GBIOD,Global Biodiversity Data,land-eez,0,Units,nan,,COUNT,Count (Integer),P1Y,Annual,,nan,,nan,
datastructure,WB.DATA360:DS_DATA360(1.2),I,A,Annual,COL,Colombia,WB_GBIOD_N_SPP_SMALL50XENDEMIC100,Number of endemic species with small occurrence regions (50x50),_Z,Not applicable,_Z,Not applicable,_Z,Not applicable,COUNT,Count,_Z,Not Applicable,_Z,Not Applicable,_Z,Not Applicable,2024,2436.0,_Z,Not Applicable,0,Zero,WB_GBIOD,Global Biodiversity Data,land-eez,0,Units,nan,,COUNT,Count (Integer),P1Y,Annual,,nan,,nan,
datastructure,WB.DATA360:DS_DATA360(1.2),I,A,Annual,COM,Comoros,WB_GBIOD_N_SPP_SMALL50XENDEMIC100,Number of endemic species with small occurrence regions (50x50),_Z,Not applicable,_Z,Not applicable,_Z,Not applicable,COUNT,Count,_Z,Not Applicable,_Z,Not Applicable,_Z,Not Applicable,2024,47.0,_Z,Not Applicable,0,Zero,WB_GBIOD,Global Biodiversity Data,land-eez,0,Units,nan,,COUNT,Count (Integer),P1Y,Annual,,nan,,nan,
datastructure,WB.DATA360:DS_DATA360(1.2),I,A,Annual,COD,"Congo, Dem. Rep.",WB_GBIOD_N_SPP_SMALL50XENDEMIC100,Number of endemic species with small occurrence regions (50x50),_Z,Not applicable,_Z,Not applicable,_Z,Not applicable,COUNT,Count,_Z,Not Applicable,_Z,Not Applicable,_Z,Not Applicable,2024,266.0,_Z,Not Applicable,0,Zero,WB_GBIOD,Global Biodiversity Data,land-eez,0,Units,nan,,COUNT,Count (Integer),P1Y,Annual,,nan,,nan,
datastructure,WB.DATA360:DS_DATA360(1.2),I,A,Annual,COG,"Congo, Rep.",WB_GBIOD_N_SPP_SMALL50XENDEMIC100,Number of endemic species with small occurrence regions (50x50),_Z,Not applicable,_Z,Not applicable,_Z,Not applicable,COUNT,Count,_Z,Not Applicable,_Z,Not Applicable,_Z,Not Applicable,2024,46.0,_Z,Not Applicable,0,Zero,WB_GBIOD,Global Biodiversity Data,land-eez,0,Units,nan,,COUNT,Count (Integer),P1Y,Annual,,nan,,nan,
datastructure,WB.DATA360:DS_DATA360(1.2),I,A,Annual,COK,Cook Islands,WB_GBIOD_N_SPP_SMALL50XENDEMIC100,Number of endemic species with small occurrence regions (50x50),_Z,Not applicable,_Z,Not applicable,_Z,Not applicable,COUNT,Count,_Z,Not Applicable,_Z,Not Applicable,_Z,Not Applicable,2024,23.0,_Z,Not Applicable,0,Zero,WB_GBIOD,Global Biodiversity Data,land-eez,0,Units,nan,,COUNT,Count (Integer),P1Y,Annual,,nan,,nan,
datastructure,WB.DATA360:DS_DATA360(1.2),I,A,Annual,CRI,Costa Rica,WB_GBIOD_N_SPP_SMALL50XENDEMIC100,Number of endemic species with small occurrence regions (50x50),_Z,Not applicable,_Z,Not applicable,_Z,Not applicable,COUNT,Count,_Z,Not Applicable,_Z,Not Applicable,_Z,Not Applicable,2024,3621.0,_Z,Not Applicable,0,Zero,WB_GBIOD,Global Biodiversity Data,land-eez,0,Units,nan,,COUNT,Count (Integer),P1Y,Annual,,nan,,nan,
datastructure,WB.DATA360:DS_DATA360(1.2),I,A,Annual,CIV,Cote d'Ivoire,WB_GBIOD_N_SPP_SMALL50XENDEMIC100,Number of endemic species with small occurrence regions (50x50),_Z,Not applicable,_Z,Not applicable,_Z,Not applicable,COUNT,Count,_Z,Not Applicable,_Z,Not Applicable,_Z,Not Applicable,2024,58.0,_Z,Not Applicable,0,Zero,WB_GBIOD,Global Biodiversity Data,land-eez,0,Units,nan,,COUNT,Count (Integer),P1Y,Annual,,nan,,nan,
datastructure,WB.DATA360:DS_DATA360(1.2),I,A,Annual,HRV,Croatia,WB_GBIOD_N_SPP_SMALL50XENDEMIC100,Number of endemic species with small occurrence regions (50x50),_Z,Not applicable,_Z,Not applicable,_Z,Not applicable,COUNT,Count,_Z,Not Applicable,_Z,Not Applicable,_Z,Not Applicable,2024,67.0,_Z,Not Applicable,0,Zero,WB_GBIOD,Global Biodiversity Data,land-eez,0,Units,nan,,COUNT,Count (Integer),P1Y,Annual,,nan,,nan,
datastructure,WB.DATA360:DS_DATA360(1.2),I,A,Annual,CUB,Cuba,WB_GBIOD_N_SPP_SMALL50XENDEMIC100,Number of endemic species with small occurrence regions (50x50),_Z,Not applicable,_Z,Not applicable,_Z,Not applicable,COUNT,Count,_Z,Not Applicable,_Z,Not Applicable,_Z,Not Applicable,2024,860.0,_Z,Not Applicable,0,Zero,WB_GBIOD,Global Biodiversity Data,land-eez,0,Units,nan,,COUNT,Count (Integer),P1Y,Annual,,nan,,nan,
datastructure,WB.DATA360:DS_DATA360(1.2),I,A,Annual,CUW,Curacao,WB_GBIOD_N_SPP_SMALL50XENDEMIC100,Number of endemic species with small occurrence regions (50x50),_Z,Not applicable,_Z,Not applicable,_Z,Not applicable,COUNT,Count,_Z,Not Applicable,_Z,Not Applicable,_Z,Not Applicable,2024,23.0,_Z,Not Applicable,0,Zero,WB_GBIOD,Global Biodiversity Data,land-eez,0,Units,nan,,COUNT,Count (Integer),P1Y,Annual,,nan,,nan,
datastructure,WB.DATA360:DS_DATA360(1.2),I,A,Annual,CYP,Cyprus,WB_GBIOD_N_SPP_SMALL50XENDEMIC100,Number of endemic species with small occurrence regions (50x50),_Z,Not applicable,_Z,Not applicable,_Z,Not applicable,COUNT,Count,_Z,Not Applicable,_Z,Not Applicable,_Z,Not Applicable,2024,76.0,_Z,Not Applicable,0,Zero,WB_GBIOD,Global Biodiversity Data,land-eez,0,Units,nan,,COUNT,Count (Integer),P1Y,Annual,,nan,,nan,
datastructure,WB.DATA360:DS_DATA360(1.2),I,A,Annual,DNK,Denmark,WB_GBIOD_N_SPP_SMALL50XENDEMIC100,Number of endemic species with small occurrence regions (50x50),_Z,Not applicable,_Z,Not applicable,_Z,Not applicable,COUNT,Count,_Z,Not Applicable,_Z,Not Applicable,_Z,Not Applicable,2024,90.0,_Z,Not Applicable,0,Zero,WB_GBIOD,Global Biodiversity Data,land-eez,0,Units,nan,,COUNT,Count (Integer),P1Y,Annual,,nan,,nan,
datastructure,WB.DATA360:DS_DATA360(1.2),I,A,Annual,DJI,Djibouti,WB_GBIOD_N_SPP_SMALL50XENDEMIC100,Number of endemic species with small occurrence regions (50x50),_Z,Not applicable,_Z,Not applicable,_Z,Not applicable,COUNT,Count,_Z,Not Applicable,_Z,Not Applicable,_Z,Not Applicable,2024,5.0,_Z,Not Applicable,0,Zero,WB_GBIOD,Global Biodiversity Data,land-eez,0,Units,nan,,COUNT,Count (Integer),P1Y,Annual,,nan,,nan,
datastructure,WB.DATA360:DS_DATA360(1.2),I,A,Annual,DMA,Dominica,WB_GBIOD_N_SPP_SMALL50XENDEMIC100,Number of endemic species with small occurrence regions (50x50),_Z,Not applicable,_Z,Not applicable,_Z,Not applicable,COUNT,Count,_Z,Not Applicable,_Z,Not Applicable,_Z,Not Applicable,2024,33.0,_Z,Not Applicable,0,Zero,WB_GBIOD,Global Biodiversity Data,land-eez,0,Units,nan,,COUNT,Count (Integer),P1Y,Annual,,nan,,nan,
datastructure,WB.DATA360:DS_DATA360(1.2),I,A,Annual,DOM,Dominican Republic,WB_GBIOD_N_SPP_SMALL50XENDEMIC100,Number of endemic species with small occurrence regions (50x50),_Z,Not applicable,_Z,Not applicable,_Z,Not applicable,COUNT,Count,_Z,Not Applicable,_Z,Not Applicable,_Z,Not Applicable,2024,408.0,_Z,Not Applicable,0,Zero,WB_GBIOD,Global Biodiversity Data,land-eez,0,Units,nan,,COUNT,Count (Integer),P1Y,Annual,,nan,,nan,
datastructure,WB.DATA360:DS_DATA360(1.2),I,A,Annual,ECU,Ecuador,WB_GBIOD_N_SPP_SMALL50XENDEMIC100,Number of endemic species with small occurrence regions (50x50),_Z,Not applicable,_Z,Not applicable,_Z,Not applicable,COUNT,Count,_Z,Not Applicable,_Z,Not Applicable,_Z,Not Applicable,2024,1822.0,_Z,Not Applicable,0,Zero,WB_GBIOD,Global Biodiversity Data,land-eez,0,Units,nan,,COUNT,Count (Integer),P1Y,Annual,,nan,,nan,
datastructure,WB.DATA360:DS_DATA360(1.2),I,A,Annual,EGY,"Egypt, Arab Rep.",WB_GBIOD_N_SPP_SMALL50XENDEMIC100,Number of endemic species with small occurrence regions (50x50),_Z,Not applicable,_Z,Not applicable,_Z,Not applicable,COUNT,Count,_Z,Not Applicable,_Z,Not Applicable,_Z,Not Applicable,2024,38.0,_Z,Not Applicable,0,Zero,WB_GBIOD,Global Biodiversity Data,land-eez,0,Units,nan,,COUNT,Count (Integer),P1Y,Annual,,nan,,nan,
datastructure,WB.DATA360:DS_DATA360(1.2),I,A,Annual,SLV,El Salvador,WB_GBIOD_N_SPP_SMALL50XENDEMIC100,Number of endemic species with small occurrence regions (50x50),_Z,Not applicable,_Z,Not applicable,_Z,Not applicable,COUNT,Count,_Z,Not Applicable,_Z,Not Applicable,_Z,Not Applicable,2024,23.0,_Z,Not Applicable,0,Zero,WB_GBIOD,Global Biodiversity Data,land-eez,0,Units,nan,,COUNT,Count (Integer),P1Y,Annual,,nan,,nan,
datastructure,WB.DATA360:DS_DATA360(1.2),I,A,Annual,GNQ,Equatorial Guinea,WB_GBIOD_N_SPP_SMALL50XENDEMIC100,Number of endemic species with small occurrence regions (50x50),_Z,Not applicable,_Z,Not applicable,_Z,Not applicable,COUNT,Count,_Z,Not Applicable,_Z,Not Applicable,_Z,Not Applicable,2024,17.0,_Z,Not Applicable,0,Zero,WB_GBIOD,Global Biodiversity Data,land-eez,0,Units,nan,,COUNT,Count (Integer),P1Y,Annual,,nan,,nan,
datastructure,WB.DATA360:DS_DATA360(1.2),I,A,Annual,ERI,Eritrea,WB_GBIOD_N_SPP_SMALL50XENDEMIC100,Number of endemic species with small occurrence regions (50x50),_Z,Not applicable,_Z,Not applicable,_Z,Not applicable,COUNT,Count,_Z,Not Applicable,_Z,Not Applicable,_Z,Not Applicable,2024,0.0,_Z,Not Applicable,0,Zero,WB_GBIOD,Global Biodiversity Data,land-eez,0,Units,nan,,COUNT,Count (Integer),P1Y,Annual,,nan,,nan,
datastructure,WB.DATA360:DS_DATA360(1.2),I,A,Annual,EST,Estonia,WB_GBIOD_N_SPP_SMALL50XENDEMIC100,Number of endemic species with small occurrence regions (50x50),_Z,Not applicable,_Z,Not applicable,_Z,Not applicable,COUNT,Count,_Z,Not Applicable,_Z,Not Applicable,_Z,Not Applicable,2024,61.0,_Z,Not Applicable,0,Zero,WB_GBIOD,Global Biodiversity Data,land-eez,0,Units,nan,,COUNT,Count (Integer),P1Y,Annual,,nan,,nan,
datastructure,WB.DATA360:DS_DATA360(1.2),I,A,Annual,FRO,Faroe Islands,WB_GBIOD_N_SPP_SMALL50XENDEMIC100,Number of endemic species with small occurrence regions (50x50),_Z,Not applicable,_Z,Not applicable,_Z,Not applicable,COUNT,Count,_Z,Not Applicable,_Z,Not Applicable,_Z,Not Applicable,2024,18.0,_Z,Not Applicable,0,Zero,WB_GBIOD,Global Biodiversity Data,land-eez,0,Units,nan,,COUNT,Count (Integer),P1Y,Annual,,nan,,nan,
datastructure,WB.DATA360:DS_DATA360(1.2),I,A,Annual,FJI,Fiji,WB_GBIOD_N_SPP_SMALL50XENDEMIC100,Number of endemic species with small occurrence regions (50x50),_Z,Not applicable,_Z,Not applicable,_Z,Not applicable,COUNT,Count,_Z,Not Applicable,_Z,Not Applicable,_Z,Not Applicable,2024,278.0,_Z,Not Applicable,0,Zero,WB_GBIOD,Global Biodiversity Data,land-eez,0,Units,nan,,COUNT,Count (Integer),P1Y,Annual,,nan,,nan,
datastructure,WB.DATA360:DS_DATA360(1.2),I,A,Annual,FIN,Finland,WB_GBIOD_N_SPP_SMALL50XENDEMIC100,Number of endemic species with small occurrence regions (50x50),_Z,Not applicable,_Z,Not applicable,_Z,Not applicable,COUNT,Count,_Z,Not Applicable,_Z,Not Applicable,_Z,Not Applicable,2024,276.0,_Z,Not Applicable,0,Zero,WB_GBIOD,Global Biodiversity Data,land-eez,0,Units,nan,,COUNT,Count (Integer),P1Y,Annual,,nan,,nan,
datastructure,WB.DATA360:DS_DATA360(1.2),I,A,Annual,FRA,France,WB_GBIOD_N_SPP_SMALL50XENDEMIC100,Number of endemic species with small occurrence regions (50x50),_Z,Not applicable,_Z,Not applicable,_Z,Not applicable,COUNT,Count,_Z,Not Applicable,_Z,Not Applicable,_Z,Not Applicable,2024,3500.0,_Z,Not Applicable,0,Zero,WB_GBIOD,Global Biodiversity Data,land-eez,0,Units,nan,,COUNT,Count (Integer),P1Y,Annual,,nan,,nan,
datastructure,WB.DATA360:DS_DATA360(1.2),I,A,Annual,PYF,French Polynesia,WB_GBIOD_N_SPP_SMALL50XENDEMIC100,Number of endemic species with small occurrence regions (50x50),_Z,Not applicable,_Z,Not applicable,_Z,Not applicable,COUNT,Count,_Z,Not Applicable,_Z,Not Applicable,_Z,Not Applicable,2024,634.0,_Z,Not Applicable,0,Zero,WB_GBIOD,Global Biodiversity Data,land-eez,0,Units,nan,,COUNT,Count (Integer),P1Y,Annual,,nan,,nan,
datastructure,WB.DATA360:DS_DATA360(1.2),I,A,Annual,GAB,Gabon,WB_GBIOD_N_SPP_SMALL50XENDEMIC100,Number of endemic species with small occurrence regions (50x50),_Z,Not applicable,_Z,Not applicable,_Z,Not applicable,COUNT,Count,_Z,Not Applicable,_Z,Not Applicable,_Z,Not Applicable,2024,200.0,_Z,Not Applicable,0,Zero,WB_GBIOD,Global Biodiversity Data,land-eez,0,Units,nan,,COUNT,Count (Integer),P1Y,Annual,,nan,,nan,
datastructure,WB.DATA360:DS_DATA360(1.2),I,A,Annual,GMB,"Gambia, The",WB_GBIOD_N_SPP_SMALL50XENDEMIC100,Number of endemic species with small occurrence regions (50x50),_Z,Not applicable,_Z,Not applicable,_Z,Not applicable,COUNT,Count,_Z,Not Applicable,_Z,Not Applicable,_Z,Not Applicable,2024,13.0,_Z,Not Applicable,0,Zero,WB_GBIOD,Global Biodiversity Data,land-eez,0,Units,nan,,COUNT,Count (Integer),P1Y,Annual,,nan,,nan,
datastructure,WB.DATA360:DS_DATA360(1.2),I,A,Annual,GEO,Georgia,WB_GBIOD_N_SPP_SMALL50XENDEMIC100,Number of endemic species with small occurrence regions (50x50),_Z,Not applicable,_Z,Not applicable,_Z,Not applicable,COUNT,Count,_Z,Not Applicable,_Z,Not Applicable,_Z,Not Applicable,2024,62.0,_Z,Not Applicable,0,Zero,WB_GBIOD,Global Biodiversity Data,land-eez,0,Units,nan,,COUNT,Count (Integer),P1Y,Annual,,nan,,nan,
datastructure,WB.DATA360:DS_DATA360(1.2),I,A,Annual,DEU,Germany,WB_GBIOD_N_SPP_SMALL50XENDEMIC100,Number of endemic species with small occurrence regions (50x50),_Z,Not applicable,_Z,Not applicable,_Z,Not applicable,COUNT,Count,_Z,Not Applicable,_Z,Not Applicable,_Z,Not Applicable,2024,300.0,_Z,Not Applicable,0,Zero,WB_GBIOD,Global Biodiversity Data,land-eez,0,Units,nan,,COUNT,Count (Integer),P1Y,Annual,,nan,,nan,
datastructure,WB.DATA360:DS_DATA360(1.2),I,A,Annual,GHA,Ghana,WB_GBIOD_N_SPP_SMALL50XENDEMIC100,Number of endemic species with small occurrence regions (50x50),_Z,Not applicable,_Z,Not applicable,_Z,Not applicable,COUNT,Count,_Z,Not Applicable,_Z,Not Applicable,_Z,Not Applicable,2024,57.0,_Z,Not Applicable,0,Zero,WB_GBIOD,Global Biodiversity Data,land-eez,0,Units,nan,,COUNT,Count (Integer),P1Y,Annual,,nan,,nan,
datastructure,WB.DATA360:DS_DATA360(1.2),I,A,Annual,GRC,Greece,WB_GBIOD_N_SPP_SMALL50XENDEMIC100,Number of endemic species with small occurrence regions (50x50),_Z,Not applicable,_Z,Not applicable,_Z,Not applicable,COUNT,Count,_Z,Not Applicable,_Z,Not Applicable,_Z,Not Applicable,2024,713.0,_Z,Not Applicable,0,Zero,WB_GBIOD,Global Biodiversity Data,land-eez,0,Units,nan,,COUNT,Count (Integer),P1Y,Annual,,nan,,nan,
datastructure,WB.DATA360:DS_DATA360(1.2),I,A,Annual,GRL,Greenland,WB_GBIOD_N_SPP_SMALL50XENDEMIC100,Number of endemic species with small occurrence regions (50x50),_Z,Not applicable,_Z,Not applicable,_Z,Not applicable,COUNT,Count,_Z,Not Applicable,_Z,Not Applicable,_Z,Not Applicable,2024,42.0,_Z,Not Applicable,0,Zero,WB_GBIOD,Global Biodiversity Data,land-eez,0,Units,nan,,COUNT,Count (Integer),P1Y,Annual,,nan,,nan,
datastructure,WB.DATA360:DS_DATA360(1.2),I,A,Annual,GRD,Grenada,WB_GBIOD_N_SPP_SMALL50XENDEMIC100,Number of endemic species with small occurrence regions (50x50),_Z,Not applicable,_Z,Not applicable,_Z,Not applicable,COUNT,Count,_Z,Not Applicable,_Z,Not Applicable,_Z,Not Applicable,2024,6.0,_Z,Not Applicable,0,Zero,WB_GBIOD,Global Biodiversity Data,land-eez,0,Units,nan,,COUNT,Count (Integer),P1Y,Annual,,nan,,nan,
datastructure,WB.DATA360:DS_DATA360(1.2),I,A,Annual,GUM,Guam,WB_GBIOD_N_SPP_SMALL50XENDEMIC100,Number of endemic species with small occurrence regions (50x50),_Z,Not applicable,_Z,Not applicable,_Z,Not applicable,COUNT,Count,_Z,Not Applicable,_Z,Not Applicable,_Z,Not Applicable,2024,70.0,_Z,Not Applicable,0,Zero,WB_GBIOD,Global Biodiversity Data,land-eez,0,Units,nan,,COUNT,Count (Integer),P1Y,Annual,,nan,,nan,
datastructure,WB.DATA360:DS_DATA360(1.2),I,A,Annual,GTM,Guatemala,WB_GBIOD_N_SPP_SMALL50XENDEMIC100,Number of endemic species with small occurrence regions (50x50),_Z,Not applicable,_Z,Not applicable,_Z,Not applicable,COUNT,Count,_Z,Not Applicable,_Z,Not Applicable,_Z,Not Applicable,2024,174.0,_Z,Not Applicable,0,Zero,WB_GBIOD,Global Biodiversity Data,land-eez,0,Units,nan,,COUNT,Count (Integer),P1Y,Annual,,nan,,nan,
datastructure,WB.DATA360:DS_DATA360(1.2),I,A,Annual,GIN,Guinea,WB_GBIOD_N_SPP_SMALL50XENDEMIC100,Number of endemic species with small occurrence regions (50x50),_Z,Not applicable,_Z,Not applicable,_Z,Not applicable,COUNT,Count,_Z,Not Applicable,_Z,Not Applicable,_Z,Not Applicable,2024,72.0,_Z,Not Applicable,0,Zero,WB_GBIOD,Global Biodiversity Data,land-eez,0,Units,nan,,COUNT,Count (Integer),P1Y,Annual,,nan,,nan,
datastructure,WB.DATA360:DS_DATA360(1.2),I,A,Annual,GNB,Guinea-Bissau,WB_GBIOD_N_SPP_SMALL50XENDEMIC100,Number of endemic species with small occurrence regions (50x50),_Z,Not applicable,_Z,Not applicable,_Z,Not applicable,COUNT,Count,_Z,Not Applicable,_Z,Not Applicable,_Z,Not Applicable,2024,6.0,_Z,Not Applicable,0,Zero,WB_GBIOD,Global Biodiversity Data,land-eez,0,Units,nan,,COUNT,Count (Integer),P1Y,Annual,,nan,,nan,
datastructure,WB.DATA360:DS_DATA360(1.2),I,A,Annual,GUY,Guyana,WB_GBIOD_N_SPP_SMALL50XENDEMIC100,Number of endemic species with small occurrence regions (50x50),_Z,Not applicable,_Z,Not applicable,_Z,Not applicable,COUNT,Count,_Z,Not Applicable,_Z,Not Applicable,_Z,Not Applicable,2024,205.0,_Z,Not Applicable,0,Zero,WB_GBIOD,Global Biodiversity Data,land-eez,0,Units,nan,,COUNT,Count (Integer),P1Y,Annual,,nan,,nan,
datastructure,WB.DATA360:DS_DATA360(1.2),I,A,Annual,HTI,Haiti,WB_GBIOD_N_SPP_SMALL50XENDEMIC100,Number of endemic species with small occurrence regions (50x50),_Z,Not applicable,_Z,Not applicable,_Z,Not applicable,COUNT,Count,_Z,Not Applicable,_Z,Not Applicable,_Z,Not Applicable,2024,62.0,_Z,Not Applicable,0,Zero,WB_GBIOD,Global Biodiversity Data,land-eez,0,Units,nan,,COUNT,Count (Integer),P1Y,Annual,,nan,,nan,
datastructure,WB.DATA360:DS_DATA360(1.2),I,A,Annual,HMD,Heard Island and McDonald Islands,WB_GBIOD_N_SPP_SMALL50XENDEMIC100,Number of endemic species with small occurrence regions (50x50),_Z,Not applicable,_Z,Not applicable,_Z,Not applicable,COUNT,Count,_Z,Not Applicable,_Z,Not Applicable,_Z,Not Applicable,2024,12.0,_Z,Not Applicable,0,Zero,WB_GBIOD,Global Biodiversity Data,land-eez,0,Units,nan,,COUNT,Count (Integer),P1Y,Annual,,nan,,nan,
datastructure,WB.DATA360:DS_DATA360(1.2),I,A,Annual,HND,Honduras,WB_GBIOD_N_SPP_SMALL50XENDEMIC100,Number of endemic species with small occurrence regions (50x50),_Z,Not applicable,_Z,Not applicable,_Z,Not applicable,COUNT,Count,_Z,Not Applicable,_Z,Not Applicable,_Z,Not Applicable,2024,164.0,_Z,Not Applicable,0,Zero,WB_GBIOD,Global Biodiversity Data,land-eez,0,Units,nan,,COUNT,Count (Integer),P1Y,Annual,,nan,,nan,
datastructure,WB.DATA360:DS_DATA360(1.2),I,A,Annual,ISL,Iceland,WB_GBIOD_N_SPP_SMALL50XENDEMIC100,Number of endemic species with small occurrence regions (50x50),_Z,Not applicable,_Z,Not applicable,_Z,Not applicable,COUNT,Count,_Z,Not Applicable,_Z,Not Applicable,_Z,Not Applicable,2024,18.0,_Z,Not Applicable,0,Zero,WB_GBIOD,Global Biodiversity Data,land-eez,0,Units,nan,,COUNT,Count (Integer),P1Y,Annual,,nan,,nan,
datastructure,WB.DATA360:DS_DATA360(1.2),I,A,Annual,IND,India,WB_GBIOD_N_SPP_SMALL50XENDEMIC100,Number of endemic species with small occurrence regions (50x50),_Z,Not applicable,_Z,Not applicable,_Z,Not applicable,COUNT,Count,_Z,Not Applicable,_Z,Not Applicable,_Z,Not Applicable,2024,966.0,_Z,Not Applicable,0,Zero,WB_GBIOD,Global Biodiversity Data,land-eez,0,Units,nan,,COUNT,Count (Integer),P1Y,Annual,,nan,,nan,
datastructure,WB.DATA360:DS_DATA360(1.2),I,A,Annual,IDN,Indonesia,WB_GBIOD_N_SPP_SMALL50XENDEMIC100,Number of endemic species with small occurrence regions (50x50),_Z,Not applicable,_Z,Not applicable,_Z,Not applicable,COUNT,Count,_Z,Not Applicable,_Z,Not Applicable,_Z,Not Applicable,2024,1366.0,_Z,Not Applicable,0,Zero,WB_GBIOD,Global Biodiversity Data,land-eez,0,Units,nan,,COUNT,Count (Integer),P1Y,Annual,,nan,,nan,
datastructure,WB.DATA360:DS_DATA360(1.2),I,A,Annual,IRN,"Iran, Islamic Rep.",WB_GBIOD_N_SPP_SMALL50XENDEMIC100,Number of endemic species with small occurrence regions (50x50),_Z,Not applicable,_Z,Not applicable,_Z,Not applicable,COUNT,Count,_Z,Not Applicable,_Z,Not Applicable,_Z,Not Applicable,2024,197.0,_Z,Not Applicable,0,Zero,WB_GBIOD,Global Biodiversity Data,land-eez,0,Units,nan,,COUNT,Count (Integer),P1Y,Annual,,nan,,nan,
datastructure,WB.DATA360:DS_DATA360(1.2),I,A,Annual,IRQ,Iraq,WB_GBIOD_N_SPP_SMALL50XENDEMIC100,Number of endemic species with small occurrence regions (50x50),_Z,Not applicable,_Z,Not applicable,_Z,Not applicable,COUNT,Count,_Z,Not Applicable,_Z,Not Applicable,_Z,Not Applicable,2024,12.0,_Z,Not Applicable,0,Zero,WB_GBIOD,Global Biodiversity Data,land-eez,0,Units,nan,,COUNT,Count (Integer),P1Y,Annual,,nan,,nan,
datastructure,WB.DATA360:DS_DATA360(1.2),I,A,Annual,IRL,Ireland,WB_GBIOD_N_SPP_SMALL50XENDEMIC100,Number of endemic species with small occurrence regions (50x50),_Z,Not applicable,_Z,Not applicable,_Z,Not applicable,COUNT,Count,_Z,Not Applicable,_Z,Not Applicable,_Z,Not Applicable,2024,35.0,_Z,Not Applicable,0,Zero,WB_GBIOD,Global Biodiversity Data,land-eez,0,Units,nan,,COUNT,Count (Integer),P1Y,Annual,,nan,,nan,
datastructure,WB.DATA360:DS_DATA360(1.2),I,A,Annual,ISR,Israel,WB_GBIOD_N_SPP_SMALL50XENDEMIC100,Number of endemic species with small occurrence regions (50x50),_Z,Not applicable,_Z,Not applicable,_Z,Not applicable,COUNT,Count,_Z,Not Applicable,_Z,Not Applicable,_Z,Not Applicable,2024,105.0,_Z,Not Applicable,0,Zero,WB_GBIOD,Global Biodiversity Data,land-eez,0,Units,nan,,COUNT,Count (Integer),P1Y,Annual,,nan,,nan,
datastructure,WB.DATA360:DS_DATA360(1.2),I,A,Annual,ITA,Italy,WB_GBIOD_N_SPP_SMALL50XENDEMIC100,Number of endemic species with small occurrence regions (50x50),_Z,Not applicable,_Z,Not applicable,_Z,Not applicable,COUNT,Count,_Z,Not Applicable,_Z,Not Applicable,_Z,Not Applicable,2024,633.0,_Z,Not Applicable,0,Zero,WB_GBIOD,Global Biodiversity Data,land-eez,0,Units,nan,,COUNT,Count (Integer),P1Y,Annual,,nan,,nan,
datastructure,WB.DATA360:DS_DATA360(1.2),I,A,Annual,JAM,Jamaica,WB_GBIOD_N_SPP_SMALL50XENDEMIC100,Number of endemic species with small occurrence regions (50x50),_Z,Not applicable,_Z,Not applicable,_Z,Not applicable,COUNT,Count,_Z,Not Applicable,_Z,Not Applicable,_Z,Not Applicable,2024,394.0,_Z,Not Applicable,0,Zero,WB_GBIOD,Global Biodiversity Data,land-eez,0,Units,nan,,COUNT,Count (Integer),P1Y,Annual,,nan,,nan,
datastructure,WB.DATA360:DS_DATA360(1.2),I,A,Annual,JPN,Japan,WB_GBIOD_N_SPP_SMALL50XENDEMIC100,Number of endemic species with small occurrence regions (50x50),_Z,Not applicable,_Z,Not applicable,_Z,Not applicable,COUNT,Count,_Z,Not Applicable,_Z,Not Applicable,_Z,Not Applicable,2024,2332.0,_Z,Not Applicable,0,Zero,WB_GBIOD,Global Biodiversity Data,land-eez,0,Units,nan,,COUNT,Count (Integer),P1Y,Annual,,nan,,nan,
datastructure,WB.DATA360:DS_DATA360(1.2),I,A,Annual,JOR,Jordan,WB_GBIOD_N_SPP_SMALL50XENDEMIC100,Number of endemic species with small occurrence regions (50x50),_Z,Not applicable,_Z,Not applicable,_Z,Not applicable,COUNT,Count,_Z,Not Applicable,_Z,Not Applicable,_Z,Not Applicable,2024,7.0,_Z,Not Applicable,0,Zero,WB_GBIOD,Global Biodiversity Data,land-eez,0,Units,nan,,COUNT,Count (Integer),P1Y,Annual,,nan,,nan,
datastructure,WB.DATA360:DS_DATA360(1.2),I,A,Annual,KAZ,Kazakhstan,WB_GBIOD_N_SPP_SMALL50XENDEMIC100,Number of endemic species with small occurrence regions (50x50),_Z,Not applicable,_Z,Not applicable,_Z,Not applicable,COUNT,Count,_Z,Not Applicable,_Z,Not Applicable,_Z,Not Applicable,2024,77.0,_Z,Not Applicable,0,Zero,WB_GBIOD,Global Biodiversity Data,land-eez,0,Units,nan,,COUNT,Count (Integer),P1Y,Annual,,nan,,nan,
datastructure,WB.DATA360:DS_DATA360(1.2),I,A,Annual,KEN,Kenya,WB_GBIOD_N_SPP_SMALL50XENDEMIC100,Number of endemic species with small occurrence regions (50x50),_Z,Not applicable,_Z,Not applicable,_Z,Not applicable,COUNT,Count,_Z,Not Applicable,_Z,Not Applicable,_Z,Not Applicable,2024,315.0,_Z,Not Applicable,0,Zero,WB_GBIOD,Global Biodiversity Data,land-eez,0,Units,nan,,COUNT,Count (Integer),P1Y,Annual,,nan,,nan,
datastructure,WB.DATA360:DS_DATA360(1.2),I,A,Annual,KIR,Kiribati,WB_GBIOD_N_SPP_SMALL50XENDEMIC100,Number of endemic species with small occurrence regions (50x50),_Z,Not applicable,_Z,Not applicable,_Z,Not applicable,COUNT,Count,_Z,Not Applicable,_Z,Not Applicable,_Z,Not Applicable,2024,9.0,_Z,Not Applicable,0,Zero,WB_GBIOD,Global Biodiversity Data,land-eez,0,Units,nan,,COUNT,Count (Integer),P1Y,Annual,,nan,,nan,
datastructure,WB.DATA360:DS_DATA360(1.2),I,A,Annual,PRK,"Korea, Dem. People's Rep.",WB_GBIOD_N_SPP_SMALL50XENDEMIC100,Number of endemic species with small occurrence regions (50x50),_Z,Not applicable,_Z,Not applicable,_Z,Not applicable,COUNT,Count,_Z,Not Applicable,_Z,Not Applicable,_Z,Not Applicable,2024,0.0,_Z,Not Applicable,0,Zero,WB_GBIOD,Global Biodiversity Data,land-eez,0,Units,nan,,COUNT,Count (Integer),P1Y,Annual,,nan,,nan,
datastructure,WB.DATA360:DS_DATA360(1.2),I,A,Annual,KOR,"Korea, Rep.",WB_GBIOD_N_SPP_SMALL50XENDEMIC100,Number of endemic species with small occurrence regions (50x50),_Z,Not applicable,_Z,Not applicable,_Z,Not applicable,COUNT,Count,_Z,Not Applicable,_Z,Not Applicable,_Z,Not Applicable,2024,379.0,_Z,Not Applicable,0,Zero,WB_GBIOD,Global Biodiversity Data,land-eez,0,Units,nan,,COUNT,Count (Integer),P1Y,Annual,,nan,,nan,
datastructure,WB.DATA360:DS_DATA360(1.2),I,A,Annual,KWT,Kuwait,WB_GBIOD_N_SPP_SMALL50XENDEMIC100,Number of endemic species with small occurrence regions (50x50),_Z,Not applicable,_Z,Not applicable,_Z,Not applicable,COUNT,Count,_Z,Not Applicable,_Z,Not Applicable,_Z,Not Applicable,2024,9.0,_Z,Not Applicable,0,Zero,WB_GBIOD,Global Biodiversity Data,land-eez,0,Units,nan,,COUNT,Count (Integer),P1Y,Annual,,nan,,nan,
datastructure,WB.DATA360:DS_DATA360(1.2),I,A,Annual,LVA,Latvia,WB_GBIOD_N_SPP_SMALL50XENDEMIC100,Number of endemic species with small occurrence regions (50x50),_Z,Not applicable,_Z,Not applicable,_Z,Not applicable,COUNT,Count,_Z,Not Applicable,_Z,Not Applicable,_Z,Not Applicable,2024,15.0,_Z,Not Applicable,0,Zero,WB_GBIOD,Global Biodiversity Data,land-eez,0,Units,nan,,COUNT,Count (Integer),P1Y,Annual,,nan,,nan,
datastructure,WB.DATA360:DS_DATA360(1.2),I,A,Annual,LBN,Lebanon,WB_GBIOD_N_SPP_SMALL50XENDEMIC100,Number of endemic species with small occurrence regions (50x50),_Z,Not applicable,_Z,Not applicable,_Z,Not applicable,COUNT,Count,_Z,Not Applicable,_Z,Not Applicable,_Z,Not Applicable,2024,24.0,_Z,Not Applicable,0,Zero,WB_GBIOD,Global Biodiversity Data,land-eez,0,Units,nan,,COUNT,Count (Integer),P1Y,Annual,,nan,,nan,
datastructure,WB.DATA360:DS_DATA360(1.2),I,A,Annual,LBR,Liberia,WB_GBIOD_N_SPP_SMALL50XENDEMIC100,Number of endemic species with small occurrence regions (50x50),_Z,Not applicable,_Z,Not applicable,_Z,Not applicable,COUNT,Count,_Z,Not Applicable,_Z,Not Applicable,_Z,Not Applicable,2024,33.0,_Z,Not Applicable,0,Zero,WB_GBIOD,Global Biodiversity Data,land-eez,0,Units,nan,,COUNT,Count (Integer),P1Y,Annual,,nan,,nan,
datastructure,WB.DATA360:DS_DATA360(1.2),I,A,Annual,LBY,Libya,WB_GBIOD_N_SPP_SMALL50XENDEMIC100,Number of endemic species with small occurrence regions (50x50),_Z,Not applicable,_Z,Not applicable,_Z,Not applicable,COUNT,Count,_Z,Not Applicable,_Z,Not Applicable,_Z,Not Applicable,2024,1.0,_Z,Not Applicable,0,Zero,WB_GBIOD,Global Biodiversity Data,land-eez,0,Units,nan,,COUNT,Count (Integer),P1Y,Annual,,nan,,nan,
datastructure,WB.DATA360:DS_DATA360(1.2),I,A,Annual,LTU,Lithuania,WB_GBIOD_N_SPP_SMALL50XENDEMIC100,Number of endemic species with small occurrence regions (50x50),_Z,Not applicable,_Z,Not applicable,_Z,Not applicable,COUNT,Count,_Z,Not Applicable,_Z,Not Applicable,_Z,Not Applicable,2024,4.0,_Z,Not Applicable,0,Zero,WB_GBIOD,Global Biodiversity Data,land-eez,0,Units,nan,,COUNT,Count (Integer),P1Y,Annual,,nan,,nan,
datastructure,WB.DATA360:DS_DATA360(1.2),I,A,Annual,MDG,Madagascar,WB_GBIOD_N_SPP_SMALL50XENDEMIC100,Number of endemic species with small occurrence regions (50x50),_Z,Not applicable,_Z,Not applicable,_Z,Not applicable,COUNT,Count,_Z,Not Applicable,_Z,Not Applicable,_Z,Not Applicable,2024,2862.0,_Z,Not Applicable,0,Zero,WB_GBIOD,Global Biodiversity Data,land-eez,0,Units,nan,,COUNT,Count (Integer),P1Y,Annual,,nan,,nan,
datastructure,WB.DATA360:DS_DATA360(1.2),I,A,Annual,MYS,Malaysia,WB_GBIOD_N_SPP_SMALL50XENDEMIC100,Number of endemic species with small occurrence regions (50x50),_Z,Not applicable,_Z,Not applicable,_Z,Not applicable,COUNT,Count,_Z,Not Applicable,_Z,Not Applicable,_Z,Not Applicable,2024,1029.0,_Z,Not Applicable,0,Zero,WB_GBIOD,Global Biodiversity Data,land-eez,0,Units,nan,,COUNT,Count (Integer),P1Y,Annual,,nan,,nan,
datastructure,WB.DATA360:DS_DATA360(1.2),I,A,Annual,MDV,Maldives,WB_GBIOD_N_SPP_SMALL50XENDEMIC100,Number of endemic species with small occurrence regions (50x50),_Z,Not applicable,_Z,Not applicable,_Z,Not applicable,COUNT,Count,_Z,Not Applicable,_Z,Not Applicable,_Z,Not Applicable,2024,20.0,_Z,Not Applicable,0,Zero,WB_GBIOD,Global Biodiversity Data,land-eez,0,Units,nan,,COUNT,Count (Integer),P1Y,Annual,,nan,,nan,
datastructure,WB.DATA360:DS_DATA360(1.2),I,A,Annual,MLT,Malta,WB_GBIOD_N_SPP_SMALL50XENDEMIC100,Number of endemic species with small occurrence regions (50x50),_Z,Not applicable,_Z,Not applicable,_Z,Not applicable,COUNT,Count,_Z,Not Applicable,_Z,Not Applicable,_Z,Not Applicable,2024,16.0,_Z,Not Applicable,0,Zero,WB_GBIOD,Global Biodiversity Data,land-eez,0,Units,nan,,COUNT,Count (Integer),P1Y,Annual,,nan,,nan,
datastructure,WB.DATA360:DS_DATA360(1.2),I,A,Annual,MHL,Marshall Islands,WB_GBIOD_N_SPP_SMALL50XENDEMIC100,Number of endemic species with small occurrence regions (50x50),_Z,Not applicable,_Z,Not applicable,_Z,Not applicable,COUNT,Count,_Z,Not Applicable,_Z,Not Applicable,_Z,Not Applicable,2024,77.0,_Z,Not Applicable,0,Zero,WB_GBIOD,Global Biodiversity Data,land-eez,0,Units,nan,,COUNT,Count (Integer),P1Y,Annual,,nan,,nan,
datastructure,WB.DATA360:DS_DATA360(1.2),I,A,Annual,MRT,Mauritania,WB_GBIOD_N_SPP_SMALL50XENDEMIC100,Number of endemic species with small occurrence regions (50x50),_Z,Not applicable,_Z,Not applicable,_Z,Not applicable,COUNT,Count,_Z,Not Applicable,_Z,Not Applicable,_Z,Not Applicable,2024,20.0,_Z,Not Applicable,0,Zero,WB_GBIOD,Global Biodiversity Data,land-eez,0,Units,nan,,COUNT,Count (Integer),P1Y,Annual,,nan,,nan,
datastructure,WB.DATA360:DS_DATA360(1.2),I,A,Annual,MUS,Mauritius,WB_GBIOD_N_SPP_SMALL50XENDEMIC100,Number of endemic species with small occurrence regions (50x50),_Z,Not applicable,_Z,Not applicable,_Z,Not applicable,COUNT,Count,_Z,Not Applicable,_Z,Not Applicable,_Z,Not Applicable,2024,115.0,_Z,Not Applicable,0,Zero,WB_GBIOD,Global Biodiversity Data,land-eez,0,Units,nan,,COUNT,Count (Integer),P1Y,Annual,,nan,,nan,
datastructure,WB.DATA360:DS_DATA360(1.2),I,A,Annual,MEX,Mexico,WB_GBIOD_N_SPP_SMALL50XENDEMIC100,Number of endemic species with small occurrence regions (50x50),_Z,Not applicable,_Z,Not applicable,_Z,Not applicable,COUNT,Count,_Z,Not Applicable,_Z,Not Applicable,_Z,Not Applicable,2024,5008.0,_Z,Not Applicable,0,Zero,WB_GBIOD,Global Biodiversity Data,land-eez,0,Units,nan,,COUNT,Count (Integer),P1Y,Annual,,nan,,nan,
datastructure,WB.DATA360:DS_DATA360(1.2),I,A,Annual,FSM,"Micronesia, Fed. Sts.",WB_GBIOD_N_SPP_SMALL50XENDEMIC100,Number of endemic species with small occurrence regions (50x50),_Z,Not applicable,_Z,Not applicable,_Z,Not applicable,COUNT,Count,_Z,Not Applicable,_Z,Not Applicable,_Z,Not Applicable,2024,92.0,_Z,Not Applicable,0,Zero,WB_GBIOD,Global Biodiversity Data,land-eez,0,Units,nan,,COUNT,Count (Integer),P1Y,Annual,,nan,,nan,
datastructure,WB.DATA360:DS_DATA360(1.2),I,A,Annual,MNE,Montenegro,WB_GBIOD_N_SPP_SMALL50XENDEMIC100,Number of endemic species with small occurrence regions (50x50),_Z,Not applicable,_Z,Not applicable,_Z,Not applicable,COUNT,Count,_Z,Not Applicable,_Z,Not Applicable,_Z,Not Applicable,2024,32.0,_Z,Not Applicable,0,Zero,WB_GBIOD,Global Biodiversity Data,land-eez,0,Units,nan,,COUNT,Count (Integer),P1Y,Annual,,nan,,nan,
datastructure,WB.DATA360:DS_DATA360(1.2),I,A,Annual,MSR,Montserrat,WB_GBIOD_N_SPP_SMALL50XENDEMIC100,Number of endemic species with small occurrence regions (50x50),_Z,Not applicable,_Z,Not applicable,_Z,Not applicable,COUNT,Count,_Z,Not Applicable,_Z,Not Applicable,_Z,Not Applicable,2024,8.0,_Z,Not Applicable,0,Zero,WB_GBIOD,Global Biodiversity Data,land-eez,0,Units,nan,,COUNT,Count (Integer),P1Y,Annual,,nan,,nan,
datastructure,WB.DATA360:DS_DATA360(1.2),I,A,Annual,MAR,Morocco,WB_GBIOD_N_SPP_SMALL50XENDEMIC100,Number of endemic species with small occurrence regions (50x50),_Z,Not applicable,_Z,Not applicable,_Z,Not applicable,COUNT,Count,_Z,Not Applicable,_Z,Not Applicable,_Z,Not Applicable,2024,250.0,_Z,Not Applicable,0,Zero,WB_GBIOD,Global Biodiversity Data,land-eez,0,Units,nan,,COUNT,Count (Integer),P1Y,Annual,,nan,,nan,
datastructure,WB.DATA360:DS_DATA360(1.2),I,A,Annual,MOZ,Mozambique,WB_GBIOD_N_SPP_SMALL50XENDEMIC100,Number of endemic species with small occurrence regions (50x50),_Z,Not applicable,_Z,Not applicable,_Z,Not applicable,COUNT,Count,_Z,Not Applicable,_Z,Not Applicable,_Z,Not Applicable,2024,169.0,_Z,Not Applicable,0,Zero,WB_GBIOD,Global Biodiversity Data,land-eez,0,Units,nan,,COUNT,Count (Integer),P1Y,Annual,,nan,,nan,
datastructure,WB.DATA360:DS_DATA360(1.2),I,A,Annual,MMR,Myanmar,WB_GBIOD_N_SPP_SMALL50XENDEMIC100,Number of endemic species with small occurrence regions (50x50),_Z,Not applicable,_Z,Not applicable,_Z,Not applicable,COUNT,Count,_Z,Not Applicable,_Z,Not Applicable,_Z,Not Applicable,2024,86.0,_Z,Not Applicable,0,Zero,WB_GBIOD,Global Biodiversity Data,land-eez,0,Units,nan,,COUNT,Count (Integer),P1Y,Annual,,nan,,nan,
datastructure,WB.DATA360:DS_DATA360(1.2),I,A,Annual,NAM,Namibia,WB_GBIOD_N_SPP_SMALL50XENDEMIC100,Number of endemic species with small occurrence regions (50x50),_Z,Not applicable,_Z,Not applicable,_Z,Not applicable,COUNT,Count,_Z,Not Applicable,_Z,Not Applicable,_Z,Not Applicable,2024,141.0,_Z,Not Applicable,0,Zero,WB_GBIOD,Global Biodiversity Data,land-eez,0,Units,nan,,COUNT,Count (Integer),P1Y,Annual,,nan,,nan,
datastructure,WB.DATA360:DS_DATA360(1.2),I,A,Annual,NRU,Nauru,WB_GBIOD_N_SPP_SMALL50XENDEMIC100,Number of endemic species with small occurrence regions (50x50),_Z,Not applicable,_Z,Not applicable,_Z,Not applicable,COUNT,Count,_Z,Not Applicable,_Z,Not Applicable,_Z,Not Applicable,2024,1.0,_Z,Not Applicable,0,Zero,WB_GBIOD,Global Biodiversity Data,land-eez,0,Units,nan,,COUNT,Count (Integer),P1Y,Annual,,nan,,nan,
datastructure,WB.DATA360:DS_DATA360(1.2),I,A,Annual,NLD,Netherlands,WB_GBIOD_N_SPP_SMALL50XENDEMIC100,Number of endemic species with small occurrence regions (50x50),_Z,Not applicable,_Z,Not applicable,_Z,Not applicable,COUNT,Count,_Z,Not Applicable,_Z,Not Applicable,_Z,Not Applicable,2024,227.0,_Z,Not Applicable,0,Zero,WB_GBIOD,Global Biodiversity Data,land-eez,0,Units,nan,,COUNT,Count (Integer),P1Y,Annual,,nan,,nan,
datastructure,WB.DATA360:DS_DATA360(1.2),I,A,Annual,NCL,New Caledonia,WB_GBIOD_N_SPP_SMALL50XENDEMIC100,Number of endemic species with small occurrence regions (50x50),_Z,Not applicable,_Z,Not applicable,_Z,Not applicable,COUNT,Count,_Z,Not Applicable,_Z,Not Applicable,_Z,Not Applicable,2024,1750.0,_Z,Not Applicable,0,Zero,WB_GBIOD,Global Biodiversity Data,land-eez,0,Units,nan,,COUNT,Count (Integer),P1Y,Annual,,nan,,nan,
datastructure,WB.DATA360:DS_DATA360(1.2),I,A,Annual,NZL,New Zealand,WB_GBIOD_N_SPP_SMALL50XENDEMIC100,Number of endemic species with small occurrence regions (50x50),_Z,Not applicable,_Z,Not applicable,_Z,Not applicable,COUNT,Count,_Z,Not Applicable,_Z,Not Applicable,_Z,Not Applicable,2024,2136.0,_Z,Not Applicable,0,Zero,WB_GBIOD,Global Biodiversity Data,land-eez,0,Units,nan,,COUNT,Count (Integer),P1Y,Annual,,nan,,nan,
datastructure,WB.DATA360:DS_DATA360(1.2),I,A,Annual,NIC,Nicaragua,WB_GBIOD_N_SPP_SMALL50XENDEMIC100,Number of endemic species with small occurrence regions (50x50),_Z,Not applicable,_Z,Not applicable,_Z,Not applicable,COUNT,Count,_Z,Not Applicable,_Z,Not Applicable,_Z,Not Applicable,2024,83.0,_Z,Not Applicable,0,Zero,WB_GBIOD,Global Biodiversity Data,land-eez,0,Units,nan,,COUNT,Count (Integer),P1Y,Annual,,nan,,nan,
datastructure,WB.DATA360:DS_DATA360(1.2),I,A,Annual,NGA,Nigeria,WB_GBIOD_N_SPP_SMALL50XENDEMIC100,Number of endemic species with small occurrence regions (50x50),_Z,Not applicable,_Z,Not applicable,_Z,Not applicable,COUNT,Count,_Z,Not Applicable,_Z,Not Applicable,_Z,Not Applicable,2024,91.0,_Z,Not Applicable,0,Zero,WB_GBIOD,Global Biodiversity Data,land-eez,0,Units,nan,,COUNT,Count (Integer),P1Y,Annual,,nan,,nan,
datastructure,WB.DATA360:DS_DATA360(1.2),I,A,Annual,NIU,Niue,WB_GBIOD_N_SPP_SMALL50XENDEMIC100,Number of endemic species with small occurrence regions (50x50),_Z,Not applicable,_Z,Not applicable,_Z,Not applicable,COUNT,Count,_Z,Not Applicable,_Z,Not Applicable,_Z,Not Applicable,2024,6.0,_Z,Not Applicable,0,Zero,WB_GBIOD,Global Biodiversity Data,land-eez,0,Units,nan,,COUNT,Count (Integer),P1Y,Annual,,nan,,nan,
datastructure,WB.DATA360:DS_DATA360(1.2),I,A,Annual,NFK,Norfolk Island (Aus.),WB_GBIOD_N_SPP_SMALL50XENDEMIC100,Number of endemic species with small occurrence regions (50x50),_Z,Not applicable,_Z,Not applicable,_Z,Not applicable,COUNT,Count,_Z,Not Applicable,_Z,Not Applicable,_Z,Not Applicable,2024,106.0,_Z,Not Applicable,0,Zero,WB_GBIOD,Global Biodiversity Data,land-eez,0,Units,nan,,COUNT,Count (Integer),P1Y,Annual,,nan,,nan,
datastructure,WB.DATA360:DS_DATA360(1.2),I,A,Annual,MNP,Northern Mariana Islands,WB_GBIOD_N_SPP_SMALL50XENDEMIC100,Number of endemic species with small occurrence regions (50x50),_Z,Not applicable,_Z,Not applicable,_Z,Not applicable,COUNT,Count,_Z,Not Applicable,_Z,Not Applicable,_Z,Not Applicable,2024,21.0,_Z,Not Applicable,0,Zero,WB_GBIOD,Global Biodiversity Data,land-eez,0,Units,nan,,COUNT,Count (Integer),P1Y,Annual,,nan,,nan,
datastructure,WB.DATA360:DS_DATA360(1.2),I,A,Annual,NOR,Norway,WB_GBIOD_N_SPP_SMALL50XENDEMIC100,Number of endemic species with small occurrence regions (50x50),_Z,Not applicable,_Z,Not applicable,_Z,Not applicable,COUNT,Count,_Z,Not Applicable,_Z,Not Applicable,_Z,Not Applicable,2024,469.0,_Z,Not Applicable,0,Zero,WB_GBIOD,Global Biodiversity Data,land-eez,0,Units,nan,,COUNT,Count (Integer),P1Y,Annual,,nan,,nan,
datastructure,WB.DATA360:DS_DATA360(1.2),I,A,Annual,OMN,Oman,WB_GBIOD_N_SPP_SMALL50XENDEMIC100,Number of endemic species with small occurrence regions (50x50),_Z,Not applicable,_Z,Not applicable,_Z,Not applicable,COUNT,Count,_Z,Not Applicable,_Z,Not Applicable,_Z,Not Applicable,2024,89.0,_Z,Not Applicable,0,Zero,WB_GBIOD,Global Biodiversity Data,land-eez,0,Units,nan,,COUNT,Count (Integer),P1Y,Annual,,nan,,nan,
datastructure,WB.DATA360:DS_DATA360(1.2),I,A,Annual,PAK,Pakistan,WB_GBIOD_N_SPP_SMALL50XENDEMIC100,Number of endemic species with small occurrence regions (50x50),_Z,Not applicable,_Z,Not applicable,_Z,Not applicable,COUNT,Count,_Z,Not Applicable,_Z,Not Applicable,_Z,Not Applicable,2024,118.0,_Z,Not Applicable,0,Zero,WB_GBIOD,Global Biodiversity Data,land-eez,0,Units,nan,,COUNT,Count (Integer),P1Y,Annual,,nan,,nan,
datastructure,WB.DATA360:DS_DATA360(1.2),I,A,Annual,PLW,Palau,WB_GBIOD_N_SPP_SMALL50XENDEMIC100,Number of endemic species with small occurrence regions (50x50),_Z,Not applicable,_Z,Not applicable,_Z,Not applicable,COUNT,Count,_Z,Not Applicable,_Z,Not Applicable,_Z,Not Applicable,2024,124.0,_Z,Not Applicable,0,Zero,WB_GBIOD,Global Biodiversity Data,land-eez,0,Units,nan,,COUNT,Count (Integer),P1Y,Annual,,nan,,nan,
datastructure,WB.DATA360:DS_DATA360(1.2),I,A,Annual,PAN,Panama,WB_GBIOD_N_SPP_SMALL50XENDEMIC100,Number of endemic species with small occurrence regions (50x50),_Z,Not applicable,_Z,Not applicable,_Z,Not applicable,COUNT,Count,_Z,Not Applicable,_Z,Not Applicable,_Z,Not Applicable,2024,753.0,_Z,Not Applicable,0,Zero,WB_GBIOD,Global Biodiversity Data,land-eez,0,Units,nan,,COUNT,Count (Integer),P1Y,Annual,,nan,,nan,
datastructure,WB.DATA360:DS_DATA360(1.2),I,A,Annual,PNG,Papua New Guinea,WB_GBIOD_N_SPP_SMALL50XENDEMIC100,Number of endemic species with small occurrence regions (50x50),_Z,Not applicable,_Z,Not applicable,_Z,Not applicable,COUNT,Count,_Z,Not Applicable,_Z,Not Applicable,_Z,Not Applicable,2024,1236.0,_Z,Not Applicable,0,Zero,WB_GBIOD,Global Biodiversity Data,land-eez,0,Units,nan,,COUNT,Count (Integer),P1Y,Annual,,nan,,nan,
datastructure,WB.DATA360:DS_DATA360(1.2),I,A,Annual,PER,Peru,WB_GBIOD_N_SPP_SMALL50XENDEMIC100,Number of endemic species with small occurrence regions (50x50),_Z,Not applicable,_Z,Not applicable,_Z,Not applicable,COUNT,Count,_Z,Not Applicable,_Z,Not Applicable,_Z,Not Applicable,2024,1262.0,_Z,Not Applicable,0,Zero,WB_GBIOD,Global Biodiversity Data,land-eez,0,Units,nan,,COUNT,Count (Integer),P1Y,Annual,,nan,,nan,
datastructure,WB.DATA360:DS_DATA360(1.2),I,A,Annual,PHL,Philippines,WB_GBIOD_N_SPP_SMALL50XENDEMIC100,Number of endemic species with small occurrence regions (50x50),_Z,Not applicable,_Z,Not applicable,_Z,Not applicable,COUNT,Count,_Z,Not Applicable,_Z,Not Applicable,_Z,Not Applicable,2024,813.0,_Z,Not Applicable,0,Zero,WB_GBIOD,Global Biodiversity Data,land-eez,0,Units,nan,,COUNT,Count (Integer),P1Y,Annual,,nan,,nan,
datastructure,WB.DATA360:DS_DATA360(1.2),I,A,Annual,PCN,Pitcairn,WB_GBIOD_N_SPP_SMALL50XENDEMIC100,Number of endemic species with small occurrence regions (50x50),_Z,Not applicable,_Z,Not applicable,_Z,Not applicable,COUNT,Count,_Z,Not Applicable,_Z,Not Applicable,_Z,Not Applicable,2024,22.0,_Z,Not Applicable,0,Zero,WB_GBIOD,Global Biodiversity Data,land-eez,0,Units,nan,,COUNT,Count (Integer),P1Y,Annual,,nan,,nan,
datastructure,WB.DATA360:DS_DATA360(1.2),I,A,Annual,POL,Poland,WB_GBIOD_N_SPP_SMALL50XENDEMIC100,Number of endemic species with small occurrence regions (50x50),_Z,Not applicable,_Z,Not applicable,_Z,Not applicable,COUNT,Count,_Z,Not Applicable,_Z,Not Applicable,_Z,Not Applicable,2024,24.0,_Z,Not Applicable,0,Zero,WB_GBIOD,Global Biodiversity Data,land-eez,0,Units,nan,,COUNT,Count (Integer),P1Y,Annual,,nan,,nan,
datastructure,WB.DATA360:DS_DATA360(1.2),I,A,Annual,PRT,Portugal,WB_GBIOD_N_SPP_SMALL50XENDEMIC100,Number of endemic species with small occurrence regions (50x50),_Z,Not applicable,_Z,Not applicable,_Z,Not applicable,COUNT,Count,_Z,Not Applicable,_Z,Not Applicable,_Z,Not Applicable,2024,691.0,_Z,Not Applicable,0,Zero,WB_GBIOD,Global Biodiversity Data,land-eez,0,Units,nan,,COUNT,Count (Integer),P1Y,Annual,,nan,,nan,
datastructure,WB.DATA360:DS_DATA360(1.2),I,A,Annual,PRI,Puerto Rico,WB_GBIOD_N_SPP_SMALL50XENDEMIC100,Number of endemic species with small occurrence regions (50x50),_Z,Not applicable,_Z,Not applicable,_Z,Not applicable,COUNT,Count,_Z,Not Applicable,_Z,Not Applicable,_Z,Not Applicable,2024,297.0,_Z,Not Applicable,0,Zero,WB_GBIOD,Global Biodiversity Data,land-eez,0,Units,nan,,COUNT,Count (Integer),P1Y,Annual,,nan,,nan,
datastructure,WB.DATA360:DS_DATA360(1.2),I,A,Annual,QAT,Qatar,WB_GBIOD_N_SPP_SMALL50XENDEMIC100,Number of endemic species with small occurrence regions (50x50),_Z,Not applicable,_Z,Not applicable,_Z,Not applicable,COUNT,Count,_Z,Not Applicable,_Z,Not Applicable,_Z,Not Applicable,2024,2.0,_Z,Not Applicable,0,Zero,WB_GBIOD,Global Biodiversity Data,land-eez,0,Units,nan,,COUNT,Count (Integer),P1Y,Annual,,nan,,nan,
datastructure,WB.DATA360:DS_DATA360(1.2),I,A,Annual,ROU,Romania,WB_GBIOD_N_SPP_SMALL50XENDEMIC100,Number of endemic species with small occurrence regions (50x50),_Z,Not applicable,_Z,Not applicable,_Z,Not applicable,COUNT,Count,_Z,Not Applicable,_Z,Not Applicable,_Z,Not Applicable,2024,31.0,_Z,Not Applicable,0,Zero,WB_GBIOD,Global Biodiversity Data,land-eez,0,Units,nan,,COUNT,Count (Integer),P1Y,Annual,,nan,,nan,
datastructure,WB.DATA360:DS_DATA360(1.2),I,A,Annual,RUS,Russian Federation,WB_GBIOD_N_SPP_SMALL50XENDEMIC100,Number of endemic species with small occurrence regions (50x50),_Z,Not applicable,_Z,Not applicable,_Z,Not applicable,COUNT,Count,_Z,Not Applicable,_Z,Not Applicable,_Z,Not Applicable,2024,1136.0,_Z,Not Applicable,0,Zero,WB_GBIOD,Global Biodiversity Data,land-eez,0,Units,nan,,COUNT,Count (Integer),P1Y,Annual,,nan,,nan,
datastructure,WB.DATA360:DS_DATA360(1.2),I,A,Annual,SHN,"Saint Helena, Ascension and Tristan da Cunha (UK)",WB_GBIOD_N_SPP_SMALL50XENDEMIC100,Number of endemic species with small occurrence regions (50x50),_Z,Not applicable,_Z,Not applicable,_Z,Not applicable,COUNT,Count,_Z,Not Applicable,_Z,Not Applicable,_Z,Not Applicable,2024,96.0,_Z,Not Applicable,0,Zero,WB_GBIOD,Global Biodiversity Data,land-eez,0,Units,nan,,COUNT,Count (Integer),P1Y,Annual,,nan,,nan,
datastructure,WB.DATA360:DS_DATA360(1.2),I,A,Annual,BLM,Saint-BarthÃ©lemy (Fr.),WB_GBIOD_N_SPP_SMALL50XENDEMIC100,Number of endemic species with small occurrence regions (50x50),_Z,Not applicable,_Z,Not applicable,_Z,Not applicable,COUNT,Count,_Z,Not Applicable,_Z,Not Applicable,_Z,Not Applicable,2024,1.0,_Z,Not Applicable,0,Zero,WB_GBIOD,Global Biodiversity Data,land-eez,0,Units,nan,,COUNT,Count (Integer),P1Y,Annual,,nan,,nan,
datastructure,WB.DATA360:DS_DATA360(1.2),I,A,Annual,SPM,Saint-Pierre-et-Miquelon (Fr.),WB_GBIOD_N_SPP_SMALL50XENDEMIC100,Number of endemic species with small occurrence regions (50x50),_Z,Not applicable,_Z,Not applicable,_Z,Not applicable,COUNT,Count,_Z,Not Applicable,_Z,Not Applicable,_Z,Not Applicable,2024,0.0,_Z,Not Applicable,0,Zero,WB_GBIOD,Global Biodiversity Data,land-eez,0,Units,nan,,COUNT,Count (Integer),P1Y,Annual,,nan,,nan,
datastructure,WB.DATA360:DS_DATA360(1.2),I,A,Annual,WSM,Samoa,WB_GBIOD_N_SPP_SMALL50XENDEMIC100,Number of endemic species with small occurrence regions (50x50),_Z,Not applicable,_Z,Not applicable,_Z,Not applicable,COUNT,Count,_Z,Not Applicable,_Z,Not Applicable,_Z,Not Applicable,2024,69.0,_Z,Not Applicable,0,Zero,WB_GBIOD,Global Biodiversity Data,land-eez,0,Units,nan,,COUNT,Count (Integer),P1Y,Annual,,nan,,nan,
datastructure,WB.DATA360:DS_DATA360(1.2),I,A,Annual,STP,Sao Tome and Principe,WB_GBIOD_N_SPP_SMALL50XENDEMIC100,Number of endemic species with small occurrence regions (50x50),_Z,Not applicable,_Z,Not applicable,_Z,Not applicable,COUNT,Count,_Z,Not Applicable,_Z,Not Applicable,_Z,Not Applicable,2024,172.0,_Z,Not Applicable,0,Zero,WB_GBIOD,Global Biodiversity Data,land-eez,0,Units,nan,,COUNT,Count (Integer),P1Y,Annual,,nan,,nan,
datastructure,WB.DATA360:DS_DATA360(1.2),I,A,Annual,SAU,Saudi Arabia,WB_GBIOD_N_SPP_SMALL50XENDEMIC100,Number of endemic species with small occurrence regions (50x50),_Z,Not applicable,_Z,Not applicable,_Z,Not applicable,COUNT,Count,_Z,Not Applicable,_Z,Not Applicable,_Z,Not Applicable,2024,78.0,_Z,Not Applicable,0,Zero,WB_GBIOD,Global Biodiversity Data,land-eez,0,Units,nan,,COUNT,Count (Integer),P1Y,Annual,,nan,,nan,
datastructure,WB.DATA360:DS_DATA360(1.2),I,A,Annual,SEN,Senegal,WB_GBIOD_N_SPP_SMALL50XENDEMIC100,Number of endemic species with small occurrence regions (50x50),_Z,Not applicable,_Z,Not applicable,_Z,Not applicable,COUNT,Count,_Z,Not Applicable,_Z,Not Applicable,_Z,Not Applicable,2024,62.0,_Z,Not Applicable,0,Zero,WB_GBIOD,Global Biodiversity Data,land-eez,0,Units,nan,,COUNT,Count (Integer),P1Y,Annual,,nan,,nan,
datastructure,WB.DATA360:DS_DATA360(1.2),I,A,Annual,SYC,Seychelles,WB_GBIOD_N_SPP_SMALL50XENDEMIC100,Number of endemic species with small occurrence regions (50x50),_Z,Not applicable,_Z,Not applicable,_Z,Not applicable,COUNT,Count,_Z,Not Applicable,_Z,Not Applicable,_Z,Not Applicable,2024,171.0,_Z,Not Applicable,0,Zero,WB_GBIOD,Global Biodiversity Data,land-eez,0,Units,nan,,COUNT,Count (Integer),P1Y,Annual,,nan,,nan,
datastructure,WB.DATA360:DS_DATA360(1.2),I,A,Annual,SLE,Sierra Leone,WB_GBIOD_N_SPP_SMALL50XENDEMIC100,Number of endemic species with small occurrence regions (50x50),_Z,Not applicable,_Z,Not applicable,_Z,Not applicable,COUNT,Count,_Z,Not Applicable,_Z,Not Applicable,_Z,Not Applicable,2024,17.0,_Z,Not Applicable,0,Zero,WB_GBIOD,Global Biodiversity Data,land-eez,0,Units,nan,,COUNT,Count (Integer),P1Y,Annual,,nan,,nan,
datastructure,WB.DATA360:DS_DATA360(1.2),I,A,Annual,SGP,Singapore,WB_GBIOD_N_SPP_SMALL50XENDEMIC100,Number of endemic species with small occurrence regions (50x50),_Z,Not applicable,_Z,Not applicable,_Z,Not applicable,COUNT,Count,_Z,Not Applicable,_Z,Not Applicable,_Z,Not Applicable,2024,139.0,_Z,Not Applicable,0,Zero,WB_GBIOD,Global Biodiversity Data,land-eez,0,Units,nan,,COUNT,Count (Integer),P1Y,Annual,,nan,,nan,
datastructure,WB.DATA360:DS_DATA360(1.2),I,A,Annual,SXM,Sint Maarten (Dutch part),WB_GBIOD_N_SPP_SMALL50XENDEMIC100,Number of endemic species with small occurrence regions (50x50),_Z,Not applicable,_Z,Not applicable,_Z,Not applicable,COUNT,Count,_Z,Not Applicable,_Z,Not Applicable,_Z,Not Applicable,2024,0.0,_Z,Not Applicable,0,Zero,WB_GBIOD,Global Biodiversity Data,land-eez,0,Units,nan,,COUNT,Count (Integer),P1Y,Annual,,nan,,nan,
datastructure,WB.DATA360:DS_DATA360(1.2),I,A,Annual,SVN,Slovenia,WB_GBIOD_N_SPP_SMALL50XENDEMIC100,Number of endemic species with small occurrence regions (50x50),_Z,Not applicable,_Z,Not applicable,_Z,Not applicable,COUNT,Count,_Z,Not Applicable,_Z,Not Applicable,_Z,Not Applicable,2024,17.0,_Z,Not Applicable,0,Zero,WB_GBIOD,Global Biodiversity Data,land-eez,0,Units,nan,,COUNT,Count (Integer),P1Y,Annual,,nan,,nan,
datastructure,WB.DATA360:DS_DATA360(1.2),I,A,Annual,SLB,Solomon Islands,WB_GBIOD_N_SPP_SMALL50XENDEMIC100,Number of endemic species with small occurrence regions (50x50),_Z,Not applicable,_Z,Not applicable,_Z,Not applicable,COUNT,Count,_Z,Not Applicable,_Z,Not Applicable,_Z,Not Applicable,2024,130.0,_Z,Not Applicable,0,Zero,WB_GBIOD,Global Biodiversity Data,land-eez,0,Units,nan,,COUNT,Count (Integer),P1Y,Annual,,nan,,nan,
datastructure,WB.DATA360:DS_DATA360(1.2),I,A,Annual,SOM,Somalia,WB_GBIOD_N_SPP_SMALL50XENDEMIC100,Number of endemic species with small occurrence regions (50x50),_Z,Not applicable,_Z,Not applicable,_Z,Not applicable,COUNT,Count,_Z,Not Applicable,_Z,Not Applicable,_Z,Not Applicable,2024,53.0,_Z,Not Applicable,0,Zero,WB_GBIOD,Global Biodiversity Data,land-eez,0,Units,nan,,COUNT,Count (Integer),P1Y,Annual,,nan,,nan,
datastructure,WB.DATA360:DS_DATA360(1.2),I,A,Annual,ZAF,South Africa,WB_GBIOD_N_SPP_SMALL50XENDEMIC100,Number of endemic species with small occurrence regions (50x50),_Z,Not applicable,_Z,Not applicable,_Z,Not applicable,COUNT,Count,_Z,Not Applicable,_Z,Not Applicable,_Z,Not Applicable,2024,4641.0,_Z,Not Applicable,0,Zero,WB_GBIOD,Global Biodiversity Data,land-eez,0,Units,nan,,COUNT,Count (Integer),P1Y,Annual,,nan,,nan,
datastructure,WB.DATA360:DS_DATA360(1.2),I,A,Annual,ESP,Spain,WB_GBIOD_N_SPP_SMALL50XENDEMIC100,Number of endemic species with small occurrence regions (50x50),_Z,Not applicable,_Z,Not applicable,_Z,Not applicable,COUNT,Count,_Z,Not Applicable,_Z,Not Applicable,_Z,Not Applicable,2024,2150.0,_Z,Not Applicable,0,Zero,WB_GBIOD,Global Biodiversity Data,land-eez,0,Units,nan,,COUNT,Count (Integer),P1Y,Annual,,nan,,nan,
datastructure,WB.DATA360:DS_DATA360(1.2),I,A,Annual,LKA,Sri Lanka,WB_GBIOD_N_SPP_SMALL50XENDEMIC100,Number of endemic species with small occurrence regions (50x50),_Z,Not applicable,_Z,Not applicable,_Z,Not applicable,COUNT,Count,_Z,Not Applicable,_Z,Not Applicable,_Z,Not Applicable,2024,575.0,_Z,Not Applicable,0,Zero,WB_GBIOD,Global Biodiversity Data,land-eez,0,Units,nan,,COUNT,Count (Integer),P1Y,Annual,,nan,,nan,
datastructure,WB.DATA360:DS_DATA360(1.2),I,A,Annual,KNA,St. Kitts and Nevis,WB_GBIOD_N_SPP_SMALL50XENDEMIC100,Number of endemic species with small occurrence regions (50x50),_Z,Not applicable,_Z,Not applicable,_Z,Not applicable,COUNT,Count,_Z,Not Applicable,_Z,Not Applicable,_Z,Not Applicable,2024,2.0,_Z,Not Applicable,0,Zero,WB_GBIOD,Global Biodiversity Data,land-eez,0,Units,nan,,COUNT,Count (Integer),P1Y,Annual,,nan,,nan,
datastructure,WB.DATA360:DS_DATA360(1.2),I,A,Annual,LCA,St. Lucia,WB_GBIOD_N_SPP_SMALL50XENDEMIC100,Number of endemic species with small occurrence regions (50x50),_Z,Not applicable,_Z,Not applicable,_Z,Not applicable,COUNT,Count,_Z,Not Applicable,_Z,Not Applicable,_Z,Not Applicable,2024,10.0,_Z,Not Applicable,0,Zero,WB_GBIOD,Global Biodiversity Data,land-eez,0,Units,nan,,COUNT,Count (Integer),P1Y,Annual,,nan,,nan,
datastructure,WB.DATA360:DS_DATA360(1.2),I,A,Annual,MAF,St. Martin (French part),WB_GBIOD_N_SPP_SMALL50XENDEMIC100,Number of endemic species with small occurrence regions (50x50),_Z,Not applicable,_Z,Not applicable,_Z,Not applicable,COUNT,Count,_Z,Not Applicable,_Z,Not Applicable,_Z,Not Applicable,2024,5.0,_Z,Not Applicable,0,Zero,WB_GBIOD,Global Biodiversity Data,land-eez,0,Units,nan,,COUNT,Count (Integer),P1Y,Annual,,nan,,nan,
datastructure,WB.DATA360:DS_DATA360(1.2),I,A,Annual,VCT,St. Vincent and the Grenadines,WB_GBIOD_N_SPP_SMALL50XENDEMIC100,Number of endemic species with small occurrence regions (50x50),_Z,Not applicable,_Z,Not applicable,_Z,Not applicable,COUNT,Count,_Z,Not Applicable,_Z,Not Applicable,_Z,Not Applicable,2024,8.0,_Z,Not Applicable,0,Zero,WB_GBIOD,Global Biodiversity Data,land-eez,0,Units,nan,,COUNT,Count (Integer),P1Y,Annual,,nan,,nan,
datastructure,WB.DATA360:DS_DATA360(1.2),I,A,Annual,SDN,Sudan,WB_GBIOD_N_SPP_SMALL50XENDEMIC100,Number of endemic species with small occurrence regions (50x50),_Z,Not applicable,_Z,Not applicable,_Z,Not applicable,COUNT,Count,_Z,Not Applicable,_Z,Not Applicable,_Z,Not Applicable,2024,20.0,_Z,Not Applicable,0,Zero,WB_GBIOD,Global Biodiversity Data,land-eez,0,Units,nan,,COUNT,Count (Integer),P1Y,Annual,,nan,,nan,
datastructure,WB.DATA360:DS_DATA360(1.2),I,A,Annual,SUR,Suriname,WB_GBIOD_N_SPP_SMALL50XENDEMIC100,Number of endemic species with small occurrence regions (50x50),_Z,Not applicable,_Z,Not applicable,_Z,Not applicable,COUNT,Count,_Z,Not Applicable,_Z,Not Applicable,_Z,Not Applicable,2024,73.0,_Z,Not Applicable,0,Zero,WB_GBIOD,Global Biodiversity Data,land-eez,0,Units,nan,,COUNT,Count (Integer),P1Y,Annual,,nan,,nan,
datastructure,WB.DATA360:DS_DATA360(1.2),I,A,Annual,SWE,Sweden,WB_GBIOD_N_SPP_SMALL50XENDEMIC100,Number of endemic species with small occurrence regions (50x50),_Z,Not applicable,_Z,Not applicable,_Z,Not applicable,COUNT,Count,_Z,Not Applicable,_Z,Not Applicable,_Z,Not Applicable,2024,829.0,_Z,Not Applicable,0,Zero,WB_GBIOD,Global Biodiversity Data,land-eez,0,Units,nan,,COUNT,Count (Integer),P1Y,Annual,,nan,,nan,
datastructure,WB.DATA360:DS_DATA360(1.2),I,A,Annual,SYR,Syrian Arab Republic,WB_GBIOD_N_SPP_SMALL50XENDEMIC100,Number of endemic species with small occurrence regions (50x50),_Z,Not applicable,_Z,Not applicable,_Z,Not applicable,COUNT,Count,_Z,Not Applicable,_Z,Not Applicable,_Z,Not Applicable,2024,55.0,_Z,Not Applicable,0,Zero,WB_GBIOD,Global Biodiversity Data,land-eez,0,Units,nan,,COUNT,Count (Integer),P1Y,Annual,,nan,,nan,
datastructure,WB.DATA360:DS_DATA360(1.2),I,A,Annual,TZA,Tanzania,WB_GBIOD_N_SPP_SMALL50XENDEMIC100,Number of endemic species with small occurrence regions (50x50),_Z,Not applicable,_Z,Not applicable,_Z,Not applicable,COUNT,Count,_Z,Not Applicable,_Z,Not Applicable,_Z,Not Applicable,2024,633.0,_Z,Not Applicable,0,Zero,WB_GBIOD,Global Biodiversity Data,land-eez,0,Units,nan,,COUNT,Count (Integer),P1Y,Annual,,nan,,nan,
datastructure,WB.DATA360:DS_DATA360(1.2),I,A,Annual,THA,Thailand,WB_GBIOD_N_SPP_SMALL50XENDEMIC100,Number of endemic species with small occurrence regions (50x50),_Z,Not applicable,_Z,Not applicable,_Z,Not applicable,COUNT,Count,_Z,Not Applicable,_Z,Not Applicable,_Z,Not Applicable,2024,648.0,_Z,Not Applicable,0,Zero,WB_GBIOD,Global Biodiversity Data,land-eez,0,Units,nan,,COUNT,Count (Integer),P1Y,Annual,,nan,,nan,
datastructure,WB.DATA360:DS_DATA360(1.2),I,A,Annual,TLS,Timor-Leste,WB_GBIOD_N_SPP_SMALL50XENDEMIC100,Number of endemic species with small occurrence regions (50x50),_Z,Not applicable,_Z,Not applicable,_Z,Not applicable,COUNT,Count,_Z,Not Applicable,_Z,Not Applicable,_Z,Not Applicable,2024,10.0,_Z,Not Applicable,0,Zero,WB_GBIOD,Global Biodiversity Data,land-eez,0,Units,nan,,COUNT,Count (Integer),P1Y,Annual,,nan,,nan,
datastructure,WB.DATA360:DS_DATA360(1.2),I,A,Annual,TGO,Togo,WB_GBIOD_N_SPP_SMALL50XENDEMIC100,Number of endemic species with small occurrence regions (50x50),_Z,Not applicable,_Z,Not applicable,_Z,Not applicable,COUNT,Count,_Z,Not Applicable,_Z,Not Applicable,_Z,Not Applicable,2024,10.0,_Z,Not Applicable,0,Zero,WB_GBIOD,Global Biodiversity Data,land-eez,0,Units,nan,,COUNT,Count (Integer),P1Y,Annual,,nan,,nan,
datastructure,WB.DATA360:DS_DATA360(1.2),I,A,Annual,TKL,Tokelau (NZ),WB_GBIOD_N_SPP_SMALL50XENDEMIC100,Number of endemic species with small occurrence regions (50x50),_Z,Not applicable,_Z,Not applicable,_Z,Not applicable,COUNT,Count,_Z,Not Applicable,_Z,Not Applicable,_Z,Not Applicable,2024,0.0,_Z,Not Applicable,0,Zero,WB_GBIOD,Global Biodiversity Data,land-eez,0,Units,nan,,COUNT,Count (Integer),P1Y,Annual,,nan,,nan,
datastructure,WB.DATA360:DS_DATA360(1.2),I,A,Annual,TON,Tonga,WB_GBIOD_N_SPP_SMALL50XENDEMIC100,Number of endemic species with small occurrence regions (50x50),_Z,Not applicable,_Z,Not applicable,_Z,Not applicable,COUNT,Count,_Z,Not Applicable,_Z,Not Applicable,_Z,Not Applicable,2024,21.0,_Z,Not Applicable,0,Zero,WB_GBIOD,Global Biodiversity Data,land-eez,0,Units,nan,,COUNT,Count (Integer),P1Y,Annual,,nan,,nan,
datastructure,WB.DATA360:DS_DATA360(1.2),I,A,Annual,TTO,Trinidad and Tobago,WB_GBIOD_N_SPP_SMALL50XENDEMIC100,Number of endemic species with small occurrence regions (50x50),_Z,Not applicable,_Z,Not applicable,_Z,Not applicable,COUNT,Count,_Z,Not Applicable,_Z,Not Applicable,_Z,Not Applicable,2024,254.0,_Z,Not Applicable,0,Zero,WB_GBIOD,Global Biodiversity Data,land-eez,0,Units,nan,,COUNT,Count (Integer),P1Y,Annual,,nan,,nan,
datastructure,WB.DATA360:DS_DATA360(1.2),I,A,Annual,TUN,Tunisia,WB_GBIOD_N_SPP_SMALL50XENDEMIC100,Number of endemic species with small occurrence regions (50x50),_Z,Not applicable,_Z,Not applicable,_Z,Not applicable,COUNT,Count,_Z,Not Applicable,_Z,Not Applicable,_Z,Not Applicable,2024,62.0,_Z,Not Applicable,0,Zero,WB_GBIOD,Global Biodiversity Data,land-eez,0,Units,nan,,COUNT,Count (Integer),P1Y,Annual,,nan,,nan,
datastructure,WB.DATA360:DS_DATA360(1.2),I,A,Annual,TUR,Turkiye,WB_GBIOD_N_SPP_SMALL50XENDEMIC100,Number of endemic species with small occurrence regions (50x50),_Z,Not applicable,_Z,Not applicable,_Z,Not applicable,COUNT,Count,_Z,Not Applicable,_Z,Not Applicable,_Z,Not Applicable,2024,281.0,_Z,Not Applicable,0,Zero,WB_GBIOD,Global Biodiversity Data,land-eez,0,Units,nan,,COUNT,Count (Integer),P1Y,Annual,,nan,,nan,
datastructure,WB.DATA360:DS_DATA360(1.2),I,A,Annual,TKM,Turkmenistan,WB_GBIOD_N_SPP_SMALL50XENDEMIC100,Number of endemic species with small occurrence regions (50x50),_Z,Not applicable,_Z,Not applicable,_Z,Not applicable,COUNT,Count,_Z,Not Applicable,_Z,Not Applicable,_Z,Not Applicable,2024,9.0,_Z,Not Applicable,0,Zero,WB_GBIOD,Global Biodiversity Data,land-eez,0,Units,nan,,COUNT,Count (Integer),P1Y,Annual,,nan,,nan,
datastructure,WB.DATA360:DS_DATA360(1.2),I,A,Annual,TCA,Turks and Caicos Islands,WB_GBIOD_N_SPP_SMALL50XENDEMIC100,Number of endemic species with small occurrence regions (50x50),_Z,Not applicable,_Z,Not applicable,_Z,Not applicable,COUNT,Count,_Z,Not Applicable,_Z,Not Applicable,_Z,Not Applicable,2024,4.0,_Z,Not Applicable,0,Zero,WB_GBIOD,Global Biodiversity Data,land-eez,0,Units,nan,,COUNT,Count (Integer),P1Y,Annual,,nan,,nan,
datastructure,WB.DATA360:DS_DATA360(1.2),I,A,Annual,TUV,Tuvalu,WB_GBIOD_N_SPP_SMALL50XENDEMIC100,Number of endemic species with small occurrence regions (50x50),_Z,Not applicable,_Z,Not applicable,_Z,Not applicable,COUNT,Count,_Z,Not Applicable,_Z,Not Applicable,_Z,Not Applicable,2024,2.0,_Z,Not Applicable,0,Zero,WB_GBIOD,Global Biodiversity Data,land-eez,0,Units,nan,,COUNT,Count (Integer),P1Y,Annual,,nan,,nan,
datastructure,WB.DATA360:DS_DATA360(1.2),I,A,Annual,ARE,United Arab Emirates,WB_GBIOD_N_SPP_SMALL50XENDEMIC100,Number of endemic species with small occurrence regions (50x50),_Z,Not applicable,_Z,Not applicable,_Z,Not applicable,COUNT,Count,_Z,Not Applicable,_Z,Not Applicable,_Z,Not Applicable,2024,26.0,_Z,Not Applicable,0,Zero,WB_GBIOD,Global Biodiversity Data,land-eez,0,Units,nan,,COUNT,Count (Integer),P1Y,Annual,,nan,,nan,
datastructure,WB.DATA360:DS_DATA360(1.2),I,A,Annual,GBR,United Kingdom,WB_GBIOD_N_SPP_SMALL50XENDEMIC100,Number of endemic species with small occurrence regions (50x50),_Z,Not applicable,_Z,Not applicable,_Z,Not applicable,COUNT,Count,_Z,Not Applicable,_Z,Not Applicable,_Z,Not Applicable,2024,691.0,_Z,Not Applicable,0,Zero,WB_GBIOD,Global Biodiversity Data,land-eez,0,Units,nan,,COUNT,Count (Integer),P1Y,Annual,,nan,,nan,
datastructure,WB.DATA360:DS_DATA360(1.2),I,A,Annual,USA,United States,WB_GBIOD_N_SPP_SMALL50XENDEMIC100,Number of endemic species with small occurrence regions (50x50),_Z,Not applicable,_Z,Not applicable,_Z,Not applicable,COUNT,Count,_Z,Not Applicable,_Z,Not Applicable,_Z,Not Applicable,2024,7812.0,_Z,Not Applicable,0,Zero,WB_GBIOD,Global Biodiversity Data,land-eez,0,Units,nan,,COUNT,Count (Integer),P1Y,Annual,,nan,,nan,
datastructure,WB.DATA360:DS_DATA360(1.2),I,A,Annual,UMI,United States Minor Outlying Islands,WB_GBIOD_N_SPP_SMALL50XENDEMIC100,Number of endemic species with small occurrence regions (50x50),_Z,Not applicable,_Z,Not applicable,_Z,Not applicable,COUNT,Count,_Z,Not Applicable,_Z,Not Applicable,_Z,Not Applicable,2024,7.0,_Z,Not Applicable,0,Zero,WB_GBIOD,Global Biodiversity Data,land-eez,0,Units,nan,,COUNT,Count (Integer),P1Y,Annual,,nan,,nan,
datastructure,WB.DATA360:DS_DATA360(1.2),I,A,Annual,URY,Uruguay,WB_GBIOD_N_SPP_SMALL50XENDEMIC100,Number of endemic species with small occurrence regions (50x50),_Z,Not applicable,_Z,Not applicable,_Z,Not applicable,COUNT,Count,_Z,Not Applicable,_Z,Not Applicable,_Z,Not Applicable,2024,33.0,_Z,Not Applicable,0,Zero,WB_GBIOD,Global Biodiversity Data,land-eez,0,Units,nan,,COUNT,Count (Integer),P1Y,Annual,,nan,,nan,
datastructure,WB.DATA360:DS_DATA360(1.2),I,A,Annual,VUT,Vanuatu,WB_GBIOD_N_SPP_SMALL50XENDEMIC100,Number of endemic species with small occurrence regions (50x50),_Z,Not applicable,_Z,Not applicable,_Z,Not applicable,COUNT,Count,_Z,Not Applicable,_Z,Not Applicable,_Z,Not Applicable,2024,232.0,_Z,Not Applicable,0,Zero,WB_GBIOD,Global Biodiversity Data,land-eez,0,Units,nan,,COUNT,Count (Integer),P1Y,Annual,,nan,,nan,
datastructure,WB.DATA360:DS_DATA360(1.2),I,A,Annual,VEN,"Venezuela, RB",WB_GBIOD_N_SPP_SMALL50XENDEMIC100,Number of endemic species with small occurrence regions (50x50),_Z,Not applicable,_Z,Not applicable,_Z,Not applicable,COUNT,Count,_Z,Not Applicable,_Z,Not Applicable,_Z,Not Applicable,2024,771.0,_Z,Not Applicable,0,Zero,WB_GBIOD,Global Biodiversity Data,land-eez,0,Units,nan,,COUNT,Count (Integer),P1Y,Annual,,nan,,nan,
datastructure,WB.DATA360:DS_DATA360(1.2),I,A,Annual,VNM,Viet Nam,WB_GBIOD_N_SPP_SMALL50XENDEMIC100,Number of endemic species with small occurrence regions (50x50),_Z,Not applicable,_Z,Not applicable,_Z,Not applicable,COUNT,Count,_Z,Not Applicable,_Z,Not Applicable,_Z,Not Applicable,2024,411.0,_Z,Not Applicable,0,Zero,WB_GBIOD,Global Biodiversity Data,land-eez,0,Units,nan,,COUNT,Count (Integer),P1Y,Annual,,nan,,nan,
datastructure,WB.DATA360:DS_DATA360(1.2),I,A,Annual,VIR,Virgin Islands (U.S.),WB_GBIOD_N_SPP_SMALL50XENDEMIC100,Number of endemic species with small occurrence regions (50x50),_Z,Not applicable,_Z,Not applicable,_Z,Not applicable,COUNT,Count,_Z,Not Applicable,_Z,Not Applicable,_Z,Not Applicable,2024,19.0,_Z,Not Applicable,0,Zero,WB_GBIOD,Global Biodiversity Data,land-eez,0,Units,nan,,COUNT,Count (Integer),P1Y,Annual,,nan,,nan,
datastructure,WB.DATA360:DS_DATA360(1.2),I,A,Annual,WLF,Wallis-et-Futuna (Fr.),WB_GBIOD_N_SPP_SMALL50XENDEMIC100,Number of endemic species with small occurrence regions (50x50),_Z,Not applicable,_Z,Not applicable,_Z,Not applicable,COUNT,Count,_Z,Not Applicable,_Z,Not Applicable,_Z,Not Applicable,2024,18.0,_Z,Not Applicable,0,Zero,WB_GBIOD,Global Biodiversity Data,land-eez,0,Units,nan,,COUNT,Count (Integer),P1Y,Annual,,nan,,nan,
datastructure,WB.DATA360:DS_DATA360(1.2),I,A,Annual,YEM,"Yemen, Rep.",WB_GBIOD_N_SPP_SMALL50XENDEMIC100,Number of endemic species with small occurrence regions (50x50),_Z,Not applicable,_Z,Not applicable,_Z,Not applicable,COUNT,Count,_Z,Not Applicable,_Z,Not Applicable,_Z,Not Applicable,2024,298.0,_Z,Not Applicable,0,Zero,WB_GBIOD,Global Biodiversity Data,land-eez,0,Units,nan,,COUNT,Count (Integer),P1Y,Annual,,nan,,nan,
datastructure,WB.DATA360:DS_DATA360(1.2),I,A,Annual,AFG,Afghanistan,WB_GBIOD_N_SPP_SMALL50XENDEMIC100,Number of endemic species with small occurrence regions (50x50),_Z,Not applicable,_Z,Not applicable,_Z,Not applicable,COUNT,Count,_Z,Not Applicable,_Z,Not Applicable,_Z,Not Applicable,2024,17.0,_Z,Not Applicable,0,Zero,WB_GBIOD,Global Biodiversity Data,land,0,Units,nan,,COUNT,Count (Integer),P1Y,Annual,,nan,,nan,
datastructure,WB.DATA360:DS_DATA360(1.2),I,A,Annual,AND,Andorra,WB_GBIOD_N_SPP_SMALL50XENDEMIC100,Number of endemic species with small occurrence regions (50x50),_Z,Not applicable,_Z,Not applicable,_Z,Not applicable,COUNT,Count,_Z,Not Applicable,_Z,Not Applicable,_Z,Not Applicable,2024,0.0,_Z,Not Applicable,0,Zero,WB_GBIOD,Global Biodiversity Data,land,0,Units,nan,,COUNT,Count (Integer),P1Y,Annual,,nan,,nan,
datastructure,WB.DATA360:DS_DATA360(1.2),I,A,Annual,ARM,Armenia,WB_GBIOD_N_SPP_SMALL50XENDEMIC100,Number of endemic species with small occurrence regions (50x50),_Z,Not applicable,_Z,Not applicable,_Z,Not applicable,COUNT,Count,_Z,Not Applicable,_Z,Not Applicable,_Z,Not Applicable,2024,80.0,_Z,Not Applicable,0,Zero,WB_GBIOD,Global Biodiversity Data,land,0,Units,nan,,COUNT,Count (Integer),P1Y,Annual,,nan,,nan,
datastructure,WB.DATA360:DS_DATA360(1.2),I,A,Annual,AUT,Austria,WB_GBIOD_N_SPP_SMALL50XENDEMIC100,Number of endemic species with small occurrence regions (50x50),_Z,Not applicable,_Z,Not applicable,_Z,Not applicable,COUNT,Count,_Z,Not Applicable,_Z,Not Applicable,_Z,Not Applicable,2024,221.0,_Z,Not Applicable,0,Zero,WB_GBIOD,Global Biodiversity Data,land,0,Units,nan,,COUNT,Count (Integer),P1Y,Annual,,nan,,nan,
datastructure,WB.DATA360:DS_DATA360(1.2),I,A,Annual,BLR,Belarus,WB_GBIOD_N_SPP_SMALL50XENDEMIC100,Number of endemic species with small occurrence regions (50x50),_Z,Not applicable,_Z,Not applicable,_Z,Not applicable,COUNT,Count,_Z,Not Applicable,_Z,Not Applicable,_Z,Not Applicable,2024,1.0,_Z,Not Applicable,0,Zero,WB_GBIOD,Global Biodiversity Data,land,0,Units,nan,,COUNT,Count (Integer),P1Y,Annual,,nan,,nan,
datastructure,WB.DATA360:DS_DATA360(1.2),I,A,Annual,BTN,Bhutan,WB_GBIOD_N_SPP_SMALL50XENDEMIC100,Number of endemic species with small occurrence regions (50x50),_Z,Not applicable,_Z,Not applicable,_Z,Not applicable,COUNT,Count,_Z,Not Applicable,_Z,Not Applicable,_Z,Not Applicable,2024,50.0,_Z,Not Applicable,0,Zero,WB_GBIOD,Global Biodiversity Data,land,0,Units,nan,,COUNT,Count (Integer),P1Y,Annual,,nan,,nan,
datastructure,WB.DATA360:DS_DATA360(1.2),I,A,Annual,BOL,Bolivia,WB_GBIOD_N_SPP_SMALL50XENDEMIC100,Number of endemic species with small occurrence regions (50x50),_Z,Not applicable,_Z,Not applicable,_Z,Not applicable,COUNT,Count,_Z,Not Applicable,_Z,Not Applicable,_Z,Not Applicable,2024,648.0,_Z,Not Applicable,0,Zero,WB_GBIOD,Global Biodiversity Data,land,0,Units,nan,,COUNT,Count (Integer),P1Y,Annual,,nan,,nan,
datastructure,WB.DATA360:DS_DATA360(1.2),I,A,Annual,BIH,Bosnia and Herzegovina,WB_GBIOD_N_SPP_SMALL50XENDEMIC100,Number of endemic species with small occurrence regions (50x50),_Z,Not applicable,_Z,Not applicable,_Z,Not applicable,COUNT,Count,_Z,Not Applicable,_Z,Not Applicable,_Z,Not Applicable,2024,8.0,_Z,Not Applicable,0,Zero,WB_GBIOD,Global Biodiversity Data,land,0,Units,nan,,COUNT,Count (Integer),P1Y,Annual,,nan,,nan,
datastructure,WB.DATA360:DS_DATA360(1.2),I,A,Annual,BWA,Botswana,WB_GBIOD_N_SPP_SMALL50XENDEMIC100,Number of endemic species with small occurrence regions (50x50),_Z,Not applicable,_Z,Not applicable,_Z,Not applicable,COUNT,Count,_Z,Not Applicable,_Z,Not Applicable,_Z,Not Applicable,2024,42.0,_Z,Not Applicable,0,Zero,WB_GBIOD,Global Biodiversity Data,land,0,Units,nan,,COUNT,Count (Integer),P1Y,Annual,,nan,,nan,
datastructure,WB.DATA360:DS_DATA360(1.2),I,A,Annual,IOT,British Indian Ocean Territory (UK),WB_GBIOD_N_SPP_SMALL50XENDEMIC100,Number of endemic species with small occurrence regions (50x50),_Z,Not applicable,_Z,Not applicable,_Z,Not applicable,COUNT,Count,_Z,Not Applicable,_Z,Not Applicable,_Z,Not Applicable,2024,1.0,_Z,Not Applicable,0,Zero,WB_GBIOD,Global Biodiversity Data,land,0,Units,nan,,COUNT,Count (Integer),P1Y,Annual,,nan,,nan,
datastructure,WB.DATA360:DS_DATA360(1.2),I,A,Annual,BFA,Burkina Faso,WB_GBIOD_N_SPP_SMALL50XENDEMIC100,Number of endemic species with small occurrence regions (50x50),_Z,Not applicable,_Z,Not applicable,_Z,Not applicable,COUNT,Count,_Z,Not Applicable,_Z,Not Applicable,_Z,Not Applicable,2024,6.0,_Z,Not Applicable,0,Zero,WB_GBIOD,Global Biodiversity Data,land,0,Units,nan,,COUNT,Count (Integer),P1Y,Annual,,nan,,nan,
datastructure,WB.DATA360:DS_DATA360(1.2),I,A,Annual,BDI,Burundi,WB_GBIOD_N_SPP_SMALL50XENDEMIC100,Number of endemic species with small occurrence regions (50x50),_Z,Not applicable,_Z,Not applicable,_Z,Not applicable,COUNT,Count,_Z,Not Applicable,_Z,Not Applicable,_Z,Not Applicable,2024,41.0,_Z,Not Applicable,0,Zero,WB_GBIOD,Global Biodiversity Data,land,0,Units,nan,,COUNT,Count (Integer),P1Y,Annual,,nan,,nan,
datastructure,WB.DATA360:DS_DATA360(1.2),I,A,Annual,CAF,Central African Republic,WB_GBIOD_N_SPP_SMALL50XENDEMIC100,Number of endemic species with small occurrence regions (50x50),_Z,Not applicable,_Z,Not applicable,_Z,Not applicable,COUNT,Count,_Z,Not Applicable,_Z,Not Applicable,_Z,Not Applicable,2024,15.0,_Z,Not Applicable,0,Zero,WB_GBIOD,Global Biodiversity Data,land,0,Units,nan,,COUNT,Count (Integer),P1Y,Annual,,nan,,nan,
datastructure,WB.DATA360:DS_DATA360(1.2),I,A,Annual,TCD,Chad,WB_GBIOD_N_SPP_SMALL50XENDEMIC100,Number of endemic species with small occurrence regions (50x50),_Z,Not applicable,_Z,Not applicable,_Z,Not applicable,COUNT,Count,_Z,Not Applicable,_Z,Not Applicable,_Z,Not Applicable,2024,1.0,_Z,Not Applicable,0,Zero,WB_GBIOD,Global Biodiversity Data,land,0,Units,nan,,COUNT,Count (Integer),P1Y,Annual,,nan,,nan,
datastructure,WB.DATA360:DS_DATA360(1.2),I,A,Annual,CZE,Czechia,WB_GBIOD_N_SPP_SMALL50XENDEMIC100,Number of endemic species with small occurrence regions (50x50),_Z,Not applicable,_Z,Not applicable,_Z,Not applicable,COUNT,Count,_Z,Not Applicable,_Z,Not Applicable,_Z,Not Applicable,2024,8.0,_Z,Not Applicable,0,Zero,WB_GBIOD,Global Biodiversity Data,land,0,Units,nan,,COUNT,Count (Integer),P1Y,Annual,,nan,,nan,
datastructure,WB.DATA360:DS_DATA360(1.2),I,A,Annual,SWZ,Eswatini,WB_GBIOD_N_SPP_SMALL50XENDEMIC100,Number of endemic species with small occurrence regions (50x50),_Z,Not applicable,_Z,Not applicable,_Z,Not applicable,COUNT,Count,_Z,Not Applicable,_Z,Not Applicable,_Z,Not Applicable,2024,20.0,_Z,Not Applicable,0,Zero,WB_GBIOD,Global Biodiversity Data,land,0,Units,nan,,COUNT,Count (Integer),P1Y,Annual,,nan,,nan,
datastructure,WB.DATA360:DS_DATA360(1.2),I,A,Annual,ETH,Ethiopia,WB_GBIOD_N_SPP_SMALL50XENDEMIC100,Number of endemic species with small occurrence regions (50x50),_Z,Not applicable,_Z,Not applicable,_Z,Not applicable,COUNT,Count,_Z,Not Applicable,_Z,Not Applicable,_Z,Not Applicable,2024,144.0,_Z,Not Applicable,0,Zero,WB_GBIOD,Global Biodiversity Data,land,0,Units,nan,,COUNT,Count (Integer),P1Y,Annual,,nan,,nan,
datastructure,WB.DATA360:DS_DATA360(1.2),I,A,Annual,HKG,"Hong Kong SAR, China",WB_GBIOD_N_SPP_SMALL50XENDEMIC100,Number of endemic species with small occurrence regions (50x50),_Z,Not applicable,_Z,Not applicable,_Z,Not applicable,COUNT,Count,_Z,Not Applicable,_Z,Not Applicable,_Z,Not Applicable,2024,42.0,_Z,Not Applicable,0,Zero,WB_GBIOD,Global Biodiversity Data,land,0,Units,nan,,COUNT,Count (Integer),P1Y,Annual,,nan,,nan,
datastructure,WB.DATA360:DS_DATA360(1.2),I,A,Annual,HUN,Hungary,WB_GBIOD_N_SPP_SMALL50XENDEMIC100,Number of endemic species with small occurrence regions (50x50),_Z,Not applicable,_Z,Not applicable,_Z,Not applicable,COUNT,Count,_Z,Not Applicable,_Z,Not Applicable,_Z,Not Applicable,2024,18.0,_Z,Not Applicable,0,Zero,WB_GBIOD,Global Biodiversity Data,land,0,Units,nan,,COUNT,Count (Integer),P1Y,Annual,,nan,,nan,
datastructure,WB.DATA360:DS_DATA360(1.2),I,A,Annual,IMN,Isle of Man,WB_GBIOD_N_SPP_SMALL50XENDEMIC100,Number of endemic species with small occurrence regions (50x50),_Z,Not applicable,_Z,Not applicable,_Z,Not applicable,COUNT,Count,_Z,Not Applicable,_Z,Not Applicable,_Z,Not Applicable,2024,0.0,_Z,Not Applicable,0,Zero,WB_GBIOD,Global Biodiversity Data,land,0,Units,nan,,COUNT,Count (Integer),P1Y,Annual,,nan,,nan,
datastructure,WB.DATA360:DS_DATA360(1.2),I,A,Annual,XKX,Kosovo,WB_GBIOD_N_SPP_SMALL50XENDEMIC100,Number of endemic species with small occurrence regions (50x50),_Z,Not applicable,_Z,Not applicable,_Z,Not applicable,COUNT,Count,_Z,Not Applicable,_Z,Not Applicable,_Z,Not Applicable,2024,1.0,_Z,Not Applicable,0,Zero,WB_GBIOD,Global Biodiversity Data,land,0,Units,nan,,COUNT,Count (Integer),P1Y,Annual,,nan,,nan,
datastructure,WB.DATA360:DS_DATA360(1.2),I,A,Annual,KGZ,Kyrgyz Republic,WB_GBIOD_N_SPP_SMALL50XENDEMIC100,Number of endemic species with small occurrence regions (50x50),_Z,Not applicable,_Z,Not applicable,_Z,Not applicable,COUNT,Count,_Z,Not Applicable,_Z,Not Applicable,_Z,Not Applicable,2024,60.0,_Z,Not Applicable,0,Zero,WB_GBIOD,Global Biodiversity Data,land,0,Units,nan,,COUNT,Count (Integer),P1Y,Annual,,nan,,nan,
datastructure,WB.DATA360:DS_DATA360(1.2),I,A,Annual,LAO,Lao PDR,WB_GBIOD_N_SPP_SMALL50XENDEMIC100,Number of endemic species with small occurrence regions (50x50),_Z,Not applicable,_Z,Not applicable,_Z,Not applicable,COUNT,Count,_Z,Not Applicable,_Z,Not Applicable,_Z,Not Applicable,2024,100.0,_Z,Not Applicable,0,Zero,WB_GBIOD,Global Biodiversity Data,land,0,Units,nan,,COUNT,Count (Integer),P1Y,Annual,,nan,,nan,
datastructure,WB.DATA360:DS_DATA360(1.2),I,A,Annual,LSO,Lesotho,WB_GBIOD_N_SPP_SMALL50XENDEMIC100,Number of endemic species with small occurrence regions (50x50),_Z,Not applicable,_Z,Not applicable,_Z,Not applicable,COUNT,Count,_Z,Not Applicable,_Z,Not Applicable,_Z,Not Applicable,2024,3.0,_Z,Not Applicable,0,Zero,WB_GBIOD,Global Biodiversity Data,land,0,Units,nan,,COUNT,Count (Integer),P1Y,Annual,,nan,,nan,
datastructure,WB.DATA360:DS_DATA360(1.2),I,A,Annual,LIE,Liechtenstein,WB_GBIOD_N_SPP_SMALL50XENDEMIC100,Number of endemic species with small occurrence regions (50x50),_Z,Not applicable,_Z,Not applicable,_Z,Not applicable,COUNT,Count,_Z,Not Applicable,_Z,Not Applicable,_Z,Not Applicable,2024,0.0,_Z,Not Applicable,0,Zero,WB_GBIOD,Global Biodiversity Data,land,0,Units,nan,,COUNT,Count (Integer),P1Y,Annual,,nan,,nan,
datastructure,WB.DATA360:DS_DATA360(1.2),I,A,Annual,LUX,Luxembourg,WB_GBIOD_N_SPP_SMALL50XENDEMIC100,Number of endemic species with small occurrence regions (50x50),_Z,Not applicable,_Z,Not applicable,_Z,Not applicable,COUNT,Count,_Z,Not Applicable,_Z,Not Applicable,_Z,Not Applicable,2024,25.0,_Z,Not Applicable,0,Zero,WB_GBIOD,Global Biodiversity Data,land,0,Units,nan,,COUNT,Count (Integer),P1Y,Annual,,nan,,nan,
datastructure,WB.DATA360:DS_DATA360(1.2),I,A,Annual,MAC,"Macao SAR, China",WB_GBIOD_N_SPP_SMALL50XENDEMIC100,Number of endemic species with small occurrence regions (50x50),_Z,Not applicable,_Z,Not applicable,_Z,Not applicable,COUNT,Count,_Z,Not Applicable,_Z,Not Applicable,_Z,Not Applicable,2024,1.0,_Z,Not Applicable,0,Zero,WB_GBIOD,Global Biodiversity Data,land,0,Units,nan,,COUNT,Count (Integer),P1Y,Annual,,nan,,nan,
datastructure,WB.DATA360:DS_DATA360(1.2),I,A,Annual,MWI,Malawi,WB_GBIOD_N_SPP_SMALL50XENDEMIC100,Number of endemic species with small occurrence regions (50x50),_Z,Not applicable,_Z,Not applicable,_Z,Not applicable,COUNT,Count,_Z,Not Applicable,_Z,Not Applicable,_Z,Not Applicable,2024,190.0,_Z,Not Applicable,0,Zero,WB_GBIOD,Global Biodiversity Data,land,0,Units,nan,,COUNT,Count (Integer),P1Y,Annual,,nan,,nan,
datastructure,WB.DATA360:DS_DATA360(1.2),I,A,Annual,MLI,Mali,WB_GBIOD_N_SPP_SMALL50XENDEMIC100,Number of endemic species with small occurrence regions (50x50),_Z,Not applicable,_Z,Not applicable,_Z,Not applicable,COUNT,Count,_Z,Not Applicable,_Z,Not Applicable,_Z,Not Applicable,2024,7.0,_Z,Not Applicable,0,Zero,WB_GBIOD,Global Biodiversity Data,land,0,Units,nan,,COUNT,Count (Integer),P1Y,Annual,,nan,,nan,
datastructure,WB.DATA360:DS_DATA360(1.2),I,A,Annual,MDA,Moldova,WB_GBIOD_N_SPP_SMALL50XENDEMIC100,Number of endemic species with small occurrence regions (50x50),_Z,Not applicable,_Z,Not applicable,_Z,Not applicable,COUNT,Count,_Z,Not Applicable,_Z,Not Applicable,_Z,Not Applicable,2024,0.0,_Z,Not Applicable,0,Zero,WB_GBIOD,Global Biodiversity Data,land,0,Units,nan,,COUNT,Count (Integer),P1Y,Annual,,nan,,nan,
datastructure,WB.DATA360:DS_DATA360(1.2),I,A,Annual,MCO,Monaco,WB_GBIOD_N_SPP_SMALL50XENDEMIC100,Number of endemic species with small occurrence regions (50x50),_Z,Not applicable,_Z,Not applicable,_Z,Not applicable,COUNT,Count,_Z,Not Applicable,_Z,Not Applicable,_Z,Not Applicable,2024,0.0,_Z,Not Applicable,0,Zero,WB_GBIOD,Global Biodiversity Data,land,0,Units,nan,,COUNT,Count (Integer),P1Y,Annual,,nan,,nan,
datastructure,WB.DATA360:DS_DATA360(1.2),I,A,Annual,MNG,Mongolia,WB_GBIOD_N_SPP_SMALL50XENDEMIC100,Number of endemic species with small occurrence regions (50x50),_Z,Not applicable,_Z,Not applicable,_Z,Not applicable,COUNT,Count,_Z,Not Applicable,_Z,Not Applicable,_Z,Not Applicable,2024,26.0,_Z,Not Applicable,0,Zero,WB_GBIOD,Global Biodiversity Data,land,0,Units,nan,,COUNT,Count (Integer),P1Y,Annual,,nan,,nan,
datastructure,WB.DATA360:DS_DATA360(1.2),I,A,Annual,NPL,Nepal,WB_GBIOD_N_SPP_SMALL50XENDEMIC100,Number of endemic species with small occurrence regions (50x50),_Z,Not applicable,_Z,Not applicable,_Z,Not applicable,COUNT,Count,_Z,Not Applicable,_Z,Not Applicable,_Z,Not Applicable,2024,123.0,_Z,Not Applicable,0,Zero,WB_GBIOD,Global Biodiversity Data,land,0,Units,nan,,COUNT,Count (Integer),P1Y,Annual,,nan,,nan,
datastructure,WB.DATA360:DS_DATA360(1.2),I,A,Annual,NER,Niger,WB_GBIOD_N_SPP_SMALL50XENDEMIC100,Number of endemic species with small occurrence regions (50x50),_Z,Not applicable,_Z,Not applicable,_Z,Not applicable,COUNT,Count,_Z,Not Applicable,_Z,Not Applicable,_Z,Not Applicable,2024,1.0,_Z,Not Applicable,0,Zero,WB_GBIOD,Global Biodiversity Data,land,0,Units,nan,,COUNT,Count (Integer),P1Y,Annual,,nan,,nan,
datastructure,WB.DATA360:DS_DATA360(1.2),I,A,Annual,MKD,North Macedonia,WB_GBIOD_N_SPP_SMALL50XENDEMIC100,Number of endemic species with small occurrence regions (50x50),_Z,Not applicable,_Z,Not applicable,_Z,Not applicable,COUNT,Count,_Z,Not Applicable,_Z,Not Applicable,_Z,Not Applicable,2024,25.0,_Z,Not Applicable,0,Zero,WB_GBIOD,Global Biodiversity Data,land,0,Units,nan,,COUNT,Count (Integer),P1Y,Annual,,nan,,nan,
datastructure,WB.DATA360:DS_DATA360(1.2),I,A,Annual,PRY,Paraguay,WB_GBIOD_N_SPP_SMALL50XENDEMIC100,Number of endemic species with small occurrence regions (50x50),_Z,Not applicable,_Z,Not applicable,_Z,Not applicable,COUNT,Count,_Z,Not Applicable,_Z,Not Applicable,_Z,Not Applicable,2024,64.0,_Z,Not Applicable,0,Zero,WB_GBIOD,Global Biodiversity Data,land,0,Units,nan,,COUNT,Count (Integer),P1Y,Annual,,nan,,nan,
datastructure,WB.DATA360:DS_DATA360(1.2),I,A,Annual,RWA,Rwanda,WB_GBIOD_N_SPP_SMALL50XENDEMIC100,Number of endemic species with small occurrence regions (50x50),_Z,Not applicable,_Z,Not applicable,_Z,Not applicable,COUNT,Count,_Z,Not Applicable,_Z,Not Applicable,_Z,Not Applicable,2024,32.0,_Z,Not Applicable,0,Zero,WB_GBIOD,Global Biodiversity Data,land,0,Units,nan,,COUNT,Count (Integer),P1Y,Annual,,nan,,nan,
datastructure,WB.DATA360:DS_DATA360(1.2),I,A,Annual,SMR,San Marino,WB_GBIOD_N_SPP_SMALL50XENDEMIC100,Number of endemic species with small occurrence regions (50x50),_Z,Not applicable,_Z,Not applicable,_Z,Not applicable,COUNT,Count,_Z,Not Applicable,_Z,Not Applicable,_Z,Not Applicable,2024,0.0,_Z,Not Applicable,0,Zero,WB_GBIOD,Global Biodiversity Data,land,0,Units,nan,,COUNT,Count (Integer),P1Y,Annual,,nan,,nan,
datastructure,WB.DATA360:DS_DATA360(1.2),I,A,Annual,SRB,Serbia,WB_GBIOD_N_SPP_SMALL50XENDEMIC100,Number of endemic species with small occurrence regions (50x50),_Z,Not applicable,_Z,Not applicable,_Z,Not applicable,COUNT,Count,_Z,Not Applicable,_Z,Not Applicable,_Z,Not Applicable,2024,16.0,_Z,Not Applicable,0,Zero,WB_GBIOD,Global Biodiversity Data,land,0,Units,nan,,COUNT,Count (Integer),P1Y,Annual,,nan,,nan,
datastructure,WB.DATA360:DS_DATA360(1.2),I,A,Annual,SVK,Slovak Republic,WB_GBIOD_N_SPP_SMALL50XENDEMIC100,Number of endemic species with small occurrence regions (50x50),_Z,Not applicable,_Z,Not applicable,_Z,Not applicable,COUNT,Count,_Z,Not Applicable,_Z,Not Applicable,_Z,Not Applicable,2024,38.0,_Z,Not Applicable,0,Zero,WB_GBIOD,Global Biodiversity Data,land,0,Units,nan,,COUNT,Count (Integer),P1Y,Annual,,nan,,nan,
datastructure,WB.DATA360:DS_DATA360(1.2),I,A,Annual,SGS,South Georgia and the South Sandwich Islands,WB_GBIOD_N_SPP_SMALL50XENDEMIC100,Number of endemic species with small occurrence regions (50x50),_Z,Not applicable,_Z,Not applicable,_Z,Not applicable,COUNT,Count,_Z,Not Applicable,_Z,Not Applicable,_Z,Not Applicable,2024,0.0,_Z,Not Applicable,0,Zero,WB_GBIOD,Global Biodiversity Data,land,0,Units,nan,,COUNT,Count (Integer),P1Y,Annual,,nan,,nan,
datastructure,WB.DATA360:DS_DATA360(1.2),I,A,Annual,SSD,South Sudan,WB_GBIOD_N_SPP_SMALL50XENDEMIC100,Number of endemic species with small occurrence regions (50x50),_Z,Not applicable,_Z,Not applicable,_Z,Not applicable,COUNT,Count,_Z,Not Applicable,_Z,Not Applicable,_Z,Not Applicable,2024,0.0,_Z,Not Applicable,0,Zero,WB_GBIOD,Global Biodiversity Data,land,0,Units,nan,,COUNT,Count (Integer),P1Y,Annual,,nan,,nan,
datastructure,WB.DATA360:DS_DATA360(1.2),I,A,Annual,CHE,Switzerland,WB_GBIOD_N_SPP_SMALL50XENDEMIC100,Number of endemic species with small occurrence regions (50x50),_Z,Not applicable,_Z,Not applicable,_Z,Not applicable,COUNT,Count,_Z,Not Applicable,_Z,Not Applicable,_Z,Not Applicable,2024,107.0,_Z,Not Applicable,0,Zero,WB_GBIOD,Global Biodiversity Data,land,0,Units,nan,,COUNT,Count (Integer),P1Y,Annual,,nan,,nan,
datastructure,WB.DATA360:DS_DATA360(1.2),I,A,Annual,TJK,Tajikistan,WB_GBIOD_N_SPP_SMALL50XENDEMIC100,Number of endemic species with small occurrence regions (50x50),_Z,Not applicable,_Z,Not applicable,_Z,Not applicable,COUNT,Count,_Z,Not Applicable,_Z,Not Applicable,_Z,Not Applicable,2024,47.0,_Z,Not Applicable,0,Zero,WB_GBIOD,Global Biodiversity Data,land,0,Units,nan,,COUNT,Count (Integer),P1Y,Annual,,nan,,nan,
datastructure,WB.DATA360:DS_DATA360(1.2),I,A,Annual,UGA,Uganda,WB_GBIOD_N_SPP_SMALL50XENDEMIC100,Number of endemic species with small occurrence regions (50x50),_Z,Not applicable,_Z,Not applicable,_Z,Not applicable,COUNT,Count,_Z,Not Applicable,_Z,Not Applicable,_Z,Not Applicable,2024,152.0,_Z,Not Applicable,0,Zero,WB_GBIOD,Global Biodiversity Data,land,0,Units,nan,,COUNT,Count (Integer),P1Y,Annual,,nan,,nan,
datastructure,WB.DATA360:DS_DATA360(1.2),I,A,Annual,UKR,Ukraine,WB_GBIOD_N_SPP_SMALL50XENDEMIC100,Number of endemic species with small occurrence regions (50x50),_Z,Not applicable,_Z,Not applicable,_Z,Not applicable,COUNT,Count,_Z,Not Applicable,_Z,Not Applicable,_Z,Not Applicable,2024,154.0,_Z,Not Applicable,0,Zero,WB_GBIOD,Global Biodiversity Data,land,0,Units,nan,,COUNT,Count (Integer),P1Y,Annual,,nan,,nan,
datastructure,WB.DATA360:DS_DATA360(1.2),I,A,Annual,UZB,Uzbekistan,WB_GBIOD_N_SPP_SMALL50XENDEMIC100,Number of endemic species with small occurrence regions (50x50),_Z,Not applicable,_Z,Not applicable,_Z,Not applicable,COUNT,Count,_Z,Not Applicable,_Z,Not Applicable,_Z,Not Applicable,2024,47.0,_Z,Not Applicable,0,Zero,WB_GBIOD,Global Biodiversity Data,land,0,Units,nan,,COUNT,Count (Integer),P1Y,Annual,,nan,,nan,
datastructure,WB.DATA360:DS_DATA360(1.2),I,A,Annual,PSE,West Bank and Gaza,WB_GBIOD_N_SPP_SMALL50XENDEMIC100,Number of endemic species with small occurrence regions (50x50),_Z,Not applicable,_Z,Not applicable,_Z,Not applicable,COUNT,Count,_Z,Not Applicable,_Z,Not Applicable,_Z,Not Applicable,2024,7.0,_Z,Not Applicable,0,Zero,WB_GBIOD,Global Biodiversity Data,land,0,Units,nan,,COUNT,Count (Integer),P1Y,Annual,,nan,,nan,
datastructure,WB.DATA360:DS_DATA360(1.2),I,A,Annual,ZMB,Zambia,WB_GBIOD_N_SPP_SMALL50XENDEMIC100,Number of endemic species with small occurrence regions (50x50),_Z,Not applicable,_Z,Not applicable,_Z,Not applicable,COUNT,Count,_Z,Not Applicable,_Z,Not Applicable,_Z,Not Applicable,2024,63.0,_Z,Not Applicable,0,Zero,WB_GBIOD,Global Biodiversity Data,land,0,Units,nan,,COUNT,Count (Integer),P1Y,Annual,,nan,,nan,
datastructure,WB.DATA360:DS_DATA360(1.2),I,A,Annual,ZWE,Zimbabwe,WB_GBIOD_N_SPP_SMALL50XENDEMIC100,Number of endemic species with small occurrence regions (50x50),_Z,Not applicable,_Z,Not applicable,_Z,Not applicable,COUNT,Count,_Z,Not Applicable,_Z,Not Applicable,_Z,Not Applicable,2024,43.0,_Z,Not Applicable,0,Zero,WB_GBIOD,Global Biodiversity Data,land,0,Units,nan,,COUNT,Count (Integer),P1Y,Annual,,nan,,nan,
