accepted_id,canonicalName,phylum,family,genus,study_count
2703459,Oryza sativa,Tracheophyta,Poaceae,Oryza,90
2930137,Solanum lycopersicum,Tracheophyta,Solanaceae,Solanum,90
5290052,Zea mays,Tracheophyta,Poaceae,Zea,83
7795888,Triticum aestivum,Tracheophyta,Poaceae,Triticum,70
3052436,Arabidopsis thaliana,Tracheophyta,Brassicaceae,Arabidopsis,53
2706241,Lolium perenne,Tracheophyta,Poaceae,Lolium,44
5359660,Glycine max,Tracheophyta,Fabaceae,Glycine,39
5372392,Vitis vinifera,Tracheophyta,Vitaceae,Vitis,39
2706231,Lolium arundinaceum,Tracheophyta,Poaceae,Lolium,28
2703912,Saccharum officinarum,Tracheophyta,Poaceae,Saccharum,27
2706056,Hordeum vulgare,Tracheophyta,Poaceae,Hordeum,25
3001244,Malus domestica,Tracheophyta,Rosaceae,Malus,25
2930262,Solanum tuberosum,Tracheophyta,Solanaceae,Solanum,23
3189635,Camellia sinensis,Tracheophyta,Theaceae,Camellia,21
2928774,Nicotiana tabacum,Tracheophyta,Solanaceae,Nicotiana,20
2895345,Coffea arabica,Tracheophyta,Rubiaceae,Coffea,19
2704922,Festuca rubra,Tracheophyta,Poaceae,Festuca,18
2932944,Capsicum annuum,Tracheophyta,Solanaceae,Capsicum,18
5285637,Pinus sylvestris,Tracheophyta,Pinaceae,Pinus,18
5415040,Olea europaea,Tracheophyta,Oleaceae,Olea,18
3152661,Gossypium hirsutum,Tracheophyta,Malvaceae,Gossypium,17
2874569,Cucumis sativus,Tracheophyta,Cucurbitaceae,Cucumis,16
3042636,Brassica napus,Tracheophyta,Brassicaceae,Brassica,15
5350452,Phaseolus vulgaris,Tracheophyta,Fabaceae,Phaseolus,15
5353770,Arachis hypogaea,Tracheophyta,Fabaceae,Arachis,15
2857697,Allium cepa,Tracheophyta,Amaryllidaceae,Allium,12
2875979,Corylus avellana,Tracheophyta,Betulaceae,Corylus,12
2947311,Cicer arietinum,Tracheophyta,Fabaceae,Cicer,12
3042845,Brassica oleracea,Tracheophyta,Brassicaceae,Brassica,12
2762680,Musa acuminata,Tracheophyta,Musaceae,Musa,11
3169830,Catharanthus roseus,Tracheophyta,Apocynaceae,Catharanthus,11
3172358,Fraxinus excelsior,Tracheophyta,Oleaceae,Fraxinus,11
5372262,Panax ginseng,Tracheophyta,Araliaceae,Panax,11
2705181,Sorghum bicolor,Tracheophyta,Poaceae,Sorghum,10
7403263,Lactuca sativa,Tracheophyta,Asteraceae,Lactuca,10
7903057,Brassica rapa,Tracheophyta,Brassicaceae,Brassica,10
2874570,Cucumis melo,Tracheophyta,Cucurbitaceae,Cucumis,9
2882316,Fagus sylvatica,Tracheophyta,Fagaceae,Fagus,9
2882849,Vaccinium corymbosum,Tracheophyta,Ericaceae,Vaccinium,9
3190638,Mangifera indica,Tracheophyta,Anacardiaceae,Mangifera,9
5284884,Picea abies,Tracheophyta,Pinaceae,Picea,9
5317489,Dendrobium nobile,Tracheophyta,Orchidaceae,Dendrobium,9
8373355,Artemisia annua,Tracheophyta,Asteraceae,Artemisia,9
2688470,Huperzia serrata,Tracheophyta,Lycopodiaceae,Huperzia,8
3152205,Theobroma cacao,Tracheophyta,Malvaceae,Theobroma,8
5290149,Phragmites australis,Tracheophyta,Poaceae,Phragmites,8
7861283,Glycyrrhiza uralensis,Tracheophyta,Fabaceae,Glycyrrhiza,8
2687885,Ginkgo biloba,Tracheophyta,Ginkgoaceae,Ginkgo,7
2874484,Carica papaya,Tracheophyta,Caricaceae,Carica,7
2925403,Avicennia marina,Tracheophyta,Acanthaceae,Avicennia,7
3071171,Hevea brasiliensis,Tracheophyta,Euphorbiaceae,Hevea,7
3083935,Chenopodium quinoa,Tracheophyta,Amaranthaceae,Chenopodium,7
3086528,Rhizophora mangle,Tracheophyta,Rhizophoraceae,Rhizophora,7
5285215,Pinus massoniana,Tracheophyta,Pinaceae,Pinus,7
5328663,Posidonia oceanica,Tracheophyta,Posidoniaceae,Posidonia,7
5333294,Castanea sativa,Tracheophyta,Fagaceae,Castanea,7
5420380,Psidium guajava,Tracheophyta,Myrtaceae,Psidium,7
5421368,Anacardium occidentale,Tracheophyta,Anacardiaceae,Anacardium,7
6362904,Populus trichocarpa,Tracheophyta,Salicaceae,Populus,7
8877811,Panax notoginseng,Tracheophyta,Araliaceae,Panax,7
9151957,Medicago sativa,Tracheophyta,Fabaceae,Medicago,7
2705308,Dactylis glomerata,Tracheophyta,Poaceae,Dactylis,6
2974832,Vicia faba,Tracheophyta,Fabaceae,Vicia,6
3122433,Atractylodes lancea,Tracheophyta,Asteraceae,Atractylodes,6
5285241,Pinus taeda,Tracheophyta,Pinaceae,Pinus,6
5285727,Pinus radiata,Tracheophyta,Pinaceae,Pinus,6
5295929,Paris polyphylla,Tracheophyta,Melanthiaceae,Paris,6
5317472,Dendrobium officinale,Tracheophyta,Orchidaceae,Dendrobium,6
5345341,Astragalus mongholicus,Tracheophyta,Fabaceae,Astragalus,6
5414566,Calotropis procera,Tracheophyta,Apocynaceae,Calotropis,6
8971274,Beta vulgaris,Tracheophyta,Amaranthaceae,Beta,6
9206251,Helianthus annuus,Tracheophyta,Asteraceae,Helianthus,6
2705290,Avena sativa,Tracheophyta,Poaceae,Avena,5
2731882,Elaeis guineensis,Tracheophyta,Arecaceae,Elaeis,5
2747430,Crocus sativus,Tracheophyta,Iridaceae,Crocus,5
2757280,Zingiber officinale,Tracheophyta,Zingiberaceae,Zingiber,5
2982380,Vigna radiata,Tracheophyta,Fabaceae,Vigna,5
3054368,Juglans regia,Tracheophyta,Juglandaceae,Juglans,5
3173178,Andrographis paniculata,Tracheophyta,Acanthaceae,Andrographis,5
3189486,Hypericum perforatum,Tracheophyta,Hypericaceae,Hypericum,5
3189949,Paullinia cupana,Tracheophyta,Sapindaceae,Paullinia,5
3973001,Vicia lens,Tracheophyta,Fabaceae,Vicia,5
4141276,Achnatherum sibiricum,Tracheophyta,Poaceae,Achnatherum,5
4141881,Achnatherum inebrians,Tracheophyta,Poaceae,Achnatherum,5
5285104,Pinus densiflora,Tracheophyta,Pinaceae,Pinus,5
5347846,Lathyrus oleraceus,Tracheophyta,Fabaceae,Lathyrus,5
5380041,Ricinus communis,Tracheophyta,Euphorbiaceae,Ricinus,5
5523984,Aquilaria sinensis,Tracheophyta,Thymelaeaceae,Aquilaria,5
5524063,Aquilaria malaccensis,Tracheophyta,Thymelaeaceae,Aquilaria,5
8077391,Citrus aurantium,Tracheophyta,Rutaceae,Citrus,5
12239479,Salicornia europaea,Tracheophyta,Amaranthaceae,Salicornia,4
2706026,Miscanthus sinensis,Tracheophyta,Poaceae,Miscanthus,4
2706164,Holcus lanatus,Tracheophyta,Poaceae,Holcus,4
2706435,Agrostis stolonifera,Tracheophyta,Poaceae,Agrostis,4
2866113,Enhalus acoroides,Tracheophyta,Hydrocharitaceae,Enhalus,4
2874190,Passiflora edulis,Tracheophyta,Passifloraceae,Passiflora,4
2874508,Cucurbita pepo,Tracheophyta,Cucurbitaceae,Cucurbita,4
2874621,Citrullus lanatus,Tracheophyta,Cucurbitaceae,Citrullus,4
2876213,Alnus glutinosa,Tracheophyta,Betulaceae,Alnus,4
2882833,Vaccinium myrtillus,Tracheophyta,Ericaceae,Vaccinium,4
