tissue_token,study_count
root,5436
leaf,3621
stem,2068
seed,1730
fruit,324
wood,245
rhizosphere,242
soil,199
tuber,184
bark,159
needle,130
flower,122
foliar,114
endophytic,108
rhizome,98
nodule,92
reproductive,77
grass,45
plant,39
phyllosphere,37
foliage,36
pasture,30
xylem,29
plants,27
mycelium,23
petiole,21
mycelia,19
plant tissue,19
tiller,19
internal tissues,18
culture,17
endophyte,16
seaweed,16
litter,13
endosphere,12
forage,12
grasses,12
aboveground,11
thalli,10
gall,9
inflorescences,9
stroma,9
tree,9
whole plant,9
aboveground tissues,8
callus,8
sheath,8
hay,7
liver,7
phylloplane,7
planta,7
plants as a whole,7
suspension cells,7
above-ground tissues,6
corm,6
culture broth,6
fermentation broth,6
grass tissue,6
herbage,6
phloem,6
plantlets,6
rhizoids,6
sclerotia,6
stalk,6
straw,6
various tissues,6
aboveground biomass,5
buds,5
cortex,5
cultures,5
ear,5
epiphytic,5
fresh tissue,5
fronds,5
host tissue,5
inflorescence,5
marine red alga,5
none specified,5
pollen,5
skin,5
stromata,5
aboveground parts,4
blood,4
cell culture,4
cell suspension culture,4
conidia,4
crown,4
cultured,4
different tissues,4
galls,4
grass blade,4
host plant,4
hyphae,4
in planta,4
infected tissue,4
interior tissues,4
internal tissues of plants,4
intracellular,4
lichen thalli,4
notspecified,4
plant as a whole,4
plant host,4
plant material,4
rhizoma,4
rhizospheric,4
rumen,4
sheaths,4
solid cultures,4
spikes,4
spines,4
spores,4
sprouts,4
surface,4
vegetative tissues,4
above-ground parts,3
aerial part,3
air,3
algal tissue,3
apoplast,3
asymptomatic tissues,3
bulk soil,3
canes,3
cladodes,3
embryo,3
endophytic fungus,3
endorhiza,3
entire plant,3
grass samples,3
grass tissues,3
gut,3
host plants,3
host tissues,3
intercellular,3
internal,3
larvae,3
nut,3
organs,3
peel,3
petals,3
pinnules,3
plant endophyte,3
plant interior,3
pod,3
rhizospheric soil,3
sap,3
stomata,3
suspension culture,3
tillers,3
tissues,3
wound,3
above-ground biomass,2
above-ground organs,2
above-ground tissue,2
aerial,2
aerial plant parts,2
aerial regions,2
anther,2
anthers,2
apoplast fluid,2
broth,2
broth extract,2
broth fermentation,2
calli,2
cambium,2
canopy,2
cell suspension,2
cell suspension cultures,2
cells,2
coleoptile,2
coleoptiles,2
crop,2
culture extract,2
cultured on rice,2
cuttings,2
diet,2
ears,2
endemic plant,2
endolichenic,2
endophytes,2
environment,2
epidermal cells,2
epidermal tissues,2
epiphyte,2
frond,2
generative organs,2
grass biomass,2
grass clippings,2
grass host,2
grass pasture,2
grazing pasture,2
haustoria,2
head,2
healthy photosynthetic tissues,2
healthy plant parts,2
host,2
hypocotyl,2
hypocotyls,2
in vitro,2
infected grass,2
infected plant,2
infected tissues,2
integument,2
intercellular niche,2
intercellular spaces,2
interior of plants,2
interior of the plant,2
interior plant tissue,2
internal organs,2
internal tissues of living plants,2
laboratory cultures,2
lateral buds,2
lateral saphenous vein,2
latex,2
lichen,2
living,2
lung,2
macrophages,2
mangrove plant,2
marine alga,2
moss,2
not specifically mentioned,2
notum,2
nymphs,2
oral mucosa,2
ovaries,2
pedicel,2
photosynthetic tissues,2
plant cells,2
plant organs,2
plant parts,2
plant samples,2
plantlet,2
pods,2
pruning wounds,2
pupae,2
rhizoid,2
rhizoplane,2
rice,2
rice plant,2
rumen fluid,2
senescent tissues,2
silks,2
solid rice medium,2
sprout,2
stalks,2
submerged parts,2
substrate,2
suspension cell culture,2
symptomatic,2
tissues of the plant,2
tissues of various plants,2
tomato plants,2
undisclosed,2
various plant parts,2
vascular,2
vascular bundles,2
vascular tissues,2
vegetative organs,2
vegetative tissue,2
within plant,2
6 colonies,1
above ground dry matter,1
above-,1
above-ground,1
above-ground plant material,1
above-ground plant tissue,1
aboveground litter,1
aboveground organs,1
aboveground tissues of frond blades,1
adrenal glands,1
adult body,1
adult i sexdentatus,1
adult stage,1
aerial biomass,1
aerial crown,1
aerial crown gall tumors,1
aerial host tissues,1
aerial hyphae,1
aerial plant organs,1
aerial spores,1
agar media,1
ages,1
agricultural wastes,1
air particulate matter,1
air-borne,1
airborne,1
airborne aerosols,1
alga,1
algae tissue,1
algal cells,1
algal filaments,1
algal receptacles,1
algicolous endophytic,1
alimentary tract,1
all organs,1
all parts of g rigescens plants,1
all plant parts,1
all sampled hazelnut organs,1
all sugar beet,1
almond,1
almonds,1
anterior pituitary,1
aphid,1
aphid cuticle,1
aphids body,1
apices,1
apoplastic protein fraction,1
apple,1
apple parts,1
arils,1
ascospore,1
aseptic agar media,1
asparagus spears,1
associated,1
associated endophytic fungus,1
associated with moss,1
associated with moss colonies,1
associated with the medicinal plant,1
asymptomatic common bean,1
asymptomatic plant,1
asymptomatic plants,1
asymptomatic tillers,1
autotrophic tissue cultures,1
axenic plantlets obtained from cariopses,1
axenic rice culture,1
axes,1
axillary buds,1
axis,1
bacteriome,1
bamboo tissues,1
barley samples,1
basal,1
base of the plant,1
base of the sward,1
basidioma,1
basidiomata,1
bean,1
bean plants,1
beechnut,1
below-ground organs,1
below-ground tissues,1
belowground biomass,1
belowground parts,1
billet,1
biomass extracts,1
blade,1
blades,1
blades for p peregrinum,1
blood culture,1
blood serum,1
blossoms,1
body tissues,1
bone marrow,1
bovine lateral saphenous vein,1
bract,1
brain,1
broth culture,1
brown algae,1
bryophyte,1
bryophyte tissue,1
bryophytes,1
bryosphere,1
bulked samples,1
cabbage,1
cacao pods surface,1
cactus tissue,1
cadaver,1
callus cultures,1
callus liquid cultures,1
callus material of beech,1
cambial region of the tree limbs,1
cane,1
canker,1
canker on tree,1
cankers,1
cankers associated with n arbuti infection,1
canopy soil,1
capitula,1
capsule,1
caterpillar,1
caudal arteries,1
caudal artery,1
caulosphere,1
cell,1
cell cultures,1
cell line,1
cell lineage,1
cell lines,1
cell wall,1
cell wall residues,1
cellulose,1
cellulose-based medium,1
chemical-epigenetic cultures,1
citrus tissues,1
clumps,1
cob,1
cocoa pods,1
coffee berries,1
colitis,1
colonized tissues,1
commercial biocontrol products,1
cone,1
conidia derived from lesions,1
conidiospores obtained from the atmosphere,1
conidium,1
core rot,1
cork,1
corn fiber,1
cornea,1
cotton,1
cotyledon,1
crop residue,1
crops,1
crude extract from the endophytic fungus,1
crude extract via hplc-hrms-spe-nmr,1
culture broths,1
culture extracts,1
culture filtrate,1
culture filtrates,1
culture medium,1
culture of endophytic fungus,1
culture of fungus,1
culture solution,1
cultured broth,1
cultured fungus,1
cultured in solid medium,1
cultured mycelia,1
cultured solid,1
cultured solid cultures,1
cultures of an isolate,1
cultures of endophytic fungus,1
cultures of penicillium sp,1
cupule litter,1
cut surface,1
cuticle,1
cyst,1
cysts,1
dead stalks,1
decaying grass,1
decaying plants,1
different organs,1
different organs of a indica,1
different organs of l radiata,1
different parts of jute plant,1
different tissue parts of licorice,1
different tissue types,1
different tissues of brugmansia aurea lagerh,1
digestive tract,1
digestive tracts,1
disease symptoms,1
diseased samples from various orchards,1
diseased tissue,1
diseased tissues,1
distal colon,1
diverse parts throughout plant kingdom,1
dna,1
dna from endophyte-infected tall fescue,1
dormant buds,1
dormant vegetative buds,1
dorsal pedal vein,1
dried plant material,1
droppings,1
dry yellow foxtail,1
dung,1
ectomycorrhizae,1
ectomycorrhizas,1
edible parts,1
egg,1
eggs,1
eggshell surface,1
embryonic tissue,1
embryos,1
endo-microbiomes,1
endolichenic fungi,1
endolichenic stages,1
endolithic,1
endophyte in grass,1
endophyte of plant,1
endophytic association,1
endophytic communities,1
endophytic community in plants,1
endophytic compartments of plants,1
endophytic fungus cultured under solid rice medium,1
endophytic hyphae,1
endophytic isolated from plant tissue,1
endophytic microbiome of hazelnut,1
endophytic tissue,1
endosymbiont,1
endotrophic,1
environmental exposure,1
environmental substrata,1
epibiotic upon the surface of ferns,1
epidermal strips,1
epiphytes,1
epiphytic vine,1
episphere,1
ergot sclerotia,1
erythrocytes,1
explants,1
external fungal structures,1
faeces,1
feces,1
fermentation product,1
fermentation products,1
fern-leaved grevillea tree,1
field conditions,1
figs,1
floral buds,1
floral tissues,1
floret,1
florets stamens,1
forage grasses,1
fungal comb,1
fungal garden,1
fungal tissues,1
gall cortex,1
gall rust tumors,1
gall tissue,1
gallery,1
gastrointestinal tract,1
gel,1
genome,1
genomic dna of calluses,1
genomic sequences,1
germ tube,1
germlings,1
germs,1
gi tract,1
graft union,1
grafting plants,1
grape bunches,1
grape cell,1
grape cells,1
grapes,1
grapevine,1
grapevine associated microbiota,1
grapevine tissues,1
grass above-ground parts,1
grass clump,1
grass herbage,1
grass hosts,1
grass individuals,1
grass litter,1
grass plant,1
grass sheaths,1
grass straw,1
grass stroma,1
grass sward,1
grass tillers,1
grasses of the poaceae subfamily pooideae,1
grassland,1
grazed grass,1
grazed pasture,1
green tissues of the tree,1
green-manure plants,1
growing host tissues,1
growing on agricultural waste substrates,1
gut-associated microbiomes,1
guttation fluid,1
hair,1
harvested onions,1
haustorium,1
heads,1
health tissues of plants,1
healthy,1
healthy citrus plants,1
healthy k angustifolia,1
healthy parts of ginger,1
healthy plant tissue,1
hemolymph,1
herbal medicine,1
hidden microbiomes,1
higher plant tissue,1
honey,1
host apoplast,1
host cuticle,1
host extract,1
host granulomas,1
host growth cycle,1
host organism,1
host plant tissue,1
host plants tissues,1
host substrate,1
host surface,1
hydatid cysts,1
hyphal,1
hyphal cells,1
hypocotyl cuttings,1
hypodermis,1
hypodermis of a pinnule fragment,1
immature inflorescences,1
implicitly plant surface,1
in planta environment,1
in vitro cell suspension cultures,1
in vitro liquid medium,1
in vitro mycelial growth,1
in vitro mycelium,1
indoor air,1
infected grass tissue,1
infected plant hosts,1
infected plant tissue,1
infected scale insect,1
infected tissues of f excelsior,1
infected tissues of weeds,1
infection site,1
inflorescence axis,1
inflorescence tissues,1
ingested conidia within the alimentary tracts,1
ingested through forage,1
inner compartments of the host plant,1
inner cortical cells,1
inner parts of plants,1
inner regions of various plant parts,1
inoculum multiplication,1
inorescences,1
inplant,1
insect cuticle,1
insect honeydew,1
insects body,1
inside part of plants,1
inside plant tissue,1
inter-,1
interaction with grass host,1
intercellular or intracellular host tissues,1
intercellular spaces of host grasses,1
intercellular spaces of host plants,1
intercellular spaces of the plant,1
intercellular tissues,1
interior of crops,1
interior of healthy plants,1
interior of host plants,1
interior of lichen thalli,1
interior of multiple tissues in apparently healthy hosts,1
interior of saxicolous lichens,1
interior of thai pigmented rice cultivars horn nin,1
interior plant environment,1
interior tissue,1
interior walls,1
internal host tissue,1
internal microbiome,1
internal no specific tissue mentioned,1
internal plant tissue,1
internal tissue,1
internal tissue of plants,1
internal tissues of fungi-infected peanuts,1
internal tissues of host plants,1
internal tissues of the host plant,1
intestinal contents,1
intestinal tract,1
intestine,1
intestines,1
intra-cellular,1
intra-plant,1
intra-planta,1
intracellular or intercellular parts of host plants,1
intracellular within fungus,1
intraradical hyphae,1
junction of the mesocotyl,1
juvenile plant,1
kelp detritus,1
knots,1
knots caused by pseudomonas savastanoi pv savastanoi dapp-pg 722 in olive trees,1
konjac tissue,1
larva,1
laticifers,1
leave,1
lesion,1
lesions dissected from imported diseased oranges,1
lesions hard spots,1
lichen body,1
lichen surface,1
lichens,1
limbs,1
liquid medium,1
litter layers l,1
live,1
live polyp tissue,1
live tissues,1
liverwort,1
liverwort tissue,1
living material,1
living parts,1
living phloem,1
living photosynthetic tissue,1
living plants,1
living tillers,1
living tissue,1
living tissues,1
living tissues of different parts of a plant,1
living tissues of host plant,1
living tissues of the host plant,1
living tissues of visually healthy trees,1
log,1
luem pua glutinous rice,1
lungs,1
macroalgal tissue,1
macrophage,1
maize ear,1
maize plants,1
mammary gland,1
mangrove,1
marine algae,1
marine green alga,1
mature pecan nut,1
medicinal plant,1
medicinal plant tissue samples,1
medulla,1
mesocotyl,1
mesophyll,1
midgut,1
midgut lumen,1
miniestacas,1
mitochondria,1
mitochondrial genomes,1
moss layer,1
moss profile,1
moss water layer,1
mosses,1
mound soils,1
multilayered midrib tissue,1
multiple tissues of alfalfa cultivars,1
mycelia grown in culture plates,1
mycelia or fermented liquor,1
mycelial,1
mycelial growth on agar,1
mycelial solid culture,1
mycelial tissue,1
mycetangia of emerging females,1
mycorrhizae,1
mycorrhizal,1
mycorrhizal morphotype hyphal mantle,1
mycorrhizas,1
necrotic tissue pieces from symptomatic pears,1
nematode,1
nematode eggs,1
nest fiber,1
nest material,1
nodal segments,1
nodal segments of adult plants,1
node explants,1
nodes,1
non-embedded tissues,1
non-gall tissues,1
non-treated plant,1
nonstroma bearing tillers,1
normal tissues,1
not applied,1
not directly specified in text,1
not specific,1
not-specified-in-text,1
nuts,1
nymphal stage,1
oil body organelles,1
olive organs,1
on plant surfaces,1
onion plants,1
oral cavity,1
organ tissue,1
outer cortex of the aerial axes,1
ovarial grass,1
ovary,1
ovular nucellus,1
paddy sheath,1
painted surface,1
panicle initiation stage,1
panicles,1
parchment,1
parenchyma,1
pasture forage,1
pasture grass,1
pasture herbage,1
pasture samples,1
pathogenic fungi,1
pda medium,1
peat,1
peduncle,1
peduncles,1
pelotons,1
pericarp,1
periderm,1
periderm cells,1
perithecia,1
perithecia structure studied,1
perithecial stroma,1
phloem sap,1
phloem-feeding aphid,1
photosynthetic,1
photosynthetic tissue,1
pigeon pea,1
pinna,1
pinnae,1
plant accessions,1
plant associated,1
plant biomass,1
plant body,1
plant callus,1
plant cane,1
plant cell wall,1
plant community,1
plant growing in soil,1
plant interiors,1
plant internal tissues,1
plant litter,1
plant materials throughout the growing season,1
plant microbiome,1
plant organ infected,1
plant organs height,1
plant parts affected include those mentioned during growth,1
plant protein extracts,1
plant samples non-specific,1
plant sap,1
plant segments,1
plant structures,1
plant substrate,1
plant substrates in early stages of decay attached to host,1
plant surface,1
plant surfaces,1
plant tissue as a whole,1
plant tissue cultured,1
plant tissue in general,1
plant transcriptome,1
plant whole plant after dipping,1
plant-derived endophytic fungus,1
planting material,1
plants in general,1
plants soil,1
plants were asymptomatic,1
plants without specific tissue mentioned,1
plasma,1
plasma membrane,1
pleural effusion,1
plum yew,1
pneumatophore,1
pneumatophores,1
pod surface,1
podetia,1
pollen mother cells,1
pots,1
powdery mildew,1
production field setting,1
prostrate axes,1
protoplast,1
protoplast lysis,1
proventriculus,1
pst pustules,1
pulp,1
pupae inferred from context,1
rachis,1
ramet,1
ramets,1
rat liver tissue,1
ratoon,1
receptacle,1
regrowth,1
regrowth tissue,1
residues,1
resinous tissues,1
respective host plants,1
retina,1
rhizodermis,1
rhizoid environment,1
rhizoid parenchyma cortex,1
rhizomatous axis,1
rhizoplane soil,1
rice fermentation extract,1
rice fermented,1
rice plant interiors,1
rice sheath,1
rice tissues,1
river filtrates,1
rock surface,1
rumen contents,1
rumen microbiome,1
rust pustules,1
ryegrass silage,1
ryegrass tillers,1
sapling,1
saprophytic,1
savory tissues,1
sawdust,1
scale tissues of the buds,1
scions,1
sclerotia in maize silage,1
scutellum regions,1
secondary cell walls,1
sediment,1
sediments,1
semitendinosus muscle,1
setts,1
silage,1
sinus tissues,1
six plant parts,1
skeleton,1
skoog medium,1
sloth hair,1
snow-covered alpine bare soil,1
soil layers,1
soil microsite,1
soil residue,1
soil surface,1
soil under canopy,1
soil-borne,1
soil-derived debris,1
soil-derived rhizospheric soil,1
solid culture,1
solid state reactor substrate,1
solid substrate fermentation,1
solid-substrate fermentation cultures,1
somatic embryos,1
soybean hulls,1
spermatial stromata,1
spermosphere,1
spicae,1
spike,1
sporocarp,1
sporophytes,1
sputum,1
stalk parenchyma cells,1
stalk tissues,1
sterile conditions on murashige,1
stern,1
stigmas,1
stolons,1
stomach,1
stored sugar beets,1
stump,1
style,1
subcutaneous,1
subcutaneous tissue,1
submerged cultures,1
substrate media,1
subterranean axes,1
sucker wounds,1
sugarcane plants,1
summer-baled hay,1
surface ice,1
surface litter,1
surface of cucumber,1
surface of host,1
surface of humid soils,1
surface of living curtobacterium sp strain er1,1
surface of straw,1
surface tissues,1
suspension cell,1
suspension cell cultures,1
sweet sorghum straw,1
symptomatic plants,1
symptomatic tissue,1
t venezuelana,1
tall fescue,1
tall fescue plant,1
tall fescue plant litter,1
tall fescue tillers,1
tall fescue tissues,1
talos de los gametofitos,1
tea plant,1
teff hay,1
teliospores,1
tepals,1
terminal buds,1
testes,1
testicular,1
thallose liverwort,1
thrips tabaci lindeman,1
thylakoids,1
tiller bases,1
tiller sections,1
tissue culture material,1
tissue of natural l casuarinoides,1
tissue of podocarpus,1
tissue samples,1
tissues of barnyard grass weed,1
tissues of brassicaceae plants,1
tissues of c acuminata,1
tissues of healthy theobroma cacao l,1
tissues of mangrove plant,1
tissues of ryegrass,1
tissues of the plants,1
tomato tissues,1
toxic plant,1
tracheoesophageal voice prosthesis,1
tree injection site,1
tree tissue,1
tree tissues,1
umbel,1
umbilical artery,1
underground living tissues,1
underground parts,1
undetermined as the study focuses on bacteria,1
undisclosed study mentions sporangia production,1
uninfected plants,1
unpolished rice,1
upper,1
urediniospore,1
uterine,1
vagina,1
various organs,1
various organs of asymptomatic weeds,1
various parts of pinellia ternata,1
various parts of s flavescens,1
various parts of the host plant,1
various surface-sterilized tissues,1
various symptoms,1
various tissues of neem tree,1
vascular tissue,1
vasculature,1
vegetables,1
vegetal tissues,1
vegetative,1
vegetative buds,1
vegetative growth,1
vegetative parts,1
vegetative state,1
vegetative tillers,1
venom glands,1
vent,1
water column,1
waxy cuticle superficially,1
wheat bran,1
wheat floral tissue,1
wheat spike,1
wheat spikes,1
wheat tissues,1
whole plant plates,1
whole plant under drought stress,1
whole vegetable,1
wild lavender,1
within living plant cells,1
within plant hosts,1
young inflorescences,1
