genus,family,study_count,percent_of_studies,is_major_crop_genus
Lolium,Poaceae,993,7.926877943641735,TRUE
Solanum,Solanaceae,439,3.5044304302706157,TRUE
Oryza,Poaceae,390,3.1132753252973577,TRUE
Zea,Poaceae,357,2.849844336233735,TRUE
Triticum,Poaceae,329,2.6263271333918734,TRUE
Pinus,Pinaceae,221,1.764189351001836,FALSE
Vitis,Vitaceae,194,1.5486549054043266,TRUE
Glycine,Fabaceae,181,1.444879061227748,TRUE
Hordeum,Poaceae,144,1.1495170431867168,TRUE
Arabidopsis,Brassicaceae,143,1.1415342859423645,FALSE
Brassica,Brassicaceae,137,1.0936377424762511,TRUE
Quercus,Fagaceae,122,0.9738963838109684,FALSE
Picea,Pinaceae,114,0.9100343258561507,FALSE
Malus,Rosaceae,108,0.8621377823900375,TRUE
Achnatherum,Poaceae,98,0.7823102099465155,FALSE
Festuca,Poaceae,90,0.718448151991698,TRUE
Phaseolus,Fabaceae,89,0.7104653947473457,TRUE
Vaccinium,Ericaceae,83,0.6625688512812324,TRUE
Nicotiana,Solanaceae,79,0.6306378223038238,TRUE
Cucumis,Cucurbitaceae,78,0.6226550650594715,TRUE
Panax,Araliaceae,77,0.6146723078151194,FALSE
Camellia,Theaceae,74,0.5907240360820627,TRUE
Arachis,Fabaceae,70,0.558793007104654,TRUE
Populus,Salicaceae,70,0.558793007104654,FALSE
Dendrobium,Orchidaceae,67,0.5348447353715974,FALSE
Gossypium,Malvaceae,61,0.4869481919054842,TRUE
Artemisia,Asteraceae,60,0.47896543466113195,FALSE
Huperzia,Lycopodiaceae,60,0.47896543466113195,FALSE
Citrus,Rutaceae,59,0.4709826774167798,TRUE
Prunus,Rosaceae,59,0.4709826774167798,TRUE
Rhizophora,Rhizophoraceae,59,0.4709826774167798,FALSE
Theobroma,Malvaceae,59,0.4709826774167798,TRUE
Musa,Musaceae,58,0.4629999201724275,TRUE
Trifolium,Fabaceae,58,0.4629999201724275,TRUE
Fagus,Fagaceae,55,0.43905164843937095,FALSE
Lactuca,Asteraceae,54,0.43106889119501873,FALSE
Medicago,Fabaceae,54,0.43106889119501873,TRUE
Allium,Amaryllidaceae,52,0.4151033767063143,TRUE
Olea,Oleaceae,52,0.4151033767063143,TRUE
Capsicum,Solanaceae,49,0.39115510497325773,TRUE
Saccharum,Poaceae,48,0.38317234772890557,TRUE
Avicennia,Acanthaceae,46,0.3672068332402012,FALSE
Vigna,Fabaceae,46,0.3672068332402012,TRUE
Astragalus,Fabaceae,45,0.359224075995849,FALSE
Vicia,Fabaceae,45,0.359224075995849,FALSE
Coffea,Rubiaceae,44,0.3512413187514968,TRUE
Ginkgo,Ginkgoaceae,44,0.3512413187514968,FALSE
Bromus,Poaceae,43,0.34325856150714457,FALSE
Catharanthus,Apocynaceae,43,0.34325856150714457,FALSE
Elymus,Poaceae,42,0.33527580426279235,FALSE
Betula,Betulaceae,41,0.32729304701844014,FALSE
Fragaria,Rosaceae,41,0.32729304701844014,TRUE
Eucalyptus,Myrtaceae,39,0.3113275325297358,FALSE
Helianthus,Asteraceae,39,0.3113275325297358,FALSE
Piper,Piperaceae,39,0.3113275325297358,FALSE
Phragmites,Poaceae,37,0.29536201804103135,FALSE
Cicer,Fabaceae,35,0.279396503552327,TRUE
Euphorbia,Euphorbiaceae,35,0.279396503552327,FALSE
Dioscorea,Dioscoreaceae,34,0.27141374630797477,TRUE
Fraxinus,Oleaceae,33,0.2634309890636226,FALSE
Sorghum,Poaceae,33,0.2634309890636226,TRUE
Mangifera,Anacardiaceae,32,0.2554482318192704,TRUE
Panicum,Poaceae,32,0.2554482318192704,FALSE
Poa,Poaceae,31,0.2474654745749182,FALSE
Acer,Sapindaceae,30,0.23948271733056598,FALSE
Alnus,Betulaceae,30,0.23948271733056598,FALSE
Annona,Annonaceae,30,0.23948271733056598,FALSE
Aquilaria,Thymelaeaceae,29,0.23149996008621376,FALSE
Lathyrus,Fabaceae,29,0.23149996008621376,FALSE
Zingiber,Zingiberaceae,29,0.23149996008621376,FALSE
Hevea,Euphorbiaceae,28,0.22351720284186158,TRUE
Rhododendron,Ericaceae,28,0.22351720284186158,FALSE
Castanea,Fagaceae,27,0.21553444559750937,TRUE
Ficus,Moraceae,27,0.21553444559750937,TRUE
Abies,Pinaceae,26,0.20755168835315715,FALSE
Curcuma,Zingiberaceae,26,0.20755168835315715,FALSE
Terminalia,Combretaceae,26,0.20755168835315715,FALSE
Cinnamomum,Lauraceae,25,0.199568931108805,FALSE
Glycyrrhiza,Fabaceae,25,0.199568931108805,FALSE
Paris,Melanthiaceae,25,0.199568931108805,FALSE
Calamagrostis,Poaceae,24,0.19158617386445279,FALSE
Cynodon,Poaceae,24,0.19158617386445279,FALSE
Garcinia,Clusiaceae,24,0.19158617386445279,FALSE
Kandelia,Rhizophoraceae,24,0.19158617386445279,FALSE
Atractylodes,Asteraceae,23,0.1836034166201006,FALSE
Ceriops,Rhizophoraceae,23,0.1836034166201006,FALSE
Sonneratia,Lythraceae,23,0.1836034166201006,FALSE
Cajanus,Fabaceae,22,0.1756206593757484,FALSE
Cenchrus,Poaceae,22,0.1756206593757484,FALSE
Oxytropis,Fabaceae,22,0.1756206593757484,FALSE
Phoenix,Arecaceae,22,0.1756206593757484,FALSE
Acanthus,Acanthaceae,21,0.16763790213139618,FALSE
Avena,Poaceae,21,0.16763790213139618,TRUE
Brachypodium,Poaceae,21,0.16763790213139618,FALSE
Cucurbita,Cucurbitaceae,21,0.16763790213139618,FALSE
Elaeis,Arecaceae,21,0.16763790213139618,TRUE
Lycium,Solanaceae,21,0.16763790213139618,FALSE
Pseudotsuga,Pinaceae,21,0.16763790213139618,FALSE
Beta,Amaranthaceae,20,0.159655144887044,TRUE
Leymus,Poaceae,20,0.159655144887044,FALSE
Sporobolus,Poaceae,20,0.159655144887044,FALSE
Agrostis,Poaceae,19,0.15167238764269178,FALSE
Cannabis,Cannabaceae,19,0.15167238764269178,FALSE
Dactylis,Poaceae,19,0.15167238764269178,FALSE
Paeonia,Paeoniaceae,19,0.15167238764269178,FALSE
Sophora,Fabaceae,19,0.15167238764269178,FALSE
Suaeda,Amaranthaceae,19,0.15167238764269178,FALSE
Syzygium,Myrtaceae,19,0.15167238764269178,FALSE
Aloe,Asphodelaceae,18,0.1436896303983396,FALSE
Fagopyrum,Polygonaceae,18,0.1436896303983396,FALSE
Juniperus,Cupressaceae,18,0.1436896303983396,FALSE
Plantago,Plantaginaceae,18,0.1436896303983396,FALSE
Stipa,Poaceae,18,0.1436896303983396,FALSE
Amaranthus,Amaranthaceae,17,0.13570687315398738,FALSE
Bouteloua,Poaceae,17,0.13570687315398738,FALSE
Cephalotaxus,Cephalotaxaceae,17,0.13570687315398738,FALSE
Manihot,Euphorbiaceae,17,0.13570687315398738,TRUE
Mentha,Lamiaceae,17,0.13570687315398738,FALSE
Persea,Lauraceae,17,0.13570687315398738,TRUE
Withania,Solanaceae,17,0.13570687315398738,FALSE
Corylus,Betulaceae,16,0.1277241159096352,TRUE
Morus,Moraceae,16,0.1277241159096352,FALSE
Salix,Salicaceae,16,0.1277241159096352,FALSE
Zizania,Poaceae,16,0.1277241159096352,FALSE
Casuarina,Casuarinaceae,15,0.11974135866528299,FALSE
Citrullus,Cucurbitaceae,15,0.11974135866528299,FALSE
Crocus,Iridaceae,15,0.11974135866528299,FALSE
Gastrodia,Orchidaceae,15,0.11974135866528299,FALSE
Ilex,Aquifoliaceae,15,0.11974135866528299,FALSE
Jatropha,Euphorbiaceae,15,0.11974135866528299,FALSE
Juglans,Juglandaceae,15,0.11974135866528299,TRUE
Miscanthus,Poaceae,15,0.11974135866528299,FALSE
Tinospora,Menispermaceae,15,0.11974135866528299,FALSE
Ageratina,Asteraceae,14,0.11175860142093079,FALSE
Avenella,Poaceae,14,0.11175860142093079,FALSE
Camptotheca,Nyssaceae,14,0.11175860142093079,FALSE
Gaultheria,Ericaceae,14,0.11175860142093079,FALSE
Rehmannia,Rehmanniaceae,14,0.11175860142093079,FALSE
Zanthoxylum,Rutaceae,14,0.11175860142093079,FALSE
Bruguiera,Rhizophoraceae,13,0.10377584417657858,FALSE
Calluna,Ericaceae,13,0.10377584417657858,FALSE
Carica,Caricaceae,13,0.10377584417657858,TRUE
Colobanthus,Caryophyllaceae,13,0.10377584417657858,FALSE
Cyperus,Cyperaceae,13,0.10377584417657858,FALSE
Eleusine,Poaceae,13,0.10377584417657858,FALSE
Houttuynia,Saururaceae,13,0.10377584417657858,FALSE
Passiflora,Passifloraceae,13,0.10377584417657858,FALSE
Urochloa,Poaceae,13,0.10377584417657858,FALSE
Aegiceras,Primulaceae,12,0.09579308693222639,FALSE
Anacardium,Anacardiaceae,12,0.09579308693222639,FALSE
Deschampsia,Poaceae,12,0.09579308693222639,FALSE
Dillenia,Dilleniaceae,12,0.09579308693222639,FALSE
Echinacea,Asteraceae,12,0.09579308693222639,FALSE
Lotus,Fabaceae,12,0.09579308693222639,FALSE
Magnolia,Magnoliaceae,12,0.09579308693222639,FALSE
Pelargonium,Geraniaceae,12,0.09579308693222639,FALSE
Tripterygium,Celastraceae,12,0.09579308693222639,FALSE
Ziziphus,Rhamnaceae,12,0.09579308693222639,FALSE
Alpinia,Zingiberaceae,11,0.0878103296878742,FALSE
Calotropis,Apocynaceae,11,0.0878103296878742,FALSE
Carya,Juglandaceae,11,0.0878103296878742,TRUE
Chenopodium,Amaranthaceae,11,0.0878103296878742,FALSE
Cirsium,Asteraceae,11,0.0878103296878742,FALSE
Cymbidium,Orchidaceae,11,0.0878103296878742,FALSE
Ephedra,Ephedraceae,11,0.0878103296878742,FALSE
Impatiens,Balsaminaceae,11,0.0878103296878742,FALSE
Opuntia,Cactaceae,11,0.0878103296878742,FALSE
Persicaria,Polygonaceae,11,0.0878103296878742,FALSE
Phyllanthus,Phyllanthaceae,11,0.0878103296878742,FALSE
Pontederia,Pontederiaceae,11,0.0878103296878742,FALSE
Vachellia,Fabaceae,11,0.0878103296878742,FALSE
Woollsia,Ericaceae,11,0.0878103296878742,FALSE
Abelmoschus,Malvaceae,10,0.079827572443522,FALSE
Anoectochilus,Orchidaceae,10,0.079827572443522,FALSE
Carex,Cyperaceae,10,0.079827572443522,FALSE
Cupressus,Cupressaceae,10,0.079827572443522,FALSE
Gentiana,Gentianaceae,10,0.079827572443522,FALSE
Gymnosporia,Celastraceae,10,0.079827572443522,FALSE
Hypericum,Hypericaceae,10,0.079827572443522,FALSE
Juncus,Juncaceae,10,0.079827572443522,FALSE
Justicia,Acanthaceae,10,0.079827572443522,FALSE
Mahonia,Berberidaceae,10,0.079827572443522,FALSE
Sinopodophyllum,Berberidaceae,10,0.079827572443522,FALSE
Ulmus,Ulmaceae,10,0.079827572443522,FALSE
Vincetoxicum,Apocynaceae,10,0.079827572443522,FALSE
Albizia,Fabaceae,9,0.0718448151991698,FALSE
Codonopsis,Campanulaceae,9,0.0718448151991698,FALSE
Conioselinum,Apiaceae,9,0.0718448151991698,FALSE
Corchorus,Malvaceae,9,0.0718448151991698,FALSE
Coriandrum,Apiaceae,9,0.0718448151991698,FALSE
Datura,Solanaceae,9,0.0718448151991698,FALSE
Gynochthodes,Rubiaceae,9,0.0718448151991698,FALSE
Hibiscus,Malvaceae,9,0.0718448151991698,FALSE
Myoporum,Scrophulariaceae,9,0.0718448151991698,FALSE
Nerium,Apocynaceae,9,0.0718448151991698,FALSE
Paspalum,Poaceae,9,0.0718448151991698,FALSE
Polygonatum,Asparagaceae,9,0.0718448151991698,FALSE
Potentilla,Rosaceae,9,0.0718448151991698,FALSE
Raphanus,Brassicaceae,9,0.0718448151991698,FALSE
Ricinus,Euphorbiaceae,9,0.0718448151991698,FALSE
Rumex,Polygonaceae,9,0.0718448151991698,FALSE
Senna,Fabaceae,9,0.0718448151991698,FALSE
Sequoia,Cupressaceae,9,0.0718448151991698,FALSE
Stevia,Asteraceae,9,0.0718448151991698,FALSE
Tamarix,Tamaricaceae,9,0.0718448151991698,FALSE
Acacia,Fabaceae,8,0.0638620579548176,FALSE
Actinidia,Actinidiaceae,8,0.0638620579548176,TRUE
Ananas,Bromeliaceae,8,0.0638620579548176,TRUE
Arbutus,Ericaceae,8,0.0638620579548176,FALSE
Asparagus,Asparagaceae,8,0.0638620579548176,FALSE
Atriplex,Amaranthaceae,8,0.0638620579548176,FALSE
Centaurea,Asteraceae,8,0.0638620579548176,FALSE
Cichorium,Asteraceae,8,0.0638620579548176,FALSE
Combretum,Combretaceae,8,0.0638620579548176,FALSE
Cornus,Cornaceae,8,0.0638620579548176,FALSE
Daucus,Apiaceae,8,0.0638620579548176,TRUE
Dysosma,Berberidaceae,8,0.0638620579548176,FALSE
Eleutherococcus,Araliaceae,8,0.0638620579548176,FALSE
Eugenia,Myrtaceae,8,0.0638620579548176,FALSE
Ferula,Apiaceae,8,0.0638620579548176,FALSE
Haloxylon,Amaranthaceae,8,0.0638620579548176,FALSE
Larix,Pinaceae,8,0.0638620579548176,FALSE
Leucaena,Fabaceae,8,0.0638620579548176,FALSE
Mimosa,Fabaceae,8,0.0638620579548176,FALSE
Nothofagus,Nothofagaceae,8,0.0638620579548176,FALSE
Paullinia,Sapindaceae,8,0.0638620579548176,FALSE
Platanus,Platanaceae,8,0.0638620579548176,FALSE
Podocarpus,Podocarpaceae,8,0.0638620579548176,FALSE
Psidium,Myrtaceae,8,0.0638620579548176,FALSE
Puccinellia,Poaceae,8,0.0638620579548176,FALSE
Punica,Lythraceae,8,0.0638620579548176,TRUE
Santalum,Santalaceae,8,0.0638620579548176,FALSE
Smilax,Smilacaceae,8,0.0638620579548176,FALSE
Solidago,Asteraceae,8,0.0638620579548176,FALSE
Spinacia,Amaranthaceae,8,0.0638620579548176,FALSE
Typha,Typhaceae,8,0.0638620579548176,FALSE
Vochysia,Vochysiaceae,8,0.0638620579548176,FALSE
Andrographis,Acanthaceae,7,0.055879300710465395,FALSE
Broussonetia,Moraceae,7,0.055879300710465395,FALSE
Cedrus,Pinaceae,7,0.055879300710465395,FALSE
Cunninghamia,Cupressaceae,7,0.055879300710465395,FALSE
Cymbopogon,Poaceae,7,0.055879300710465395,FALSE
Elaeagnus,Elaeagnaceae,7,0.055879300710465395,FALSE
Eriocoma,Poaceae,7,0.055879300710465395,FALSE
Gloriosa,Colchicaceae,7,0.055879300710465395,FALSE
Kadsura,Schisandraceae,7,0.055879300710465395,FALSE
Limonium,Plumbaginaceae,7,0.055879300710465395,FALSE
Lupinus,Fabaceae,7,0.055879300710465395,FALSE
Marchantia,Marchantiaceae,7,0.055879300710465395,FALSE
Paphiopedilum,Orchidaceae,7,0.055879300710465395,FALSE
Phyllostachys,Poaceae,7,0.055879300710465395,FALSE
Pistacia,Anacardiaceae,7,0.055879300710465395,TRUE
Prosopis,Fabaceae,7,0.055879300710465395,FALSE
Rheum,Polygonaceae,7,0.055879300710465395,FALSE
Rhodiola,Crassulaceae,7,0.055879300710465395,FALSE
Schisandra,Schisandraceae,7,0.055879300710465395,FALSE
Sesbania,Fabaceae,7,0.055879300710465395,FALSE
Smallanthus,Asteraceae,7,0.055879300710465395,FALSE
Talipariti,Malvaceae,7,0.055879300710465395,FALSE
Aegilops,Poaceae,6,0.047896543466113196,FALSE
Ageratum,Asteraceae,6,0.047896543466113196,FALSE
Arctostaphylos,Ericaceae,6,0.047896543466113196,FALSE
Artocarpus,Moraceae,6,0.047896543466113196,FALSE
Baccharis,Asteraceae,6,0.047896543466113196,FALSE
Berberis,Berberidaceae,6,0.047896543466113196,FALSE
Bidens,Asteraceae,6,0.047896543466113196,FALSE
Blumea,Asteraceae,6,0.047896543466113196,FALSE
Bursera,Burseraceae,6,0.047896543466113196,FALSE
Carthamus,Asteraceae,6,0.047896543466113196,TRUE
Cassia,Fabaceae,6,0.047896543466113196,FALSE
Chamaecyparis,Cupressaceae,6,0.047896543466113196,FALSE
Cypripedium,Orchidaceae,6,0.047896543466113196,FALSE
Diospyros,Ebenaceae,6,0.047896543466113196,FALSE
Dracaena,Asparagaceae,6,0.047896543466113196,FALSE
Epacris,Ericaceae,6,0.047896543466113196,FALSE
Glyceria,Poaceae,6,0.047896543466113196,FALSE
Holcus,Poaceae,6,0.047896543466113196,FALSE
Iris,Iridaceae,6,0.047896543466113196,FALSE
Laguncularia,Combretaceae,6,0.047896543466113196,FALSE
Leptospermum,Myrtaceae,6,0.047896543466113196,FALSE
Lilium,Liliaceae,6,0.047896543466113196,FALSE
Litsea,Lauraceae,6,0.047896543466113196,FALSE
Lycoris,Amaryllidaceae,6,0.047896543466113196,FALSE
Melica,Poaceae,6,0.047896543466113196,FALSE
Morinda,Rubiaceae,6,0.047896543466113196,FALSE
Nelumbo,Nelumbonaceae,6,0.047896543466113196,FALSE
Orychophragmus,Brassicaceae,6,0.047896543466113196,FALSE
Papaver,Papaveraceae,6,0.047896543466113196,FALSE
Phleum,Poaceae,6,0.047896543466113196,FALSE
Posidonia,Posidoniaceae,6,0.047896543466113196,FALSE
Salicornia,Amaranthaceae,6,0.047896543466113196,FALSE
Sanionia,Scorpidiaceae,6,0.047896543466113196,FALSE
Schizachyrium,Poaceae,6,0.047896543466113196,FALSE
Scrophularia,Scrophulariaceae,6,0.047896543466113196,FALSE
Sesamum,Pedaliaceae,6,0.047896543466113196,TRUE
Setaria,Poaceae,6,0.047896543466113196,FALSE
Stipellula,Poaceae,6,0.047896543466113196,FALSE
Sulla,Fabaceae,6,0.047896543466113196,FALSE
Taxodium,Cupressaceae,6,0.047896543466113196,FALSE
Tilia,Malvaceae,6,0.047896543466113196,FALSE
Trigonella,Fabaceae,6,0.047896543466113196,FALSE
Abutilon,Malvaceae,5,0.039913786221761,FALSE
Adiantum,Pteridaceae,5,0.039913786221761,FALSE
Aesculus,Sapindaceae,5,0.039913786221761,FALSE
Alstonia,Apocynaceae,5,0.039913786221761,FALSE
Alternanthera,Amaranthaceae,5,0.039913786221761,FALSE
Apium,Apiaceae,5,0.039913786221761,FALSE
Ardisia,Primulaceae,5,0.039913786221761,FALSE
Arthrocaulon,Amaranthaceae,5,0.039913786221761,FALSE
Arundo,Poaceae,5,0.039913786221761,FALSE
Aster,Asteraceae,5,0.039913786221761,FALSE
Bacopa,Plantaginaceae,5,0.039913786221761,FALSE
Bostrychia,Rhodomelaceae,5,0.039913786221761,FALSE
Bothriochloa,Poaceae,5,0.039913786221761,FALSE
Brucea,Simaroubaceae,5,0.039913786221761,FALSE
Calophyllum,Calophyllaceae,5,0.039913786221761,FALSE
Castanopsis,Fagaceae,5,0.039913786221761,FALSE
Chromolaena,Asteraceae,5,0.039913786221761,FALSE
Cinchona,Rubiaceae,5,0.039913786221761,FALSE
Codium,Codiaceae,5,0.039913786221761,FALSE
Croton,Euphorbiaceae,5,0.039913786221761,FALSE
Digitaria,Poaceae,5,0.039913786221761,FALSE
Dysphania,Amaranthaceae,5,0.039913786221761,FALSE
Eragrostis,Poaceae,5,0.039913786221761,FALSE
Erica,Ericaceae,5,0.039913786221761,FALSE
Euterpe,Arecaceae,5,0.039913786221761,FALSE
Fritillaria,Liliaceae,5,0.039913786221761,FALSE
Gracilaria,Gracilariaceae,5,0.039913786221761,FALSE
Hellenia,Costaceae,5,0.039913786221761,FALSE
Humulus,Cannabaceae,5,0.039913786221761,FALSE
Imperata,Poaceae,5,0.039913786221761,FALSE
Kalanchoe,Crassulaceae,5,0.039913786221761,FALSE
Kalidium,Amaranthaceae,5,0.039913786221761,FALSE
Lumnitzera,Combretaceae,5,0.039913786221761,FALSE
Melaleuca,Myrtaceae,5,0.039913786221761,FALSE
Murraya,Rutaceae,5,0.039913786221761,FALSE
Mussaenda,Rubiaceae,5,0.039913786221761,FALSE
Nymphaea,Nymphaeaceae,5,0.039913786221761,FALSE
Nypa,Arecaceae,5,0.039913786221761,FALSE
Parkinsonia,Fabaceae,5,0.039913786221761,FALSE
Parthenium,Asteraceae,5,0.039913786221761,FALSE
Peperomia,Piperaceae,5,0.039913786221761,FALSE
Petunia,Solanaceae,5,0.039913786221761,FALSE
Physalis,Solanaceae,5,0.039913786221761,FALSE
Platycladus,Cupressaceae,5,0.039913786221761,FALSE
Polygala,Polygalaceae,5,0.039913786221761,FALSE
Pongamia,Fabaceae,5,0.039913786221761,FALSE
Robinia,Fabaceae,5,0.039913786221761,FALSE
Rubia,Rubiaceae,5,0.039913786221761,FALSE
Sapindus,Sapindaceae,5,0.039913786221761,FALSE
Schnella,Fabaceae,5,0.039913786221761,FALSE
Sinomenium,Menispermaceae,5,0.039913786221761,FALSE
Spiranthes,Orchidaceae,5,0.039913786221761,FALSE
Stellera,Thymelaeaceae,5,0.039913786221761,FALSE
Taraxacum,Asteraceae,5,0.039913786221761,FALSE
Urtica,Urticaceae,5,0.039913786221761,FALSE
Achillea,Asteraceae,4,0.0319310289774088,FALSE
Amomum,Zingiberaceae,4,0.0319310289774088,FALSE
Amorphophallus,Araceae,4,0.0319310289774088,FALSE
Aralia,Araliaceae,4,0.0319310289774088,FALSE
Araucaria,Araucariaceae,4,0.0319310289774088,FALSE
Arisaema,Araceae,4,0.0319310289774088,FALSE
Aristida,Poaceae,4,0.0319310289774088,FALSE
Astrocaryum,Arecaceae,4,0.0319310289774088,FALSE
Baccharoides,Asteraceae,4,0.0319310289774088,FALSE
Bergenia,Saxifragaceae,4,0.0319310289774088,FALSE
Bertholletia,Lecythidaceae,4,0.0319310289774088,FALSE
Bistorta,Polygonaceae,4,0.0319310289774088,FALSE
Brugmansia,Solanaceae,4,0.0319310289774088,FALSE
Calanthe,Orchidaceae,4,0.0319310289774088,FALSE
Calendula,Asteraceae,4,0.0319310289774088,FALSE
Caragana,Fabaceae,4,0.0319310289774088,FALSE
Casearia,Salicaceae,4,0.0319310289774088,FALSE
Cattleya,Orchidaceae,4,0.0319310289774088,FALSE
Ceanothus,Rhamnaceae,4,0.0319310289774088,FALSE
Chlorella,Chlorellaceae,4,0.0319310289774088,FALSE
Chondrus,Gigartinaceae,4,0.0319310289774088,FALSE
Chrysanthemum,Asteraceae,4,0.0319310289774088,FALSE
Coix,Poaceae,4,0.0319310289774088,FALSE
Cordia,Cordiaceae,4,0.0319310289774088,FALSE
Corethrodendron,Fabaceae,4,0.0319310289774088,FALSE
Crataegus,Rosaceae,4,0.0319310289774088,FALSE
Dryas,Rosaceae,4,0.0319310289774088,FALSE
Dryopteris,Dryopteridaceae,4,0.0319310289774088,FALSE
Echinochloa,Poaceae,4,0.0319310289774088,FALSE
Edgeworthia,Thymelaeaceae,4,0.0319310289774088,FALSE
Elettaria,Zingiberaceae,4,0.0319310289774088,FALSE
Empetrum,Ericaceae,4,0.0319310289774088,FALSE
Epipactis,Orchidaceae,4,0.0319310289774088,FALSE
Erythrina,Fabaceae,4,0.0319310289774088,FALSE
Falcataria,Fabaceae,4,0.0319310289774088,FALSE
Goodyera,Orchidaceae,4,0.0319310289774088,FALSE
Gymnema,Apocynaceae,4,0.0319310289774088,FALSE
Halimione,Amaranthaceae,4,0.0319310289774088,FALSE
Halophila,Hydrocharitaceae,4,0.0319310289774088,FALSE
Hedychium,Zingiberaceae,4,0.0319310289774088,FALSE
Heracleum,Apiaceae,4,0.0319310289774088,FALSE
Heteropogon,Poaceae,4,0.0319310289774088,FALSE
Hordelymus,Poaceae,4,0.0319310289774088,FALSE
Hyoscyamus,Solanaceae,4,0.0319310289774088,FALSE
Isatis,Brassicaceae,4,0.0319310289774088,FALSE
Koeleria,Poaceae,4,0.0319310289774088,FALSE
Lagenaria,Cucurbitaceae,4,0.0319310289774088,FALSE
Lawsonia,Lythraceae,4,0.0319310289774088,FALSE
Ligularia,Asteraceae,4,0.0319310289774088,FALSE
Livistona,Arecaceae,4,0.0319310289774088,FALSE
Lychnophora,Asteraceae,4,0.0319310289774088,FALSE
Macleaya,Papaveraceae,4,0.0319310289774088,FALSE
Mikania,Asteraceae,4,0.0319310289774088,FALSE
Myrtus,Myrtaceae,4,0.0319310289774088,FALSE
Neolitsea,Lauraceae,4,0.0319310289774088,FALSE
Nitraria,Nitrariaceae,4,0.0319310289774088,FALSE
Nyctanthes,Oleaceae,4,0.0319310289774088,FALSE
Orchis,Orchidaceae,4,0.0319310289774088,FALSE
Paepalanthus,Eriocaulaceae,4,0.0319310289774088,FALSE
Palicourea,Rubiaceae,4,0.0319310289774088,FALSE
Pandanus,Pandanaceae,4,0.0319310289774088,FALSE
Phlegmariurus,Lycopodiaceae,4,0.0319310289774088,FALSE
Picrorhiza,Plantaginaceae,4,0.0319310289774088,FALSE
Polytrichum,Polytrichaceae,4,0.0319310289774088,FALSE
Pteris,Pteridaceae,4,0.0319310289774088,FALSE
Pulicaria,Asteraceae,4,0.0319310289774088,FALSE
Reynoutria,Polygonaceae,4,0.0319310289774088,FALSE
Rhaphiolepis,Rosaceae,4,0.0319310289774088,FALSE
Rhazya,Apocynaceae,4,0.0319310289774088,FALSE
Saussurea,Asteraceae,4,0.0319310289774088,FALSE
Selaginella,Selaginellaceae,4,0.0319310289774088,FALSE
Sesuvium,Aizoaceae,4,0.0319310289774088,FALSE
Shorea,Dipterocarpaceae,4,0.0319310289774088,FALSE
Spondias,Anacardiaceae,4,0.0319310289774088,FALSE
Thymelaea,Thymelaeaceae,4,0.0319310289774088,FALSE
Tillandsia,Bromeliaceae,4,0.0319310289774088,FALSE
Trewia,Euphorbiaceae,4,0.0319310289774088,FALSE
Ulva,Ulvaceae,4,0.0319310289774088,FALSE
Vanilla,Orchidaceae,4,0.0319310289774088,FALSE
Vinca,Apocynaceae,4,0.0319310289774088,FALSE
Wurfbainia,Zingiberaceae,4,0.0319310289774088,FALSE
Achyranthes,Amaranthaceae,3,0.023948271733056598,FALSE
Acorus,Acoraceae,3,0.023948271733056598,FALSE
Acrostichum,Pteridaceae,3,0.023948271733056598,FALSE
Agave,Asparagaceae,3,0.023948271733056598,FALSE
Aldama,Asteraceae,3,0.023948271733056598,FALSE
Alsophila,Cyatheaceae,3,0.023948271733056598,FALSE
Ammopiptanthus,Fabaceae,3,0.023948271733056598,FALSE
Anthemis,Asteraceae,3,0.023948271733056598,FALSE
Anthurium,Araceae,3,0.023948271733056598,FALSE
Anvillea,Asteraceae,3,0.023948271733056598,FALSE
Arceuthobium,Viscaceae,3,0.023948271733056598,FALSE
Bambusa,Poaceae,3,0.023948271733056598,FALSE
Barbilophozia,Anastrophyllaceae,3,0.023948271733056598,FALSE
Basella,Basellaceae,3,0.023948271733056598,FALSE
Boswellia,Burseraceae,3,0.023948271733056598,FALSE
Caladenia,Orchidaceae,3,0.023948271733056598,FALSE
Calamus,Arecaceae,3,0.023948271733056598,FALSE
Canarium,Burseraceae,3,0.023948271733056598,FALSE
Cerbera,Apocynaceae,3,0.023948271733056598,FALSE
Cereus,Cactaceae,3,0.023948271733056598,FALSE
Chelidonium,Papaveraceae,3,0.023948271733056598,FALSE
Christella,Thelypteridaceae,3,0.023948271733056598,FALSE
Coelogyne,Orchidaceae,3,0.023948271733056598,FALSE
Cola,Malvaceae,3,0.023948271733056598,FALSE
Commiphora,Burseraceae,3,0.023948271733056598,FALSE
Corymbia,Myrtaceae,3,0.023948271733056598,FALSE
Costus,Costaceae,3,0.023948271733056598,FALSE
Crotalaria,Fabaceae,3,0.023948271733056598,FALSE
Cynanchum,Apocynaceae,3,0.023948271733056598,FALSE
Dendrophthoe,Loranthaceae,3,0.023948271733056598,FALSE
Dodonaea,Sapindaceae,3,0.023948271733056598,FALSE
Drosera,Droseraceae,3,0.023948271733056598,FALSE
Duguetia,Annonaceae,3,0.023948271733056598,FALSE
Eleocharis,Cyperaceae,3,0.023948271733056598,FALSE
Enhalus,Hydrocharitaceae,3,0.023948271733056598,FALSE
Epidendrum,Orchidaceae,3,0.023948271733056598,FALSE
Eschenbachia,Asteraceae,3,0.023948271733056598,FALSE
Etlingera,Zingiberaceae,3,0.023948271733056598,FALSE
Excoecaria,Euphorbiaceae,3,0.023948271733056598,FALSE
Forsythia,Oleaceae,3,0.023948271733056598,FALSE
Gardenia,Rubiaceae,3,0.023948271733056598,FALSE
Gelsemium,Gelsemiaceae,3,0.023948271733056598,FALSE
Geranium,Geraniaceae,3,0.023948271733056598,FALSE
Glehnia,Apiaceae,3,0.023948271733056598,FALSE
Gliricidia,Fabaceae,3,0.023948271733056598,FALSE
Gynura,Asteraceae,3,0.023948271733056598,FALSE
Helianthemum,Cistaceae,3,0.023948271733056598,FALSE
Hintonia,Rubiaceae,3,0.023948271733056598,FALSE
Hippophae,Elaeagnaceae,3,0.023948271733056598,FALSE
Hopea,Dipterocarpaceae,3,0.023948271733056598,FALSE
Hylocomium,Hylocomiaceae,3,0.023948271733056598,FALSE
Hymenaea,Fabaceae,3,0.023948271733056598,FALSE
Illicium,Schisandraceae,3,0.023948271733056598,FALSE
Kalmia,Ericaceae,3,0.023948271733056598,FALSE
Kitagawia,Apiaceae,3,0.023948271733056598,FALSE
Lagenandra,Araceae,3,0.023948271733056598,FALSE
Lantana,Verbenaceae,3,0.023948271733056598,FALSE
Laurus,Lauraceae,3,0.023948271733056598,FALSE
Limonia,Rutaceae,3,0.023948271733056598,FALSE
Lindera,Lauraceae,3,0.023948271733056598,FALSE
Megathyrsus,Poaceae,3,0.023948271733056598,FALSE
Melilotus,Fabaceae,3,0.023948271733056598,FALSE
Mesembryanthemum,Aizoaceae,3,0.023948271733056598,FALSE
Metrosideros,Myrtaceae,3,0.023948271733056598,FALSE
Momordica,Cucurbitaceae,3,0.023948271733056598,FALSE
Monteverdia,Celastraceae,3,0.023948271733056598,FALSE
Myracrodruon,Anacardiaceae,3,0.023948271733056598,FALSE
Myricaria,Tamaricaceae,3,0.023948271733056598,FALSE
Narcissus,Amaryllidaceae,3,0.023948271733056598,FALSE
Oenothera,Onagraceae,3,0.023948271733056598,FALSE
Ophiopogon,Asparagaceae,3,0.023948271733056598,FALSE
Oroxylum,Bignoniaceae,3,0.023948271733056598,FALSE
Palhinhaea,Lycopodiaceae,3,0.023948271733056598,FALSE
Patzkea,Poaceae,3,0.023948271733056598,FALSE
Pimpinella,Apiaceae,3,0.023948271733056598,FALSE
Pinellia,Araceae,3,0.023948271733056598,FALSE
Plumbago,Plumbaginaceae,3,0.023948271733056598,FALSE
Polytrichastrum,Polytrichaceae,3,0.023948271733056598,FALSE
Protea,Proteaceae,3,0.023948271733056598,FALSE
Prumnopitys,Podocarpaceae,3,0.023948271733056598,FALSE
Pseudowintera,Winteraceae,3,0.023948271733056598,FALSE
Psychotria,Rubiaceae,3,0.023948271733056598,FALSE
Rauvolfia,Apocynaceae,3,0.023948271733056598,FALSE
Salacia,Celastraceae,3,0.023948271733056598,FALSE
Sambucus,Viburnaceae,3,0.023948271733056598,FALSE
Secale,Poaceae,3,0.023948271733056598,TRUE
Selenicereus,Cactaceae,3,0.023948271733056598,FALSE
Serjania,Sapindaceae,3,0.023948271733056598,FALSE
Silybum,Asteraceae,3,0.023948271733056598,FALSE
Siraitia,Cucurbitaceae,3,0.023948271733056598,FALSE
Stephania,Menispermaceae,3,0.023948271733056598,FALSE
Stryphnodendron,Fabaceae,3,0.023948271733056598,FALSE
Styrax,Styracaceae,3,0.023948271733056598,FALSE
Tephrosia,Fabaceae,3,0.023948271733056598,FALSE
Tetraena,Zygophyllaceae,3,0.023948271733056598,FALSE
Tetrastigma,Vitaceae,3,0.023948271733056598,FALSE
Thalassia,Hydrocharitaceae,3,0.023948271733056598,FALSE
Thinopyrum,Poaceae,3,0.023948271733056598,FALSE
Thuja,Cupressaceae,3,0.023948271733056598,FALSE
Trachelospermum,Apocynaceae,3,0.023948271733056598,FALSE
Tradescantia,Commelinaceae,3,0.023948271733056598,FALSE
Uncaria,Rubiaceae,3,0.023948271733056598,FALSE
Uvaria,Annonaceae,3,0.023948271733056598,FALSE
Vanda,Orchidaceae,3,0.023948271733056598,FALSE
Vernicia,Euphorbiaceae,3,0.023948271733056598,FALSE
Xanthium,Asteraceae,3,0.023948271733056598,FALSE
Aa,Orchidaceae,2,0.0159655144887044,FALSE
Abrus,Fabaceae,2,0.0159655144887044,FALSE
Acampe,Orchidaceae,2,0.0159655144887044,FALSE
Acmella,Asteraceae,2,0.0159655144887044,FALSE
Adansonia,Malvaceae,2,0.0159655144887044,FALSE
Aeluropus,Poaceae,2,0.0159655144887044,FALSE
Aeschynomene,Fabaceae,2,0.0159655144887044,FALSE
Agathis,Araucariaceae,2,0.0159655144887044,FALSE
Aglaonema,Araceae,2,0.0159655144887044,FALSE
Agonis,Myrtaceae,2,0.0159655144887044,FALSE
Agropyron,Poaceae,2,0.0159655144887044,FALSE
Ailanthus,Simaroubaceae,2,0.0159655144887044,FALSE
Alloteropsis,Poaceae,2,0.0159655144887044,FALSE
Alopecurus,Poaceae,2,0.0159655144887044,FALSE
Ambrosia,Asteraceae,2,0.0159655144887044,FALSE
Anacamptis,Orchidaceae,2,0.0159655144887044,FALSE
Andromeda,Ericaceae,2,0.0159655144887044,FALSE
Anemia,Anemiaceae,2,0.0159655144887044,FALSE
Anthoxanthum,Poaceae,2,0.0159655144887044,FALSE
Anthyllis,Fabaceae,2,0.0159655144887044,FALSE
Aphelandra,Acanthaceae,2,0.0159655144887044,FALSE
Arachnitis,Corsiaceae,2,0.0159655144887044,FALSE
Argemone,Papaveraceae,2,0.0159655144887044,FALSE
Arnebia,Boraginaceae,2,0.0159655144887044,FALSE
Arrhenatherum,Poaceae,2,0.0159655144887044,FALSE
Arundina,Orchidaceae,2,0.0159655144887044,FALSE
Asphodelus,Asphodelaceae,2,0.0159655144887044,FALSE
Aspidosperma,Apocynaceae,2,0.0159655144887044,FALSE
Astrebla,Poaceae,2,0.0159655144887044,FALSE
Atropa,Solanaceae,2,0.0159655144887044,FALSE
Averrhoa,Oxalidaceae,2,0.0159655144887044,FALSE
Axonopus,Poaceae,2,0.0159655144887044,FALSE
Azolla,Salviniaceae,2,0.0159655144887044,FALSE
Barleria,Acanthaceae,2,0.0159655144887044,FALSE
Barringtonia,Lecythidaceae,2,0.0159655144887044,FALSE
Bassia,Amaranthaceae,2,0.0159655144887044,FALSE
Bauhinia,Fabaceae,2,0.0159655144887044,FALSE
Bazzania,Lepidoziaceae,2,0.0159655144887044,FALSE
Bischofia,Phyllanthaceae,2,0.0159655144887044,FALSE
Bixa,Bixaceae,2,0.0159655144887044,FALSE
Bombax,Malvaceae,2,0.0159655144887044,FALSE
Borrichia,Asteraceae,2,0.0159655144887044,FALSE
Brachyelytrum,Poaceae,2,0.0159655144887044,FALSE
Bulbophyllum,Orchidaceae,2,0.0159655144887044,FALSE
Butia,Arecaceae,2,0.0159655144887044,FALSE
Buxus,Buxaceae,2,0.0159655144887044,FALSE
Callistemon,Myrtaceae,2,0.0159655144887044,FALSE
Calypso,Orchidaceae,2,0.0159655144887044,FALSE
Campanula,Campanulaceae,2,0.0159655144887044,FALSE
Canavalia,Fabaceae,2,0.0159655144887044,FALSE
Canna,Cannaceae,2,0.0159655144887044,FALSE
Cardamine,Brassicaceae,2,0.0159655144887044,FALSE
Carduus,Asteraceae,2,0.0159655144887044,FALSE
Carissa,Apocynaceae,2,0.0159655144887044,FALSE
Carpinus,Betulaceae,2,0.0159655144887044,FALSE
Cassiope,Ericaceae,2,0.0159655144887044,FALSE
Cecropia,Urticaceae,2,0.0159655144887044,FALSE
Celastrus,Celastraceae,2,0.0159655144887044,FALSE
Celtis,Cannabaceae,2,0.0159655144887044,FALSE
Cenostigma,Fabaceae,2,0.0159655144887044,FALSE
Cephalanthera,Orchidaceae,2,0.0159655144887044,FALSE
Ceratonia,Fabaceae,2,0.0159655144887044,FALSE
Cercis,Fabaceae,2,0.0159655144887044,FALSE
Chamaecytisus,Fabaceae,2,0.0159655144887044,FALSE
Chiliadenus,Asteraceae,2,0.0159655144887044,FALSE
Chloraea,Orchidaceae,2,0.0159655144887044,FALSE
Chlorophytum,Asparagaceae,2,0.0159655144887044,FALSE
Chrysopogon,Poaceae,2,0.0159655144887044,FALSE
Clematis,Ranunculaceae,2,0.0159655144887044,FALSE
Clitoria,Fabaceae,2,0.0159655144887044,FALSE
Coccinia,Cucurbitaceae,2,0.0159655144887044,FALSE
Coccoloba,Polygonaceae,2,0.0159655144887044,FALSE
Cochlospermum,Cochlospermaceae,2,0.0159655144887044,FALSE
Copaifera,Fabaceae,2,0.0159655144887044,FALSE
Corallina,Corallinaceae,2,0.0159655144887044,FALSE
Coriaria,Coriariaceae,2,0.0159655144887044,FALSE
Corispermum,Amaranthaceae,2,0.0159655144887044,FALSE
Cremastra,Orchidaceae,2,0.0159655144887044,FALSE
Crescentia,Bignoniaceae,2,0.0159655144887044,FALSE
Cressa,Convolvulaceae,2,0.0159655144887044,FALSE
Crinum,Amaryllidaceae,2,0.0159655144887044,FALSE
Cyamopsis,Fabaceae,2,0.0159655144887044,FALSE
Cyclocarya,Juglandaceae,2,0.0159655144887044,FALSE
Cylindropuntia,Cactaceae,2,0.0159655144887044,FALSE
Cytisus,Fabaceae,2,0.0159655144887044,FALSE
Dacrydium,Podocarpaceae,2,0.0159655144887044,FALSE
Dalbergia,Fabaceae,2,0.0159655144887044,FALSE
Dalea,Fabaceae,2,0.0159655144887044,FALSE
Danthonia,Poaceae,2,0.0159655144887044,FALSE
Daphne,Thymelaeaceae,2,0.0159655144887044,FALSE
Dasysiphonia,Dasyaceae,2,0.0159655144887044,FALSE
Datisca,Datiscaceae,2,0.0159655144887044,FALSE
Decalepis,Apocynaceae,2,0.0159655144887044,FALSE
Delonix,Fabaceae,2,0.0159655144887044,FALSE
Delphinium,Ranunculaceae,2,0.0159655144887044,FALSE
Dendrocalamus,Poaceae,2,0.0159655144887044,FALSE
Derris,Fabaceae,2,0.0159655144887044,FALSE
Dianthus,Caryophyllaceae,2,0.0159655144887044,FALSE
Dichanthelium,Poaceae,2,0.0159655144887044,FALSE
Dichrocephala,Asteraceae,2,0.0159655144887044,FALSE
Dimocarpus,Sapindaceae,2,0.0159655144887044,FALSE
Diphasiastrum,Lycopodiaceae,2,0.0159655144887044,FALSE
Dizygostemon,Plantaginaceae,2,0.0159655144887044,FALSE
Drimia,Asparagaceae,2,0.0159655144887044,FALSE
Drimys,Winteraceae,2,0.0159655144887044,FALSE
Echinopogon,Poaceae,2,0.0159655144887044,FALSE
Echium,Boraginaceae,2,0.0159655144887044,FALSE
Eclipta,Asteraceae,2,0.0159655144887044,FALSE
Elaeocarpus,Elaeocarpaceae,2,0.0159655144887044,FALSE
Eremophila,Scrophulariaceae,2,0.0159655144887044,FALSE
Erigeron,Asteraceae,2,0.0159655144887044,FALSE
Euonymus,Celastraceae,2,0.0159655144887044,FALSE
Fagonia,Zygophyllaceae,2,0.0159655144887044,FALSE
Fleischmannia,Asteraceae,2,0.0159655144887044,FALSE
Fridericia,Bignoniaceae,2,0.0159655144887044,FALSE
Galium,Rubiaceae,2,0.0159655144887044,FALSE
Gerbera,Asteraceae,2,0.0159655144887044,FALSE
Geum,Rosaceae,2,0.0159655144887044,FALSE
Globularia,Plantaginaceae,2,0.0159655144887044,FALSE
Gnaphalium,Asteraceae,2,0.0159655144887044,FALSE
Gongronemopsis,Apocynaceae,2,0.0159655144887044,FALSE
Grateloupia,Halymeniaceae,2,0.0159655144887044,FALSE
Grubovia,Amaranthaceae,2,0.0159655144887044,FALSE
Guarianthe,Orchidaceae,2,0.0159655144887044,FALSE
Gymnadenia,Orchidaceae,2,0.0159655144887044,FALSE
Gymnanthemum,Asteraceae,2,0.0159655144887044,FALSE
Gynostemma,Cucurbitaceae,2,0.0159655144887044,FALSE
Hancornia,Apocynaceae,2,0.0159655144887044,FALSE
Heliotropium,Heliotropiaceae,2,0.0159655144887044,FALSE
Heptapleurum,Araliaceae,2,0.0159655144887044,FALSE
Heritiera,Malvaceae,2,0.0159655144887044,FALSE
Heteroscyphus,Lophocoleaceae,2,0.0159655144887044,FALSE
Hyacinthoides,Asparagaceae,2,0.0159655144887044,FALSE
Hydrocharis,Hydrocharitaceae,2,0.0159655144887044,FALSE
Hyphear,Loranthaceae,2,0.0159655144887044,FALSE
Idesia,Salicaceae,2,0.0159655144887044,FALSE
Ileostylus,Loranthaceae,2,0.0159655144887044,FALSE
Illigera,Hernandiaceae,2,0.0159655144887044,FALSE
Inula,Asteraceae,2,0.0159655144887044,FALSE
Isoetes,Isoetaceae,2,0.0159655144887044,FALSE
Kunzea,Myrtaceae,2,0.0159655144887044,FALSE
Laelia,Orchidaceae,2,0.0159655144887044,FALSE
Lafoensia,Lythraceae,2,0.0159655144887044,FALSE
Larrea,Zygophyllaceae,2,0.0159655144887044,FALSE
Leontopodium,Asteraceae,2,0.0159655144887044,FALSE
Leptecophylla,Ericaceae,2,0.0159655144887044,FALSE
Leucadendron,Proteaceae,2,0.0159655144887044,FALSE
Leucojum,Amaryllidaceae,2,0.0159655144887044,FALSE
Ligustrum,Oleaceae,2,0.0159655144887044,FALSE
Lippia,Verbenaceae,2,0.0159655144887044,FALSE
Litchi,Sapindaceae,2,0.0159655144887044,FALSE
Lobelia,Campanulaceae,2,0.0159655144887044,FALSE
Luehea,Malvaceae,2,0.0159655144887044,FALSE
Lunularia,Lunulariaceae,2,0.0159655144887044,FALSE
Lycopodiella,Lycopodiaceae,2,0.0159655144887044,FALSE
Lysimachia,Primulaceae,2,0.0159655144887044,FALSE
Manilkara,Sapotaceae,2,0.0159655144887044,FALSE
Marginatocereus,Cactaceae,2,0.0159655144887044,FALSE
Markhamia,Bignoniaceae,2,0.0159655144887044,FALSE
Maxillaria,Orchidaceae,2,0.0159655144887044,FALSE
Meconopsis,Papaveraceae,2,0.0159655144887044,FALSE
Melastoma,Melastomataceae,2,0.0159655144887044,FALSE
Melocactus,Cactaceae,2,0.0159655144887044,FALSE
Melochia,Malvaceae,2,0.0159655144887044,FALSE
Microstegium,Poaceae,2,0.0159655144887044,FALSE
Mimusops,Sapotaceae,2,0.0159655144887044,FALSE
Monstera,Araceae,2,0.0159655144887044,FALSE
Myrcianthes,Myrtaceae,2,0.0159655144887044,FALSE
Myrica,Myricaceae,2,0.0159655144887044,FALSE
Myriophyllum,Haloragaceae,2,0.0159655144887044,FALSE
Myristica,Myristicaceae,2,0.0159655144887044,FALSE
Nardus,Poaceae,2,0.0159655144887044,FALSE
Nassella,Poaceae,2,0.0159655144887044,FALSE
Nephrolepis,Nephrolepidaceae,2,0.0159655144887044,FALSE
Nothia,Zosterophyllaceae,2,0.0159655144887044,FALSE
Ophioderma,Ophioglossaceae,2,0.0159655144887044,FALSE
Ormosia,Fabaceae,2,0.0159655144887044,FALSE
Ornithopus,Fabaceae,2,0.0159655144887044,FALSE
Osmanthus,Oleaceae,2,0.0159655144887044,FALSE
Otoba,Myristicaceae,2,0.0159655144887044,FALSE
Oxalis,Oxalidaceae,2,0.0159655144887044,FALSE
Oxyria,Polygonaceae,2,0.0159655144887044,FALSE
Pachira,Malvaceae,2,0.0159655144887044,FALSE
Pachystachys,Acanthaceae,2,0.0159655144887044,FALSE
Parasenecio,Asteraceae,2,0.0159655144887044,FALSE
Paulownia,Paulowniaceae,2,0.0159655144887044,FALSE
Pecteilis,Orchidaceae,2,0.0159655144887044,FALSE
Pereskia,Cactaceae,2,0.0159655144887044,FALSE
Physcomitrium,Funariaceae,2,0.0159655144887044,FALSE
Pieris,Ericaceae,2,0.0159655144887044,FALSE
Pistia,Araceae,2,0.0159655144887044,FALSE
Platanthera,Orchidaceae,2,0.0159655144887044,FALSE
Pleroma,Melastomataceae,2,0.0159655144887044,FALSE
Pleurozium,Hylocomiaceae,2,0.0159655144887044,FALSE
Plumeria,Apocynaceae,2,0.0159655144887044,FALSE
Podophyllum,Berberidaceae,2,0.0159655144887044,FALSE
Polyalthia,Annonaceae,2,0.0159655144887044,FALSE
Polygonum,Polygonaceae,2,0.0159655144887044,FALSE
Polysiphonia,Rhodomelaceae,2,0.0159655144887044,FALSE
Polystichum,Dryopteridaceae,2,0.0159655144887044,FALSE
Portulaca,Portulacaceae,2,0.0159655144887044,FALSE
Pseudolarix,Pinaceae,2,0.0159655144887044,FALSE
Pseudoroegneria,Poaceae,2,0.0159655144887044,FALSE
Pseudosasa,Poaceae,2,0.0159655144887044,FALSE
Pseudostellaria,Caryophyllaceae,2,0.0159655144887044,FALSE
Pteroceltis,Cannabaceae,2,0.0159655144887044,FALSE
Pterostylis,Orchidaceae,2,0.0159655144887044,FALSE
Pueraria,Fabaceae,2,0.0159655144887044,FALSE
Pyrola,Ericaceae,2,0.0159655144887044,FALSE
Racomitrium,Grimmiaceae,2,0.0159655144887044,FALSE
Rhynchostylis,Orchidaceae,2,0.0159655144887044,FALSE
Salsola,Amaranthaceae,2,0.0159655144887044,FALSE
Salvinia,Salviniaceae,2,0.0159655144887044,FALSE
Saraca,Fabaceae,2,0.0159655144887044,FALSE
Satyrium,Orchidaceae,2,0.0159655144887044,FALSE
Scaevola,Goodeniaceae,2,0.0159655144887044,FALSE
Schima,Theaceae,2,0.0159655144887044,FALSE
Schoenoplectus,Cyperaceae,2,0.0159655144887044,FALSE
Senecio,Asteraceae,2,0.0159655144887044,FALSE
Senegalia,Fabaceae,2,0.0159655144887044,FALSE
Shirakiopsis,Euphorbiaceae,2,0.0159655144887044,FALSE
Sida,Malvaceae,2,0.0159655144887044,FALSE
Silene,Caryophyllaceae,2,0.0159655144887044,FALSE
Sonchus,Asteraceae,2,0.0159655144887044,FALSE
Spermacoce,Rubiaceae,2,0.0159655144887044,FALSE
Sphagneticola,Asteraceae,2,0.0159655144887044,FALSE
Stanhopea,Orchidaceae,2,0.0159655144887044,FALSE
Stelis,Orchidaceae,2,0.0159655144887044,FALSE
Stemona,Stemonaceae,2,0.0159655144887044,FALSE
Stenocereus,Cactaceae,2,0.0159655144887044,FALSE
Strobilanthes,Acanthaceae,2,0.0159655144887044,FALSE
Symphonia,Clusiaceae,2,0.0159655144887044,FALSE
Synsepalum,Sapotaceae,2,0.0159655144887044,FALSE
Tabebuia,Bignoniaceae,2,0.0159655144887044,FALSE
Tabernaemontana,Apocynaceae,2,0.0159655144887044,FALSE
Talinum,Talinaceae,2,0.0159655144887044,FALSE
Tamarindus,Fabaceae,2,0.0159655144887044,FALSE
Tanacetum,Asteraceae,2,0.0159655144887044,FALSE
Tetradium,Rutaceae,2,0.0159655144887044,FALSE
Teucrium,Lamiaceae,2,0.0159655144887044,FALSE
Themeda,Poaceae,2,0.0159655144887044,FALSE
Tiliacora,Menispermaceae,2,0.0159655144887044,FALSE
Trachycarpus,Arecaceae,2,0.0159655144887044,FALSE
Tragia,Euphorbiaceae,2,0.0159655144887044,FALSE
Triadica,Euphorbiaceae,2,0.0159655144887044,FALSE
Tribulus,Zygophyllaceae,2,0.0159655144887044,FALSE
Trichocolea,Trichocoleaceae,2,0.0159655144887044,FALSE
Tsuga,Pinaceae,2,0.0159655144887044,FALSE
Ulex,Fabaceae,2,0.0159655144887044,FALSE
Vasconcellea,Caricaceae,2,0.0159655144887044,FALSE
Vateria,Dipterocarpaceae,2,0.0159655144887044,FALSE
Vatica,Dipterocarpaceae,2,0.0159655144887044,FALSE
Vellozia,Velloziaceae,2,0.0159655144887044,FALSE
Veronica,Plantaginaceae,2,0.0159655144887044,FALSE
Viburnum,Viburnaceae,2,0.0159655144887044,FALSE
Wollemia,Araucariaceae,2,0.0159655144887044,FALSE
Ximenia,Ximeniaceae,2,0.0159655144887044,FALSE
Xylopia,Annonaceae,2,0.0159655144887044,FALSE
Yucca,Asparagaceae,2,0.0159655144887044,FALSE
Zamia,Zamiaceae,2,0.0159655144887044,FALSE
Zamioculcas,Araceae,2,0.0159655144887044,FALSE
Abobra,Cucurbitaceae,1,0.0079827572443522,FALSE
Acaena,Rosaceae,1,0.0079827572443522,FALSE
Acalypha,Euphorbiaceae,1,0.0079827572443522,FALSE
Acanthophora,Rhodomelaceae,1,0.0079827572443522,FALSE
Acanthospermum,Asteraceae,1,0.0079827572443522,FALSE
Acanthostyles,Asteraceae,1,0.0079827572443522,FALSE
Achatocarpus,Achatocarpaceae,1,0.0079827572443522,FALSE
Achyrocline,Asteraceae,1,0.0079827572443522,FALSE
Acmispon,Fabaceae,1,0.0079827572443522,FALSE
Acranthera,Rubiaceae,1,0.0079827572443522,FALSE
Acrosiphonia,Ulotrichaceae,1,0.0079827572443522,FALSE
Actinoscirpus,Cyperaceae,1,0.0079827572443522,FALSE
Adenocarpus,Fabaceae,1,0.0079827572443522,FALSE
Adenophora,Campanulaceae,1,0.0079827572443522,FALSE
Aechmea,Bromeliaceae,1,0.0079827572443522,FALSE
Aegialitis,Plumbaginaceae,1,0.0079827572443522,FALSE
Aegonychon,Boraginaceae,1,0.0079827572443522,FALSE
Aeonium,Crassulaceae,1,0.0079827572443522,FALSE
Aerva,Amaranthaceae,1,0.0079827572443522,FALSE
Afrocarpus,Podocarpaceae,1,0.0079827572443522,FALSE
Afrothismia,Burmanniaceae,1,0.0079827572443522,FALSE
Afzelia,Fabaceae,1,0.0079827572443522,FALSE
Agathosma,Rutaceae,1,0.0079827572443522,FALSE
Agrostemma,Caryophyllaceae,1,0.0079827572443522,FALSE
Ainsliaea,Asteraceae,1,0.0079827572443522,FALSE
Aira,Poaceae,1,0.0079827572443522,FALSE
Aizoon,Aizoaceae,1,0.0079827572443522,FALSE
Ajania,Asteraceae,1,0.0079827572443522,FALSE
Alchemilla,Rosaceae,1,0.0079827572443522,FALSE
Alhagi,Fabaceae,1,0.0079827572443522,FALSE
Alkanna,Boraginaceae,1,0.0079827572443522,FALSE
Allenrolfea,Amaranthaceae,1,0.0079827572443522,FALSE
Aloysia,Verbenaceae,1,0.0079827572443522,FALSE
Alyxia,Apocynaceae,1,0.0079827572443522,FALSE
Alzatea,Alzateaceae,1,0.0079827572443522,FALSE
Ammi,Apiaceae,1,0.0079827572443522,FALSE
Ampelocalamus,Poaceae,1,0.0079827572443522,FALSE
Amphipterygium,Anacardiaceae,1,0.0079827572443522,FALSE
Anabasis,Amaranthaceae,1,0.0079827572443522,FALSE
Anadenanthera,Fabaceae,1,0.0079827572443522,FALSE
Anaphalis,Asteraceae,1,0.0079827572443522,FALSE
Andreadoxa,Rutaceae,1,0.0079827572443522,FALSE
Andropogon,Poaceae,1,0.0079827572443522,FALSE
Androsace,Primulaceae,1,0.0079827572443522,FALSE
Anemarrhena,Asparagaceae,1,0.0079827572443522,FALSE
Aneura,Aneuraceae,1,0.0079827572443522,FALSE
Angiopteris,Marattiaceae,1,0.0079827572443522,FALSE
Annickia,Annonaceae,1,0.0079827572443522,FALSE
Anomianthus,Annonaceae,1,0.0079827572443522,FALSE
Antennaria,Asteraceae,1,0.0079827572443522,FALSE
Anthoceros,Anthocerotaceae,1,0.0079827572443522,FALSE
Antiaris,Moraceae,1,0.0079827572443522,FALSE
Apodytes,Metteniusaceae,1,0.0079827572443522,FALSE
Aponogeton,Aponogetonaceae,1,0.0079827572443522,FALSE
Apophlaea,Hildenbrandiaceae,1,0.0079827572443522,FALSE
Aquilegia,Ranunculaceae,1,0.0079827572443522,FALSE
Arcangelisia,Menispermaceae,1,0.0079827572443522,FALSE
Archidendron,Fabaceae,1,0.0079827572443522,FALSE
Arctium,Asteraceae,1,0.0079827572443522,FALSE
Argentina,Rosaceae,1,0.0079827572443522,FALSE
Argyreia,Convolvulaceae,1,0.0079827572443522,FALSE
Aristolochia,Aristolochiaceae,1,0.0079827572443522,FALSE
Arivela,Cleomaceae,1,0.0079827572443522,FALSE
Arthraxon,Poaceae,1,0.0079827572443522,FALSE
Arthrocereus,Cactaceae,1,0.0079827572443522,FALSE
Asparagopsis,Bonnemaisoniaceae,1,0.0079827572443522,FALSE
Aspilia,Asteraceae,1,0.0079827572443522,FALSE
Astilbe,Saxifragaceae,1,0.0079827572443522,FALSE
Astrolepis,Pteridaceae,1,0.0079827572443522,FALSE
Asystasia,Acanthaceae,1,0.0079827572443522,FALSE
Atractylis,Asteraceae,1,0.0079827572443522,FALSE
Austrocedrus,Cupressaceae,1,0.0079827572443522,FALSE
Austrolycopodium,Lycopodiaceae,1,0.0079827572443522,FALSE
Bactris,Arecaceae,1,0.0079827572443522,FALSE
Badula,Primulaceae,1,0.0079827572443522,FALSE
Baeckea,Myrtaceae,1,0.0079827572443522,FALSE
Balanophora,Balanophoraceae,1,0.0079827572443522,FALSE
Baliospermum,Euphorbiaceae,1,0.0079827572443522,FALSE
Banksia,Proteaceae,1,0.0079827572443522,FALSE
Beckmannia,Poaceae,1,0.0079827572443522,FALSE
Begonia,Begoniaceae,1,0.0079827572443522,FALSE
Beilschmiedia,Lauraceae,1,0.0079827572443522,FALSE
Benincasa,Cucurbitaceae,1,0.0079827572443522,FALSE
Bethencourtia,Asteraceae,1,0.0079827572443522,FALSE
Biancaea,Fabaceae,1,0.0079827572443522,FALSE
Blechnopsis,Blechnaceae,1,0.0079827572443522,FALSE
Blepharocalyx,Myrtaceae,1,0.0079827572443522,FALSE
Bolboschoenus,Cyperaceae,1,0.0079827572443522,FALSE
Borassus,Arecaceae,1,0.0079827572443522,FALSE
Botrychium,Ophioglossaceae,1,0.0079827572443522,FALSE
Bouvardia,Rubiaceae,1,0.0079827572443522,FALSE
Bredia,Melastomataceae,1,0.0079827572443522,FALSE
Briza,Poaceae,1,0.0079827572443522,FALSE
Brosimum,Moraceae,1,0.0079827572443522,FALSE
Brunfelsia,Solanaceae,1,0.0079827572443522,FALSE
Buchanania,Anacardiaceae,1,0.0079827572443522,FALSE
Burkea,Fabaceae,1,0.0079827572443522,FALSE
Butea,Fabaceae,1,0.0079827572443522,FALSE
Calathea,Marantaceae,1,0.0079827572443522,FALSE
Calea,Asteraceae,1,0.0079827572443522,FALSE
Callitris,Cupressaceae,1,0.0079827572443522,FALSE
Calopogonium,Fabaceae,1,0.0079827572443522,FALSE
Camelina,Brassicaceae,1,0.0079827572443522,FALSE
Cananga,Annonaceae,1,0.0079827572443522,FALSE
Carapichea,Rubiaceae,1,0.0079827572443522,FALSE
Cardiospermum,Sapindaceae,1,0.0079827572443522,FALSE
Caryocar,Caryocaraceae,1,0.0079827572443522,FALSE
Cascabela,Apocynaceae,1,0.0079827572443522,FALSE
Catalpa,Bignoniaceae,1,0.0079827572443522,FALSE
Catha,Celastraceae,1,0.0079827572443522,FALSE
Cathaya,Pinaceae,1,0.0079827572443522,FALSE
Caularthron,Orchidaceae,1,0.0079827572443522,FALSE
Caulophyllum,Berberidaceae,1,0.0079827572443522,FALSE
Causonis,Vitaceae,1,0.0079827572443522,FALSE
Ceiba,Malvaceae,1,0.0079827572443522,FALSE
Centroceras,Ceramiaceae,1,0.0079827572443522,FALSE
Cephalostachyum,Poaceae,1,0.0079827572443522,FALSE
Ceratodon,Ditrichaceae,1,0.0079827572443522,FALSE
Ceratolimon,Plumbaginaceae,1,0.0079827572443522,FALSE
Ceratostigma,Plumbaginaceae,1,0.0079827572443522,FALSE
Ceropegia,Apocynaceae,1,0.0079827572443522,FALSE
Cervaria,Apiaceae,1,0.0079827572443522,FALSE
Chaetomorpha,Cladophoraceae,1,0.0079827572443522,FALSE
Chamaedorea,Arecaceae,1,0.0079827572443522,FALSE
Chamaenerion,Onagraceae,1,0.0079827572443522,FALSE
Chamaescilla,Asphodelaceae,1,0.0079827572443522,FALSE
Changnienia,Orchidaceae,1,0.0079827572443522,FALSE
Chasmanthium,Poaceae,1,0.0079827572443522,FALSE
Cheilanthes,Pteridaceae,1,0.0079827572443522,FALSE
Chengiopanax,Araliaceae,1,0.0079827572443522,FALSE
Chimonanthus,Calycanthaceae,1,0.0079827572443522,FALSE
Chloris,Poaceae,1,0.0079827572443522,FALSE
Chonemorpha,Apocynaceae,1,0.0079827572443522,FALSE
Chorispora,Brassicaceae,1,0.0079827572443522,FALSE
Chusquea,Poaceae,1,0.0079827572443522,FALSE
Cienfuegosia,Malvaceae,1,0.0079827572443522,FALSE
Cinna,Poaceae,1,0.0079827572443522,FALSE
Cissus,Vitaceae,1,0.0079827572443522,FALSE
Cistanthe,Montiaceae,1,0.0079827572443522,FALSE
Cistus,Cistaceae,1,0.0079827572443522,FALSE
Citharexylum,Verbenaceae,1,0.0079827572443522,FALSE
Cladanthus,Asteraceae,1,0.0079827572443522,FALSE
Climacium,Climaciaceae,1,0.0079827572443522,FALSE
Climacoptera,Amaranthaceae,1,0.0079827572443522,FALSE
Cnidoscolus,Euphorbiaceae,1,0.0079827572443522,FALSE
Coleataenia,Poaceae,1,0.0079827572443522,FALSE
Colocasia,Araceae,1,0.0079827572443522,TRUE
Colophospermum,Fabaceae,1,0.0079827572443522,FALSE
Colquhounia,Lamiaceae,1,0.0079827572443522,FALSE
Commelina,Commelinaceae,1,0.0079827572443522,FALSE
Coptidium,Ranunculaceae,1,0.0079827572443522,FALSE
Cordyline,Asparagaceae,1,0.0079827572443522,FALSE
Corybas,Orchidaceae,1,0.0079827572443522,FALSE
Corydalis,Papaveraceae,1,0.0079827572443522,FALSE
Cosmos,Asteraceae,1,0.0079827572443522,FALSE
Cotinus,Anacardiaceae,1,0.0079827572443522,FALSE
Coulteria,Fabaceae,1,0.0079827572443522,FALSE
Crassula,Crassulaceae,1,0.0079827572443522,FALSE
Crepidium,Orchidaceae,1,0.0079827572443522,FALSE
Cruciata,Rubiaceae,1,0.0079827572443522,FALSE
Cryptocarya,Lauraceae,1,0.0079827572443522,FALSE
Cryptomeria,Cupressaceae,1,0.0079827572443522,FALSE
Cyclamen,Primulaceae,1,0.0079827572443522,FALSE
Cydonia,Rosaceae,1,0.0079827572443522,FALSE
Cynara,Asteraceae,1,0.0079827572443522,FALSE
Cynometra,Fabaceae,1,0.0079827572443522,FALSE
Cyrtochilum,Orchidaceae,1,0.0079827572443522,FALSE
Dacrycarpus,Podocarpaceae,1,0.0079827572443522,FALSE
Dactyloctenium,Poaceae,1,0.0079827572443522,FALSE
Dahlia,Asteraceae,1,0.0079827572443522,FALSE
Damnacanthus,Rubiaceae,1,0.0079827572443522,FALSE
Dasiphora,Rosaceae,1,0.0079827572443522,FALSE
Dasylirion,Asparagaceae,1,0.0079827572443522,FALSE
Debregeasia,Urticaceae,1,0.0079827572443522,FALSE
Dendrophylax,Orchidaceae,1,0.0079827572443522,FALSE
Desmanthus,Fabaceae,1,0.0079827572443522,FALSE
Desmos,Annonaceae,1,0.0079827572443522,FALSE
Dichaea,Orchidaceae,1,0.0079827572443522,FALSE
Dicksonia,Dicksoniaceae,1,0.0079827572443522,FALSE
Digitalis,Plantaginaceae,1,0.0079827572443522,FALSE
Diplachne,Poaceae,1,0.0079827572443522,FALSE
Dipodium,Orchidaceae,1,0.0079827572443522,FALSE
Disa,Orchidaceae,1,0.0079827572443522,FALSE
Distemonanthus,Fabaceae,1,0.0079827572443522,FALSE
Distichlis,Poaceae,1,0.0079827572443522,FALSE
Distylium,Hamamelidaceae,1,0.0079827572443522,FALSE
Dittrichia,Asteraceae,1,0.0079827572443522,FALSE
Drymaria,Caryophyllaceae,1,0.0079827572443522,FALSE
Drynaria,Polypodiaceae,1,0.0079827572443522,FALSE
Duroia,Rubiaceae,1,0.0079827572443522,FALSE
Dypsis,Arecaceae,1,0.0079827572443522,FALSE
Echinocactus,Cactaceae,1,0.0079827572443522,FALSE
Echinocereus,Cactaceae,1,0.0079827572443522,FALSE
Echinocystis,Cucurbitaceae,1,0.0079827572443522,FALSE
Echinophora,Apiaceae,1,0.0079827572443522,FALSE
Elodea,Hydrocharitaceae,1,0.0079827572443522,FALSE
Embelia,Primulaceae,1,0.0079827572443522,FALSE
Embothrium,Proteaceae,1,0.0079827572443522,FALSE
Empogona,Rubiaceae,1,0.0079827572443522,FALSE
Endodesmia,Calophyllaceae,1,0.0079827572443522,FALSE
Enkianthus,Ericaceae,1,0.0079827572443522,FALSE
Entada,Fabaceae,1,0.0079827572443522,FALSE
Eorhiza,NA,1,0.0079827572443522,FALSE
Epimedium,Berberidaceae,1,0.0079827572443522,FALSE
Epipremnum,Araceae,1,0.0079827572443522,FALSE
Eremanthus,Asteraceae,1,0.0079827572443522,FALSE
Eriophorum,Cyperaceae,1,0.0079827572443522,FALSE
Eryngium,Apiaceae,1,0.0079827572443522,FALSE
Erythranthe,Phrymaceae,1,0.0079827572443522,FALSE
Erythroxylum,Erythroxylaceae,1,0.0079827572443522,FALSE
Eucryphia,Cunoniaceae,1,0.0079827572443522,FALSE
Eupatorium,Asteraceae,1,0.0079827572443522,FALSE
Eurya,Pentaphylacaceae,1,0.0079827572443522,FALSE
Eustachys,Poaceae,1,0.0079827572443522,FALSE
Fallopia,Polygonaceae,1,0.0079827572443522,FALSE
Fallugia,Rosaceae,1,0.0079827572443522,FALSE
Farfugium,Asteraceae,1,0.0079827572443522,FALSE
Farinopsis,Rosaceae,1,0.0079827572443522,FALSE
Ferocactus,Cactaceae,1,0.0079827572443522,FALSE
Flueggea,Phyllanthaceae,1,0.0079827572443522,FALSE
Funaria,Funariaceae,1,0.0079827572443522,FALSE
Gastrochilus,Orchidaceae,1,0.0079827572443522,FALSE
Gavilea,Orchidaceae,1,0.0079827572443522,FALSE
Gelidium,Gelidiaceae,1,0.0079827572443522,FALSE
Geophila,Rubiaceae,1,0.0079827572443522,FALSE
Gertrudiella,Pottiaceae,1,0.0079827572443522,FALSE
Gladiolus,Iridaceae,1,0.0079827572443522,FALSE
Glebionis,Asteraceae,1,0.0079827572443522,FALSE
Gleditsia,Fabaceae,1,0.0079827572443522,FALSE
Globba,Zingiberaceae,1,0.0079827572443522,FALSE
Gomphocarpus,Apocynaceae,1,0.0079827572443522,FALSE
Goniolimon,Plumbaginaceae,1,0.0079827572443522,FALSE
Grammatophyllum,Orchidaceae,1,0.0079827572443522,FALSE
Grewia,Malvaceae,1,0.0079827572443522,FALSE
Grimmia,Grimmiaceae,1,0.0079827572443522,FALSE
Griselinia,Griseliniaceae,1,0.0079827572443522,FALSE
Guazuma,Malvaceae,1,0.0079827572443522,FALSE
Gueldenstaedtia,Fabaceae,1,0.0079827572443522,FALSE
Gundelia,Asteraceae,1,0.0079827572443522,FALSE
Gymnocarpium,Cystopteridaceae,1,0.0079827572443522,FALSE
Gymnocarpos,Caryophyllaceae,1,0.0079827572443522,FALSE
Habenaria,Orchidaceae,1,0.0079827572443522,FALSE
Haematostemon,Euphorbiaceae,1,0.0079827572443522,FALSE
Halimeda,Halimedaceae,1,0.0079827572443522,FALSE
Halocnemum,Amaranthaceae,1,0.0079827572443522,FALSE
Halodule,Cymodoceaceae,1,0.0079827572443522,FALSE
Hancea,Euphorbiaceae,1,0.0079827572443522,FALSE
Handroanthus,Bignoniaceae,1,0.0079827572443522,FALSE
Hardwickia,Fabaceae,1,0.0079827572443522,FALSE
Helianthella,Asteraceae,1,0.0079827572443522,FALSE
Helictochloa,Poaceae,1,0.0079827572443522,FALSE
Herbertus,Herbertaceae,1,0.0079827572443522,FALSE
Himatanthus,Apocynaceae,1,0.0079827572443522,FALSE
Hippuris,Plantaginaceae,1,0.0079827572443522,FALSE
Hirtella,Chrysobalanaceae,1,0.0079827572443522,FALSE
Holarrhena,Apocynaceae,1,0.0079827572443522,FALSE
Hudsonia,Cistaceae,1,0.0079827572443522,FALSE
Humboldtia,Fabaceae,1,0.0079827572443522,FALSE
Humiria,Humiriaceae,1,0.0079827572443522,FALSE
Hydrocotyle,Araliaceae,1,0.0079827572443522,FALSE
Hymenoloma,Hymenolomataceae,1,0.0079827572443522,FALSE
Hyparrhenia,Poaceae,1,0.0079827572443522,FALSE
Hypecoum,Papaveraceae,1,0.0079827572443522,FALSE
Hypochaeris,Asteraceae,1,0.0079827572443522,FALSE
Ibervillea,Cucurbitaceae,1,0.0079827572443522,FALSE
Ichnocarpus,Apocynaceae,1,0.0079827572443522,FALSE
Indigofera,Fabaceae,1,0.0079827572443522,FALSE
Inga,Fabaceae,1,0.0079827572443522,FALSE
Ipomopsis,Polemoniaceae,1,0.0079827572443522,FALSE
Ischaemum,Poaceae,1,0.0079827572443522,FALSE
Ixeris,Asteraceae,1,0.0079827572443522,FALSE
Ixora,Rubiaceae,1,0.0079827572443522,FALSE
Jasminum,Oleaceae,1,0.0079827572443522,FALSE
Kalimeris,Asteraceae,1,0.0079827572443522,FALSE
Karelinia,Asteraceae,1,0.0079827572443522,FALSE
Kayea,Calophyllaceae,1,0.0079827572443522,FALSE
Kelussia,Apiaceae,1,0.0079827572443522,FALSE
Kennedia,Fabaceae,1,0.0079827572443522,FALSE
Kerria,Rosaceae,1,0.0079827572443522,FALSE
Keteleeria,Pinaceae,1,0.0079827572443522,FALSE
Kigelia,Bignoniaceae,1,0.0079827572443522,FALSE
Kirkia,Kirkiaceae,1,0.0079827572443522,FALSE
Knema,Myristicaceae,1,0.0079827572443522,FALSE
Koelreuteria,Sapindaceae,1,0.0079827572443522,FALSE
Kosteletzkya,Malvaceae,1,0.0079827572443522,FALSE
Lablab,Fabaceae,1,0.0079827572443522,FALSE
Lagerstroemia,Lythraceae,1,0.0079827572443522,FALSE
Lannea,Anacardiaceae,1,0.0079827572443522,FALSE
Launaea,Asteraceae,1,0.0079827572443522,FALSE
Leea,Vitaceae,1,0.0079827572443522,FALSE
Lemna,Araceae,1,0.0079827572443522,FALSE
Lepanthes,Orchidaceae,1,0.0079827572443522,FALSE
Lepidagathis,Acanthaceae,1,0.0079827572443522,FALSE
Leptadenia,Apocynaceae,1,0.0079827572443522,FALSE
Leptolobium,Fabaceae,1,0.0079827572443522,FALSE
Leptosiphonia,Rhodomelaceae,1,0.0079827572443522,FALSE
Leucanthemum,Asteraceae,1,0.0079827572443522,FALSE
Leuenbergeria,Cactaceae,1,0.0079827572443522,FALSE
Liatris,Asteraceae,1,0.0079827572443522,FALSE
Licuala,Arecaceae,1,0.0079827572443522,FALSE
Limodorum,Orchidaceae,1,0.0079827572443522,FALSE
Limoniastrum,Plumbaginaceae,1,0.0079827572443522,FALSE
Liriodendron,Magnoliaceae,1,0.0079827572443522,FALSE
Lithocarpus,Fagaceae,1,0.0079827572443522,FALSE
Lithospermum,Boraginaceae,1,0.0079827572443522,FALSE
Lithraea,Anacardiaceae,1,0.0079827572443522,FALSE
Littorella,Plantaginaceae,1,0.0079827572443522,FALSE
Lodoicea,Arecaceae,1,0.0079827572443522,FALSE
Lomandra,Asparagaceae,1,0.0079827572443522,FALSE
Lonchocarpus,Fabaceae,1,0.0079827572443522,FALSE
Loropetalum,Hamamelidaceae,1,0.0079827572443522,FALSE
Loudetia,Poaceae,1,0.0079827572443522,FALSE
Luetkea,Rosaceae,1,0.0079827572443522,FALSE
Luffa,Cucurbitaceae,1,0.0079827572443522,FALSE
Luma,Myrtaceae,1,0.0079827572443522,FALSE
Lutheria,Bromeliaceae,1,0.0079827572443522,FALSE
Lycopodiastrum,Lycopodiaceae,1,0.0079827572443522,FALSE
Lycopodium,Lycopodiaceae,1,0.0079827572443522,FALSE
Lygeum,Poaceae,1,0.0079827572443522,FALSE
Lysinema,Ericaceae,1,0.0079827572443522,FALSE
Lythrum,Lythraceae,1,0.0079827572443522,FALSE
Macrochloa,Poaceae,1,0.0079827572443522,FALSE
Macrosolen,Loranthaceae,1,0.0079827572443522,FALSE
Macrotyloma,Fabaceae,1,0.0079827572443522,FALSE
Madhuca,Sapotaceae,1,0.0079827572443522,FALSE
Madia,Asteraceae,1,0.0079827572443522,FALSE
Maguireothamnus,Rubiaceae,1,0.0079827572443522,FALSE
Maianthemum,Asparagaceae,1,0.0079827572443522,FALSE
Malesherbia,Malesherbiaceae,1,0.0079827572443522,FALSE
Mallotus,Euphorbiaceae,1,0.0079827572443522,FALSE
Malosma,Anacardiaceae,1,0.0079827572443522,FALSE
Malpighia,Malpighiaceae,1,0.0079827572443522,FALSE
Mandevilla,Apocynaceae,1,0.0079827572443522,FALSE
Mankyua,Ophioglossaceae,1,0.0079827572443522,FALSE
Mannia,Aytoniaceae,1,0.0079827572443522,FALSE
Mansoa,Bignoniaceae,1,0.0079827572443522,FALSE
Mansonia,Malvaceae,1,0.0079827572443522,FALSE
Mapania,Cyperaceae,1,0.0079827572443522,FALSE
Marsilea,Marsileaceae,1,0.0079827572443522,FALSE
Masdevallia,Orchidaceae,1,0.0079827572443522,FALSE
Mastophora,Mastophoraceae,1,0.0079827572443522,FALSE
Matteuccia,Onocleaceae,1,0.0079827572443522,FALSE
Melinis,Poaceae,1,0.0079827572443522,FALSE
Melodorum,Annonaceae,1,0.0079827572443522,FALSE
Memecylon,Melastomataceae,1,0.0079827572443522,FALSE
Meniscium,Thelypteridaceae,1,0.0079827572443522,FALSE
Mespilodaphne,Lauraceae,1,0.0079827572443522,FALSE
Miconia,Melastomataceae,1,0.0079827572443522,FALSE
Milicia,Moraceae,1,0.0079827572443522,FALSE
Millingtonia,Bignoniaceae,1,0.0079827572443522,FALSE
Mitrephora,Annonaceae,1,0.0079827572443522,FALSE
Mizutania,Calypogeiaceae,1,0.0079827572443522,FALSE
Mnium,Mniaceae,1,0.0079827572443522,FALSE
Moquilea,Chrysobalanaceae,1,0.0079827572443522,FALSE
Mora,Fabaceae,1,0.0079827572443522,FALSE
Myrceugenia,Myrtaceae,1,0.0079827572443522,FALSE
Myrciaria,Myrtaceae,1,0.0079827572443522,FALSE
Mytilaria,Hamamelidaceae,1,0.0079827572443522,FALSE
Nectandra,Lauraceae,1,0.0079827572443522,FALSE
Neesia,Malvaceae,1,0.0079827572443522,FALSE
Nekemias,Vitaceae,1,0.0079827572443522,FALSE
Neolamarckia,Rubiaceae,1,0.0079827572443522,FALSE
Neottia,Orchidaceae,1,0.0079827572443522,FALSE
Nephelium,Sapindaceae,1,0.0079827572443522,FALSE
Neurachne,Poaceae,1,0.0079827572443522,FALSE
Neustanthus,Fabaceae,1,0.0079827572443522,FALSE
Newbouldia,Bignoniaceae,1,0.0079827572443522,FALSE
Nitrosalsola,Amaranthaceae,1,0.0079827572443522,FALSE
Notholithocarpus,Fagaceae,1,0.0079827572443522,FALSE
Notobasis,Asteraceae,1,0.0079827572443522,FALSE
Oceana,Cymodoceaceae,1,0.0079827572443522,FALSE
Odontoschisma,Cephaloziaceae,1,0.0079827572443522,FALSE
Olyra,Poaceae,1,0.0079827572443522,FALSE
Oncidium,Orchidaceae,1,0.0079827572443522,FALSE
Onobrychis,Fabaceae,1,0.0079827572443522,FALSE
Ononis,Fabaceae,1,0.0079827572443522,FALSE
Onosma,Boraginaceae,1,0.0079827572443522,FALSE
Ophiorrhiza,Rubiaceae,1,0.0079827572443522,FALSE
Opisthopappus,Asteraceae,1,0.0079827572443522,FALSE
Oplismenus,Poaceae,1,0.0079827572443522,FALSE
Orchidantha,Lowiaceae,1,0.0079827572443522,FALSE
Oreojuncus,Juncaceae,1,0.0079827572443522,FALSE
Orixa,Rutaceae,1,0.0079827572443522,FALSE
Ostrya,Betulaceae,1,0.0079827572443522,FALSE
Ottelia,Hydrocharitaceae,1,0.0079827572443522,FALSE
Ouratea,Ochnaceae,1,0.0079827572443522,FALSE
Ouret,Amaranthaceae,1,0.0079827572443522,FALSE
Pachyrhizus,Fabaceae,1,0.0079827572443522,FALSE
Pachysandra,Buxaceae,1,0.0079827572443522,FALSE
Palaquium,Sapotaceae,1,0.0079827572443522,FALSE
Palmaepollenites,Arecaceae,1,0.0079827572443522,FALSE
Palmaria,Palmariaceae,1,0.0079827572443522,FALSE
Pancratium,Amaryllidaceae,1,0.0079827572443522,FALSE
Paraboea,Gesneriaceae,1,0.0079827572443522,FALSE
Parapiptadenia,Fabaceae,1,0.0079827572443522,FALSE
Parasitaxus,Podocarpaceae,1,0.0079827572443522,FALSE
Paratinospora,Menispermaceae,1,0.0079827572443522,FALSE
Parkia,Fabaceae,1,0.0079827572443522,FALSE
Passovia,Loranthaceae,1,0.0079827572443522,FALSE
Pauridiantha,Rubiaceae,1,0.0079827572443522,FALSE
Pediomelum,Fabaceae,1,0.0079827572443522,FALSE
Pellia,Pelliaceae,1,0.0079827572443522,FALSE
Pelliciera,Tetrameristaceae,1,0.0079827572443522,FALSE
Penstemon,Plantaginaceae,1,0.0079827572443522,FALSE
Perezia,Asteraceae,1,0.0079827572443522,FALSE
Periploca,Apocynaceae,1,0.0079827572443522,FALSE
Petiveria,Phytolaccaceae,1,0.0079827572443522,FALSE
Phaenocoma,Asteraceae,1,0.0079827572443522,FALSE
Phaeoceros,Notothyladaceae,1,0.0079827572443522,FALSE
Phalaenopsis,Orchidaceae,1,0.0079827572443522,FALSE
Phalaris,Poaceae,1,0.0079827572443522,FALSE
Phaleria,Thymelaeaceae,1,0.0079827572443522,FALSE
Phedimus,Crassulaceae,1,0.0079827572443522,FALSE
Phellodendron,Rutaceae,1,0.0079827572443522,FALSE
Phlogacanthus,Acanthaceae,1,0.0079827572443522,FALSE
Phlox,Polemoniaceae,1,0.0079827572443522,FALSE
Phoebe,Lauraceae,1,0.0079827572443522,FALSE
Phytolacca,Phytolaccaceae,1,0.0079827572443522,FALSE
Pilosocereus,Cactaceae,1,0.0079827572443522,FALSE
Piptadenia,Fabaceae,1,0.0079827572443522,FALSE
Piptatherum,Poaceae,1,0.0079827572443522,FALSE
Piscidia,Fabaceae,1,0.0079827572443522,FALSE
Plagiochasma,Aytoniaceae,1,0.0079827572443522,FALSE
Pleioblastus,Poaceae,1,0.0079827572443522,FALSE
Pleione,Orchidaceae,1,0.0079827572443522,FALSE
Plenasium,Osmundaceae,1,0.0079827572443522,FALSE
Pleurochaete,Pottiaceae,1,0.0079827572443522,FALSE
Pleurothallis,Orchidaceae,1,0.0079827572443522,FALSE
Plukenetia,Euphorbiaceae,1,0.0079827572443522,FALSE
Poacynum,Apocynaceae,1,0.0079827572443522,FALSE
Pometia,Sapindaceae,1,0.0079827572443522,FALSE
Pouteria,Sapotaceae,1,0.0079827572443522,FALSE
Prangos,Apiaceae,1,0.0079827572443522,FALSE
Prasiola,Prasiolaceae,1,0.0079827572443522,FALSE
Premna,Lamiaceae,1,0.0079827572443522,FALSE
Primula,Primulaceae,1,0.0079827572443522,FALSE
Pritchardia,Arecaceae,1,0.0079827572443522,FALSE
Prosthechea,Orchidaceae,1,0.0079827572443522,FALSE
Protium,Burseraceae,1,0.0079827572443522,FALSE
Psammochloa,Poaceae,1,0.0079827572443522,FALSE
Pseudendoclonium,Kornmanniaceae,1,0.0079827572443522,FALSE
Pseudobrickellia,Asteraceae,1,0.0079827572443522,FALSE
Pseudoeriocoma,Poaceae,1,0.0079827572443522,FALSE
Pseudorchis,Orchidaceae,1,0.0079827572443522,FALSE
Psilotum,Psilotaceae,1,0.0079827572443522,FALSE
Pteridium,Dennstaedtiaceae,1,0.0079827572443522,FALSE
Pterocarpus,Fabaceae,1,0.0079827572443522,FALSE
Pterospora,Ericaceae,1,0.0079827572443522,FALSE
Ptychostomum,Bryaceae,1,0.0079827572443522,FALSE
Putterlickia,Celastraceae,1,0.0079827572443522,FALSE
Qualea,Vochysiaceae,1,0.0079827572443522,FALSE
Radermachera,Bignoniaceae,1,0.0079827572443522,FALSE
Randia,Rubiaceae,1,0.0079827572443522,FALSE
Renanthera,Orchidaceae,1,0.0079827572443522,FALSE
Reseda,Resedaceae,1,0.0079827572443522,FALSE
Retama,Fabaceae,1,0.0079827572443522,FALSE
Rhapis,Arecaceae,1,0.0079827572443522,FALSE
Rhizanthella,Orchidaceae,1,0.0079827572443522,FALSE
Rhodomela,Rhodomelaceae,1,0.0079827572443522,FALSE
Rhodothamnus,Ericaceae,1,0.0079827572443522,FALSE
Rhus,Anacardiaceae,1,0.0079827572443522,FALSE
Rhynchosia,Fabaceae,1,0.0079827572443522,FALSE
Riccardia,Aneuraceae,1,0.0079827572443522,FALSE
Rivina,Phytolaccaceae,1,0.0079827572443522,FALSE
Robiquetia,Orchidaceae,1,0.0079827572443522,FALSE
Roscoea,Zingiberaceae,1,0.0079827572443522,FALSE
Rudbeckia,Asteraceae,1,0.0079827572443522,FALSE
Ruprechtia,Polygonaceae,1,0.0079827572443522,FALSE
Rytidosperma,Poaceae,1,0.0079827572443522,FALSE
Sabal,Arecaceae,1,0.0079827572443522,FALSE
Sacciolepis,Poaceae,1,0.0079827572443522,FALSE
Samanea,Fabaceae,1,0.0079827572443522,FALSE
Sandwithia,Euphorbiaceae,1,0.0079827572443522,FALSE
Sanguisorba,Rosaceae,1,0.0079827572443522,FALSE
Scaphyglottis,Orchidaceae,1,0.0079827572443522,FALSE
Schinus,Anacardiaceae,1,0.0079827572443522,FALSE
Schistidium,Grimmiaceae,1,0.0079827572443522,FALSE
Schizostachyum,Poaceae,1,0.0079827572443522,FALSE
Schleichera,Sapindaceae,1,0.0079827572443522,FALSE
Schoutenia,Malvaceae,1,0.0079827572443522,FALSE
Sclerocarya,Anacardiaceae,1,0.0079827572443522,FALSE
Scleromitrion,Rubiaceae,1,0.0079827572443522,FALSE
Scorpiurus,Fabaceae,1,0.0079827572443522,FALSE
Scurrula,Loranthaceae,1,0.0079827572443522,FALSE
Searsia,Anacardiaceae,1,0.0079827572443522,FALSE
Sechium,Cucurbitaceae,1,0.0079827572443522,FALSE
Serapias,Orchidaceae,1,0.0079827572443522,FALSE
Serratula,Asteraceae,1,0.0079827572443522,FALSE
Sideroxylon,Sapotaceae,1,0.0079827572443522,FALSE
Simarouba,Simaroubaceae,1,0.0079827572443522,FALSE
Simmondsia,Simmondsiaceae,1,0.0079827572443522,FALSE
Sindora,Fabaceae,1,0.0079827572443522,FALSE
Sinojackia,Styracaceae,1,0.0079827572443522,FALSE
Sisyrinchium,Iridaceae,1,0.0079827572443522,FALSE
Soda,Amaranthaceae,1,0.0079827572443522,FALSE
Soldanella,Primulaceae,1,0.0079827572443522,FALSE
Sorghastrum,Poaceae,1,0.0079827572443522,FALSE
Spartium,Fabaceae,1,0.0079827572443522,FALSE
Spatholobus,Fabaceae,1,0.0079827572443522,FALSE
Sphaeralcea,Malvaceae,1,0.0079827572443522,FALSE
Sphaerophysa,Fabaceae,1,0.0079827572443522,FALSE
Spilanthes,Asteraceae,1,0.0079827572443522,FALSE
Spinifex,Poaceae,1,0.0079827572443522,FALSE
Spiraea,Rosaceae,1,0.0079827572443522,FALSE
Stachytarpheta,Verbenaceae,1,0.0079827572443522,FALSE
Steganotaenia,Apiaceae,1,0.0079827572443522,FALSE
Stegolepis,Rapateaceae,1,0.0079827572443522,FALSE
Stellaria,Caryophyllaceae,1,0.0079827572443522,FALSE
Stenocarpus,Proteaceae,1,0.0079827572443522,FALSE
Sterculia,Malvaceae,1,0.0079827572443522,FALSE
Sticherus,Gleicheniaceae,1,0.0079827572443522,FALSE
Stipagrostis,Poaceae,1,0.0079827572443522,FALSE
Stranvaesia,Rosaceae,1,0.0079827572443522,FALSE
Strelitzia,Strelitziaceae,1,0.0079827572443522,FALSE
Streptosolen,Solanaceae,1,0.0079827572443522,FALSE
Strychnos,Loganiaceae,1,0.0079827572443522,FALSE
Stuckenia,Potamogetonaceae,1,0.0079827572443522,FALSE
Styphelia,Ericaceae,1,0.0079827572443522,FALSE
Subularia,Brassicaceae,1,0.0079827572443522,FALSE
Swainsona,Fabaceae,1,0.0079827572443522,FALSE
Syagrus,Arecaceae,1,0.0079827572443522,FALSE
Symphyocladia,Rhodomelaceae,1,0.0079827572443522,FALSE
Symphytum,Boraginaceae,1,0.0079827572443522,FALSE
Syngonium,Araceae,1,0.0079827572443522,FALSE
Syringa,Oleaceae,1,0.0079827572443522,FALSE
Tacinga,Cactaceae,1,0.0079827572443522,FALSE
Tapirira,Anacardiaceae,1,0.0079827572443522,FALSE
Tapiscia,Tapisciaceae,1,0.0079827572443522,FALSE
Tarenna,Rubiaceae,1,0.0079827572443522,FALSE
Tecoma,Bignoniaceae,1,0.0079827572443522,FALSE
Tecomella,Bignoniaceae,1,0.0079827572443522,FALSE
Telaranea,Lepidoziaceae,1,0.0079827572443522,FALSE
Telfairia,Cucurbitaceae,1,0.0079827572443522,FALSE
Tetraria,Cyperaceae,1,0.0079827572443522,FALSE
Thapsia,Apiaceae,1,0.0079827572443522,FALSE
Thermopsis,Fabaceae,1,0.0079827572443522,FALSE
Thespesia,Malvaceae,1,0.0079827572443522,FALSE
Thismia,Burmanniaceae,1,0.0079827572443522,FALSE
Thottea,Aristolochiaceae,1,0.0079827572443522,FALSE
Thunbergia,Acanthaceae,1,0.0079827572443522,FALSE
Thyridolepis,Poaceae,1,0.0079827572443522,FALSE
Tocoyena,Rubiaceae,1,0.0079827572443522,FALSE
Tolumnia,Orchidaceae,1,0.0079827572443522,FALSE
Tournefortia,Heliotropiaceae,1,0.0079827572443522,FALSE
Toxicodendron,Anacardiaceae,1,0.0079827572443522,FALSE
Tragopogon,Asteraceae,1,0.0079827572443522,FALSE
Trattinnickia,Burseraceae,1,0.0079827572443522,FALSE
Trema,Cannabaceae,1,0.0079827572443522,FALSE
Trichosanthes,Cucurbitaceae,1,0.0079827572443522,FALSE
Tricyrtis,Liliaceae,1,0.0079827572443522,FALSE
Tridax,Asteraceae,1,0.0079827572443522,FALSE
Tridens,Poaceae,1,0.0079827572443522,FALSE
Trillium,Melanthiaceae,1,0.0079827572443522,FALSE
Tripidium,Poaceae,1,0.0079827572443522,FALSE
Tripleurospermum,Asteraceae,1,0.0079827572443522,FALSE
Tripolium,Asteraceae,1,0.0079827572443522,FALSE
Tripsacum,Poaceae,1,0.0079827572443522,FALSE
Triuris,Triuridaceae,1,0.0079827572443522,FALSE
Trixis,Asteraceae,1,0.0079827572443522,FALSE
Tulbaghia,Amaryllidaceae,1,0.0079827572443522,FALSE
Tylosema,Fabaceae,1,0.0079827572443522,FALSE
Typhonium,Araceae,1,0.0079827572443522,FALSE
Umbellularia,Lauraceae,1,0.0079827572443522,FALSE
Urospermum,Asteraceae,1,0.0079827572443522,FALSE
Vanoverberghia,Zingiberaceae,1,0.0079827572443522,FALSE
Venturiella,Erpodiaceae,1,0.0079827572443522,FALSE
Verbascum,Scrophulariaceae,1,0.0079827572443522,FALSE
Vernonanthura,Asteraceae,1,0.0079827572443522,FALSE
Victoria,Nymphaeaceae,1,0.0079827572443522,FALSE
Viscum,Viscaceae,1,0.0079827572443522,FALSE
Waltheria,Malvaceae,1,0.0079827572443522,FALSE
Wedelia,Asteraceae,1,0.0079827572443522,FALSE
Wikstroemia,Thymelaeaceae,1,0.0079827572443522,FALSE
Woodfordia,Lythraceae,1,0.0079827572443522,FALSE
Wrightia,Apocynaceae,1,0.0079827572443522,FALSE
Xanthoceras,Poaceae,1,0.0079827572443522,FALSE
Xanthorrhoea,Asphodelaceae,1,0.0079827572443522,FALSE
Xanthostemon,Myrtaceae,1,0.0079827572443522,FALSE
Zantedeschia,Araceae,1,0.0079827572443522,FALSE
Zinnia,Asteraceae,1,0.0079827572443522,FALSE
Ziziphora,Lamiaceae,1,0.0079827572443522,FALSE
Zoysia,Poaceae,1,0.0079827572443522,FALSE
Zygophyllum,Zygophyllaceae,1,0.0079827572443522,FALSE
