iso_a3,country_area_name,country_area_1000ha,country_area_km2,year
ABW,Aruba,18.0,180.0,2023
AFG,Afghanistan,65287.0,652870.0,2023
AGO,Angola,124670.0,1246700.0,2023
AIA,Anguilla,9.0,90.0,2023
ALB,Albania,2875.0,28750.0,2023
AND,Andorra,47.0,470.0,2023
ARE,United Arab Emirates,9864.79,98647.90000000001,2023
ARG,Argentina,278040.0,2780400.0,2023
ARM,Armenia,2974.0,29740.0,2023
ASM,American Samoa,20.0,200.0,2023
ATG,Antigua and Barbuda,44.0,440.0,2023
AUS,Australia,774122.0,7741220.0,2023
AUT,Austria,8387.9,83879.0,2023
AZE,Azerbaijan,8660.0,86600.0,2023
BDI,Burundi,2783.0,27830.0,2023
BEL,Belgium,3068.9,30689.0,2023
BEN,Benin,11476.0,114760.0,2023
BES,"Bonaire, Sint Eustatius and Saba",32.2,322.0,2023
BFA,Burkina Faso,27420.0,274200.0,2023
BGD,Bangladesh,14757.0,147570.0,2023
BGR,Bulgaria,11099.6758,110996.758,2023
BHR,Bahrain,80.0,800.0,2023
BHS,Bahamas,1388.0,13880.0,2023
BIH,Bosnia and Herzegovina,5121.0,51210.0,2023
BLM,Saint Barthélemy,2.0,20.0,2023
BLR,Belarus,20762.9,207629.0,2023
BLZ,Belize,2296.6,22966.0,2023
BMU,Bermuda,429.0,4290.0,2023
BOL,Bolivia (Plurinational State of),109858.0,1098580.0,2023
BRA,Brazil,851042.0,8510420.0,2023
BRB,Barbados,43.0,430.0,2023
BRN,Brunei Darussalam,577.0,5770.0,2023
BTN,Bhutan,3839.0,38390.0,2023
BWA,Botswana,58173.0,581730.0,2023
CAF,Central African Republic,62298.0,622980.0,2023
CAN,Canada,1563441.0,15634410.0,2023
CHE,Switzerland,4129.07,41290.7,2023
CHL,Chile,75724.488,757244.88,2023
CHN,"China, Taiwan Province of",3596.0,35960.0,2023
CIV,Côte d'Ivoire,32246.0,322460.0,2023
CMR,Cameroon,47544.0,475440.0,2023
COG,Democratic Republic of the Congo,234486.0,2344860.0,2023
COK,Cook Islands,24.0,240.0,2023
COL,Colombia,114061.91,1140619.1,2023
COM,Comoros,186.1,1861.0,2023
CPV,Cabo Verde,403.0,4030.0,2023
CRI,Costa Rica,5110.0,51100.0,2023
CUB,Cuba,10988.0,109880.0,2023
CUW,Curaçao,44.4,444.0,2023
CYM,Cayman Islands,26.4,264.0,2023
CYP,Cyprus,925.0,9250.0,2023
CZE,Czechia,7887.143,78871.43,2023
DEU,Germany,35768.0,357680.0,2023
DJI,Djibouti,2320.0,23200.0,2023
DMA,Dominica,75.0,750.0,2023
DNK,Denmark,4292.0,42920.0,2023
DOM,Dominican Republic,14683.946,146839.46,2023
DZA,Algeria,238174.0,2381740.0,2023
ECU,Ecuador,25637.0,256370.0,2023
EGY,Egypt,100145.0,1001450.0,2023
ERI,Eritrea,12176.58,121765.8,2023
ESH,Western Sahara,26600.0,266000.0,2023
ESP,Spain,50597.598,505975.98,2023
EST,Estonia,4534.0,45340.0,2023
ETH,Ethiopia,113623.97,1136239.7,2023
FIN,Finland,33848.0,338480.0,2023
FJI,Fiji,1827.0,18270.0,2023
FLK,Falkland Islands (Malvinas),1217.0,12170.0,2023
FRA,France,60641.0,606410.0,2023
FRO,Faroe Islands,1296.0,12960.0,2023
FSM,Micronesia (Federated States of),70.0,700.0,2023
GAB,Gabon,26767.0,267670.0,2023
GBR,United Kingdom of Great Britain and Northern Ireland,24361.0,243610.0,2023
GEO,Georgia,6970.0,69700.0,2023
GGY,Channel Islands,19.8,198.0,2023
GHA,Ghana,23853.9,238539.0,2023
GIB,Gibraltar,1.0,10.0,2023
GIN,Guinea,24586.0,245860.0,2023
GLP,Guadeloupe,163.35,1633.5,2023
GMB,Gambia,1130.0,11300.0,2023
GNB,Guinea-Bissau,3613.0,36130.0,2023
GNQ,Equatorial Guinea,2805.0,28050.0,2023
GRC,Greece,13196.0,131960.0,2023
GRD,Grenada,34.0,340.0,2023
GRL,Greenland,41045.0,410450.0,2023
GTM,Guatemala,10889.0,108890.0,2023
GUF,French Guiana,8360.0,83600.0,2023
GUM,Guam,54.0,540.0,2023
GUY,Guyana,21497.0,214970.0,2023
HND,Honduras,11249.0,112490.0,2023
HRV,Croatia,8807.0,88070.0,2023
HTI,Haiti,2775.0,27750.0,2023
HUN,Hungary,9303.0,93030.0,2023
IDN,Indonesia,191690.677,1916906.77,2023
IMN,Isle of Man,57.0,570.0,2023
IND,India,328726.0,3287260.0,2023
IRL,Ireland,7028.0,70280.0,2023
IRN,Iran (Islamic Republic of),174515.0,1745150.0,2023
IRQ,Iraq,43505.0,435050.0,2023
ISL,Iceland,10300.0,103000.0,2023
ISR,Israel,2207.0,22070.0,2023
ITA,Italy,30207.0,302070.0,2023
JAM,Jamaica,1099.0,10990.0,2023
JOR,Jordan,8931.8,89318.0,2023
JPN,Japan,37796.927,377969.27,2023
KAZ,Kazakhstan,272490.2,2724902.0,2023
KEN,Kenya,59196.9,591969.0,2023
KGZ,Kyrgyzstan,19995.0,199950.0,2023
KHM,Cambodia,18104.0,181040.0,2023
KIR,Kiribati,81.0,810.0,2023
KNA,Saint Kitts and Nevis,26.0,260.0,2023
KOR,Republic of Korea,10045.0,100450.0,2023
KWT,Kuwait,1782.0,17820.0,2023
LAO,Lao People's Democratic Republic,23680.0,236800.0,2023
LBN,Lebanon,1045.0,10450.0,2023
LBR,Liberia,11137.0,111370.0,2023
LBY,Libya,175954.0,1759540.0,2023
LCA,Saint Lucia,62.0,620.0,2023
LIE,Liechtenstein,16.0,160.0,2023
LKA,Sri Lanka,6561.0,65610.0,2023
LSO,Lesotho,3036.0,30360.0,2023
LTU,Lithuania,6529.0,65290.0,2023
LUX,Luxembourg,259.0,2590.0,2023
LVA,Latvia,6459.0,64590.0,2023
MAF,Saint Martin (French part),5.0,50.0,2023
MAR,Morocco,44655.0,446550.0,2023
MCO,Monaco,7.49,74.9,2023
MDA,Republic of Moldova,3385.0,33850.0,2023
MDG,Madagascar,58729.5,587295.0,2023
MDV,Maldives,30.0,300.0,2023
MEX,Mexico,195719.39,1957193.9000000001,2023
MHL,Marshall Islands,18.0,180.0,2023
MKD,North Macedonia,2571.0,25710.0,2023
MLI,Mali,124019.0,1240190.0,2023
MLT,Malta,32.0,320.0,2023
MMR,Myanmar,67659.0,676590.0,2023
MNE,Montenegro,1388.8,13888.0,2023
MNG,Mongolia,156411.575,1564115.75,2023
MNP,Northern Mariana Islands,46.0,460.0,2023
MOZ,Mozambique,79938.0,799380.0,2023
MRT,Mauritania,103070.0,1030700.0,2023
MSR,Montserrat,10.0,100.0,2023
MTQ,Martinique,108.743,1087.4299999999998,2023
MUS,Mauritius,201.0,2010.0,2023
MWI,Malawi,11848.0,118480.0,2023
MYS,Malaysia,33041.1,330411.0,2023
MYT,Mayotte,36.626,366.26,2023
NAM,Namibia,82429.0,824290.0,2023
NCL,New Caledonia,1858.0,18580.0,2023
NER,Niger,126700.0,1267000.0,2023
NFK,Norfolk Island,4.0,40.0,2023
NGA,Nigeria,92377.0,923770.0,2023
NIC,Nicaragua,13037.0,130370.0,2023
NIU,Niue,26.0,260.0,2023
NLD,Sint Maarten (Dutch part),3.4,34.0,2023
NOR,Norway,62450.0,624500.0,2023
NPL,Nepal,14718.0,147180.0,2023
NRU,Nauru,2.0,20.0,2023
NZL,New Zealand,26771.0,267710.0,2023
OMN,Oman,30950.0,309500.0,2023
PAK,Pakistan,79610.0,796100.0,2023
PAN,Panama,7532.0,75320.0,2023
PCN,Pitcairn,4.7,47.0,2023
PER,Peru,128521.56,1285215.6,2023
PHL,Philippines,30000.0,300000.0,2023
PLW,Palau,46.0,460.0,2023
PNG,Papua New Guinea,46284.0,462840.0,2023
POL,Poland,31393.0,313930.0,2023
PRI,Puerto Rico,887.0,8870.0,2023
PRT,Portugal,9223.0,92230.0,2023
PRY,Paraguay,40675.2,406752.0,2023
PSE,Palestine,602.5,6025.0,2023
PYF,French Polynesia,347.1,3471.0,2023
QAT,Qatar,1149.0,11490.0,2023
REU,Réunion,252.0,2520.0,2023
ROU,Romania,23840.0,238400.0,2023
RUS,Russian Federation,1712519.0,17125190.0,2023
RWA,Rwanda,2633.8,26338.0,2023
SAU,Saudi Arabia,214969.0,2149690.0,2023
SDN,Sudan,187800.0,1878000.0,2023
SEN,Senegal,19671.0,196710.0,2023
SGP,Singapore,72.8,728.0,2023
SHN,"Ascension, Saint Helena and Tristan da Cunha",39.0,390.0,2023
SLB,Solomon Islands,2890.0,28900.0,2023
SLE,Sierra Leone,7230.0,72300.0,2023
SLV,El Salvador,2104.0,21040.0,2023
SMR,San Marino,6.0,60.0,2023
SOM,Somalia,63766.0,637660.0,2023
SPM,Saint Pierre and Miquelon,24.0,240.0,2023
SRB,Serbia,8499.0,84990.0,2023
SSD,South Sudan,64688.3,646883.0,2023
STP,Sao Tome and Principe,96.0,960.0,2023
SUR,Suriname,16382.0,163820.0,2023
SVK,Slovakia,4903.0,49030.0,2023
SVN,Slovenia,2048.0,20480.0,2023
SWE,Sweden,52866.0,528660.0,2023
SWZ,Eswatini,1736.0,17360.0,2023
SYC,Seychelles,46.0,460.0,2023
SYR,Syrian Arab Republic,18518.0,185180.0,2023
TCA,Turks and Caicos Islands,95.0,950.0,2023
TCD,Chad,128400.0,1284000.0,2023
TGO,Togo,5679.0,56790.0,2023
THA,Thailand,51311.5021,513115.02099999995,2023
TJK,Tajikistan,14137.9,141379.0,2023
TKL,Tokelau,1.0,10.0,2023
TKM,Turkmenistan,49120.9,491209.0,2023
TLS,Timor-Leste,1487.0,14870.0,2023
TON,Tonga,75.0,750.0,2023
TTO,Trinidad and Tobago,513.0,5130.0,2023
TUN,Tunisia,16361.0,163610.0,2023
TUR,Türkiye,78535.0,785350.0,2023
TUV,Tuvalu,3.0,30.0,2023
TZA,United Republic of Tanzania,94730.0,947300.0,2023
UGA,Uganda,24155.0,241550.0,2023
UKR,Ukraine,60355.0,603550.0,2023
URY,Uruguay,17622.0,176220.0,2023
USA,United States Virgin Islands,35.0,350.0,2023
UZB,Uzbekistan,44892.0,448920.0,2023
VAT,Holy See,0.044,0.43999999999999995,2023
VCT,Saint Vincent and the Grenadines,39.0,390.0,2023
VEN,Venezuela (Bolivarian Republic of),91205.0,912050.0,2023
VNM,Viet Nam,33133.831,331338.31,2023
VUT,Vanuatu,1219.0,12190.0,2023
WLF,Wallis and Futuna Islands,14.2,142.0,2023
WSM,Samoa,284.0,2840.0,2023
YEM,Yemen,52797.0,527970.0,2023
ZAF,South Africa,121909.0,1219090.0,2023
ZMB,Zambia,75261.0,752610.0,2023
ZWE,Zimbabwe,39076.0,390760.0,2023
