"iso_a3","country_name","centroid_lon","centroid_lat","study_count","gdp_year","gdp_current_usd"
"CHN","China",103.819073490424,36.5617654558963,1600,2024,18743803170827.2
"USA","United States",-112.461673699566,45.6795472025509,909,2024,28750956130731.2
"IND","India",79.6119761025548,22.8857821182844,709,2024,3909891533858.08
"BRA","Brazil",-53.0978311266913,-10.7877770246052,508,2024,2185821648943.86
"CAN","Canada",-98.3077702819011,61.3620632436933,225,2024,2243636826633.76
"AUS","Australia",134.491000082134,-25.7328870417306,223,2024,1757022451652.83
"IDN","Indonesia",117.240113662139,-2.21505456345961,213,2024,1396300098190.97
"ITA","Italy",12.0700133906806,42.7966264140282,206,2024,2380825077243.59
"NER","Niger",9.38545881538727,17.4191249295757,198,2024,19876128485.7857
"EGY","Egypt",29.8619009908347,26.4959331064002,177,2024,389059911003.566
"THA","Thailand",101.002881303559,15.1181579418339,176,2024,526517658841.684
"KOR","Korea",127.839160864018,36.385239834652,174,2024,1875388209406.8
"ESP","Spain",-3.64755047322912,40.2444869811484,161,2024,1725671652742.19
"NZL","New Zealand",171.484923465999,-41.8111355689529,160,2024,260172385097.616
"ARG","Argentina",-65.1798069250029,-35.3813487952628,148,2024,638365455340.04
"JPN","Japan",138.030895576917,37.5923013530156,147,2024,4027597523550.58
"IRN","Iran",54.2740700447804,32.5750329150379,136,2024,475252089215.416
"MEX","Mexico",-102.523451691889,23.9475372406403,133,2024,1856365616165.94
"ZAF","South Africa",25.0839009250674,-29.0003409534236,117,2024,401144998373.585
"DEU","Germany",10.385780507967,51.1069818074633,113,2024,4685592577804.69
"POL","Poland",19.3901283493231,52.1275956441737,105,2024,917767106146.761
"PAK","Pakistan",69.3395793747809,29.9497515031308,85,2024,371570000121.266
"MYS","Malaysia",109.697622842647,3.78986845571311,82,2024,422227005428.688
"GBR","United Kingdom",-2.86563164083813,54.1238715577293,82,2024,3686033044482.13
"ATA","Antarctica",19.9210895121951,-80.5085791310943,75,NA,NA
"SAU","Saudi Arabia",44.5368627114043,24.1224584072829,71,2024,1239804533333.33
"FRA","France",-2.76172944518858,42.1734401107239,69,2024,3160442622465.08
"TWN","Taiwan",120.954272813631,23.7539927949539,67,NA,NA
"NOR","Norway",15.3483465622262,68.7501557205493,65,2024,483592648313.301
"FIN","Finland",26.2746656041619,64.4988460348704,63,2024,298696961297.656
"CHL","Chile",-71.3825621317771,-37.730709893035,61,2024,330267137371.592
"NLD","Netherlands",5.28144793006936,52.1007899002448,54,2024,1214927698572.66
"RUS","Russia",96.686561123082,61.9805220918692,52,2024,2173835806671.66
"CHE","Switzerland",8.20867470615036,46.7978587836161,51,2024,936564198048.516
"PAN","Panama",-80.1191515612474,8.51750797491119,47,2024,86523959131.7472
"PRT","Portugal",-8.501043612683,39.5955067144979,47,2024,313271185085.102
"COL","Colombia",-73.0811458240927,3.91383430725033,45,2024,418818154879.271
"TUR","Turkey",35.1689534648808,39.0616029012556,45,2024,1359123768774.12
"SWE","Sweden",16.7455804869442,62.779665193106,38,2024,603715224265.798
"DZA","Algeria",2.61732300919783,28.1589384944876,37,2024,269322281664.773
"BGD","Bangladesh",90.2381274322827,23.8673115800337,35,2024,450119432068.852
"NGA","Nigeria",8.08943894770574,9.59411452232658,35,2024,252261880141.151
"LKA","Sri Lanka",80.7010823782394,7.61266509224144,35,2024,98963185509.6499
"CMR","Cameroon",12.7396415575373,5.69109848985864,34,2024,53296694320.2057
"ECU","Ecuador",-78.7520192249894,-1.42381612487737,34,2024,124676074700
"MAR","Morocco",-8.45615794797744,29.8376295468793,34,2024,160610994054.734
"CRI","Costa Rica",-84.1920876775362,9.97634463839698,31,2024,95350423176.5962
"MNG","Mongolia",103.05299764856,46.8268154393944,30,2024,23794540024.5132
"KEN","Kenya",37.7959397292677,0.599880215445488,28,2024,120339557905.932
"PRY","Paraguay",-58.400137031999,-23.2282391320271,28,2024,44458118397.4445
"AUT","Austria",14.1264760996378,47.585494392036,27,2024,534790720466.822
"CZE","Czech Rep.",15.3124016280994,49.7334123294873,27,2024,347034062928.479
"PER","Peru",-74.382426850958,-9.15280381329142,27,2024,289221969062.941
"VNM","Vietnam",106.299146977649,16.6460167019434,27,2024,476388230307.175
"TUN","Tunisia",9.55288358932644,34.1195624649079,26,2024,51332285656.5422
"HUN","Hungary",19.3955911606714,47.1627750614469,23,2024,222722738925.641
"ISR","Israel",35.0044469277193,31.4611010118468,23,2024,540379921261.681
"DNK","Denmark",10.028009919086,55.9812529592909,21,2024,424524722037.047
"ETH","Ethiopia",39.6008009763224,8.62278679310024,21,2024,149740297952.986
"PHL","Philippines",122.88393252927,11.7753677808741,20,2024,461617509782.355
"UKR","Ukraine",31.3832646865033,48.9965667264557,20,2024,190741262414.705
"OMN","Oman",56.0916615482705,20.6051533257035,18,2024,107137198769.386
"GRC","Greece",22.9555579369142,39.0746962306957,17,2024,256238371778.118
"SVN","Slovenia",14.8044423775562,46.1155477206985,17,2024,72972015197.3859
"MLI","Mali",-3.54269064850936,17.3458158134836,16,2024,26794747239.8805
"IRQ","Iraq",43.7435314887819,33.0397058231526,15,2024,279641257615.385
"GEO","Georgia",43.5078025200065,42.1685575536793,14,2024,34189423544.9955
"SRB","Serbia",20.7895833362733,44.2215031993201,14,2024,90097765959.1114
"UZB","Uzbekistan",63.1400152804712,41.7555422526523,14,2024,114965293466.611
"VEN","Venezuela",-66.1818412311454,7.1242242127328,14,2024,119802963257.783
"BEL","Belgium",4.64065113918384,50.6398157556138,13,2024,671370081636.406
"GHA","Ghana",-1.21676565807291,7.95345643541408,12,2024,82308110386.4641
"HKG","Hong Kong",114.113804541765,22.3982773722984,11,2024,406863396487.342
"PRI","Puerto Rico",-66.4730760435021,18.2281305461095,11,2024,126029527033.705
"UGA","Uganda",32.3690797137035,1.27469298730871,11,2024,53911907086.1525
"HRV","Croatia",16.4041289939516,45.0804763057065,10,2024,92983810328.9088
"EST","Estonia",25.542485365633,58.671929717321,10,2024,43130419829.35
"NPL","Nepal",83.915826400156,28.248913649588,10,2024,42914268286.7109
"TZA","Tanzania",34.8130998093246,-6.27565408331663,10,2024,78844405385.2195
"URY","Uruguay",-56.0180705314507,-32.7995153443752,10,2024,80961511073.5797
"PNG","Papua New Guinea",145.207447523551,-6.4641664608297,9,2024,31800428265.5246
"SVK","Slovakia",19.4790521810641,48.705475281323,9,2024,140934076532.375
"BOL","Bolivia",-64.6853864514649,-16.7081478725017,8,2024,54881327452.9667
"CUB","Cuba",-79.016053844463,21.6228952793113,8,2020,1.07352e+11
"LTU","Lithuania",23.8871935548324,55.3261098445255,8,2024,84869215513.3648
"SDN","Sudan",29.9404681198958,15.9903566855827,8,2024,49672435513.1126
"BFA","Burkina Faso",-1.75456600914437,12.2695384574254,7,2024,23124729853.0218
"ARE","United Arab Emirates",54.3001671015639,23.9052818784965,7,2024,552324846834.581
"GIN","Guinea",-10.9406661160513,10.4362159331311,6,2024,25008678293.4084
"MNE","Montenegro",19.2388393924741,42.7889025929079,6,2024,8270016670.86774
"SGS","S. Geo. and S. Sandw. Is.",-36.4331838822598,-54.4648824801507,6,NA,NA
"SYR","Syria",38.5078820425316,35.0254738939699,6,2022,23622827079.5047
"BGR","Bulgaria",25.2155290863233,42.7689031797158,5,2024,113343355779.985
"HND","Honduras",-86.615166096335,14.8268816519178,5,2024,37093565854.0437
"IRL","Ireland",-8.13793568666849,53.1754487039966,5,2024,609157459747.205
"JEY","Jersey",-2.126899379445,49.2183737667958,5,NA,NA
"JOR","Jordan",36.7713610401975,31.2457909120754,5,2024,53352289577.4648
"KAZ","Kazakhstan",67.2914935687295,48.1568806660835,5,2024,291480274648.826
"MDG","Madagascar",46.7047367428284,-19.3718958676506,5,2024,17420501490.1231
"MMR","Myanmar",96.4884332104181,21.1856659926903,5,2024,74068349523.8095
"NAM","Namibia",17.2096356670219,-22.1303256842151,5,2024,13372354511.716
"ROU","Romania",24.972930393288,45.8524312742408,5,2024,382564217988.866
"SGP","Singapore",103.817255920043,1.3587608707501,5,2024,547386645891.847
"BLR","Belarus",28.0320930702574,53.5313137685052,4,2024,75961865471.9129
"COG","Congo",15.2196576195159,-0.837874631183659,4,2024,15719986076.6464
"PYF","Fr. Polynesia",-144.904943869346,-14.7222740899056,4,2024,6323716355.05009
"GRL","Greenland",-41.3419112699936,74.7105128864225,4,2023,3326543974.39193
"GUY","Guyana",-58.9820245893054,4.79378034012318,4,2024,24662709832.1343
"ISL","Iceland",-18.5739616708052,64.9957538606732,4,2024,33255181468.9382
"LBY","Libya",18.0086616871671,27.0309449491384,4,2024,48487151215.345
"MLT","Malta",14.4052331642552,35.9214963220544,4,2024,24971574502.4475
"ZWE","Zimbabwe",29.8514412019219,-19.0042041882168,4,2024,41539411516.4448
"AZE","Azerbaijan",47.5459987891546,40.2882723471047,3,2024,74315882352.9412
"BMU","Bermuda",-64.7545588981642,32.3136780208339,3,2024,9233600000
"BRN","Brunei",114.722030353813,4.51968957502799,3,2024,15340808592.48
"LUX","Luxembourg",6.07182201066392,49.7672536068142,3,2024,93279851863.4062
"MUS","Mauritius",57.5712055060798,-20.2776870433232,3,2024,14937861786.17
"MOZ","Mozambique",35.5336754258895,-17.2738164259247,3,2024,22745341305.0622
"NCL","New Caledonia",165.684923735377,-21.2999180580178,3,2024,8548919387.12607
"AFG","Afghanistan",66.0047336557855,33.8352307278467,2,2023,17152234636.8715
"BEN","Benin",2.32785254448766,9.64175970225451,2,2024,21482643706.4249
"BTN","Bhutan",90.4018815525414,27.4110658857804,2,2023,3012896789.24928
"BIH","Bosnia and Herz.",17.7687673323019,44.1745012472211,2,2024,29613572022.8993
"BDI","Burundi",29.8751215644644,-3.35939665747007,2,2024,3082433067.32634
"COD","Dem. Rep. Congo",23.6439610660394,-2.87746288969974,2,2024,70962185790.7094
"DOM","Dominican Rep.",-70.5056889612129,18.8943308233396,2,2024,124282245638.568
"ERI","Eritrea",38.8461701124591,15.3618661840118,2,2011,2065001626.01626
"JAM","Jamaica",-77.3148259326597,18.1569487765389,2,2024,22014397089.7689
"LVA","Latvia",24.9123598331549,56.8508516268283,2,2024,43684254432.3609
"LBN","Lebanon",35.880160714965,33.9230663056786,2,2023,20078620356.9931
"NIC","Nicaragua",-85.0305296950586,12.8470942896472,2,2024,19693982967.5926
"QAT","Qatar",51.1847963211614,25.3060118762669,2,2024,219162637362.637
"SEN","Senegal",-14.4734923972823,14.3662417312827,2,2024,32808056600.9436
"YEM","Yemen",47.5867618877328,15.9092800504541,2,2018,21606160663.0318
"ZMB","Zambia",27.7747594636932,-13.4582415186469,2,2024,25303185342.2511
"ALB","Albania",20.0498339610888,41.1424498947452,1,2024,27046429296.6673
"BRB","Barbados",-59.5597970021157,13.1814542822248,1,2024,7498050000
"BWA","Botswana",23.798533677294,-22.1840321328432,1,2024,19402063512.9066
"TCD","Chad",18.6449251290913,15.3333375849825,1,2024,19518819751.283
"CIV","Côte d'Ivoire",-5.56921569979731,7.62842620235422,1,2024,87113179149.284
"DMA","Dominica",-61.3577259987166,15.4394702028659,1,2024,688881481.481481
"GTM","Guatemala",-90.3648200857734,15.6940366349636,1,2024,113199581158.203
"GNB","Guinea-Bissau",-14.9497244459171,12.0474494814859,1,2024,2218393804.54798
"IMN","Isle of Man",-4.53873952325526,54.2241891077143,1,2022,7431257410.92713
"LAO","Lao PDR",103.737724120427,18.5021743316029,1,2024,16502933121.3379
"MWI","Malawi",34.289355987054,-13.2180808805933,1,2024,11316411329.4619
"MDA","Moldova",28.4567337241307,47.1949880441786,1,2024,18200340853.6517
"TLS","Timor-Leste",125.844389820665,-8.82889162046551,1,2024,1865608515.41321
"TGO","Togo",0.962328449768552,8.52531356140525,1,2024,10651180146.531
"TTO","Trinidad and Tobago",-61.2656792334682,10.4573340810069,1,2024,25633544529.4849
"VUT","Vanuatu",167.686446357051,-16.2264090884342,1,2024,1117972034.22642
"ALA","Aland",19.9532876760377,60.2148868755776,0,NA,NA
"ASM","American Samoa",-170.718025745597,-14.3044599708154,0,2022,8.71e+08
"AND","Andorra",1.56054377917923,42.5422910218718,0,2024,4039842405.48117
"AGO","Angola",17.5373676815489,-12.2933605437937,0,2024,100998916781.079
"AIA","Anguilla",-63.0649892653569,18.2239595022826,0,NA,NA
"ATG","Antigua and Barb.",-61.7946934270454,17.2774995986249,0,2024,2207622874.07407
"ARM","Armenia",44.9299327563557,40.2895256918901,0,2024,25955275380.0321
"ABW","Aruba",-69.9826771125094,12.5208803838402,0,2024,4265650673.00236
"BHS","Bahamas",-76.6284303801639,24.29036702227,0,2024,15832800000
"BHR","Bahrain",50.5419693231534,26.0420513477029,0,2024,47109734308.5106
"BLZ","Belize",-88.7101048564282,17.2002750901544,0,2024,3203631800
"IOT","Br. Indian Ocean Ter.",72.4454122853791,-7.33059750749216,0,NA,NA
"VGB","British Virgin Is.",-64.4714699220471,18.5258575450706,0,NA,NA
"KHM","Cambodia",104.906943249431,12.7200478566511,0,2024,46352647037.2406
"CPV","Cape Verde",-23.9598882025517,15.9552332421415,0,2024,2725414150.72735
"CYM","Cayman Is.",-80.9121332147047,19.428964972235,0,2023,7241244269.45972
"CAF","Central African Rep.",20.4682683097521,6.56823297047814,0,2024,2751494281.06887
"COM","Comoros",43.6825396847678,-11.877834435528,0,2024,1440991455.45188
"COK","Cook Is.",-159.787242185416,-21.2192728815443,0,NA,NA
"CUW","Curaçao",-68.9711936879736,12.1955167545577,0,2024,3561178196.20713
"CYP","Cyprus",33.0060021957105,34.916672112011,0,2024,37634533331.8902
"PRK","Dem. Rep. Korea",127.192479731944,40.1535031092798,0,NA,NA
"DJI","Djibouti",42.5606754026393,11.7487180558782,0,2024,4152145939.98458
"SLV","El Salvador",-88.8716446906213,13.739437438277,0,2024,35364960000
"GNQ","Eq. Guinea",10.3413792388504,1.70555135464281,0,2024,12765777677.0622
"FRO","Faeroe Is.",-6.88095423425629,62.053854032146,0,2024,4052937169.76536
"FLK","Falkland Is.",-59.3523895599526,-51.7448395440881,0,NA,NA
"FJI","Fiji",165.45195431771,-17.4285803174512,0,2024,5968125909.27126
"ATF","Fr. S. Antarctic Lands",69.2266675844792,-49.2489548494439,0,NA,NA
"GAB","Gabon",11.7886286968418,-0.586600249550737,0,2024,20895684425.6752
"GMB","Gambia",-15.3960129463055,13.4496524351937,0,2024,2404888749.21907
"GRD","Grenada",-61.6822018889197,12.1172504394746,0,2024,1371918518.51852
"GUM","Guam",144.767910219556,13.4416562570342,0,2022,6.91e+09
"GGY","Guernsey",-2.57239063555007,49.4680976127722,0,NA,NA
"HTI","Haiti",-72.6852750898534,18.9350256343081,0,2024,25224154990.7946
"HMD","Heard I. and McDonald Is.",73.5205171004493,-53.0872465617931,0,NA,NA
"KIR","Kiribati",-45.6111051329021,0.860015031710303,0,2024,307862564.489711
"KWT","Kuwait",47.5870045888837,29.3343126156754,0,2024,160227273053.334
"KGZ","Kyrgyzstan",74.5416551328568,41.4622194345521,0,2024,17478259659.2625
"LSO","Lesotho",28.2272313098288,-29.58003188326,0,2024,2271759454.51107
"LBR","Liberia",-9.32207572689762,6.4527849165742,0,2024,4779300900
"LIE","Liechtenstein",9.53574311778692,47.1366583544737,0,2023,8239379403.22096
"MAC","Macao",113.509321161965,22.2231168835447,0,2024,49467258923.3244
"MKD","Macedonia",21.6821134607056,41.5953089336201,0,2024,16951682245.4202
"MDV","Maldives",73.4571300419496,3.72870919988098,0,2024,7061608267.25451
"MHL","Marshall Is.",170.339761223586,7.00376358315318,0,2024,290108489.990234
"MRT","Mauritania",-10.3477981454891,20.2573670559693,0,2024,10908045686.8808
"FSM","Micronesia",153.239437922029,7.45246813658954,0,2024,471425099.488675
"MCO","Monaco",7.40627676856242,43.7527462672009,0,2024,11125783372.4794
"MSR","Montserrat",-62.1851854562498,16.739414055259,0,NA,NA
"MNP","N. Mariana Is.",145.619696512969,15.8292756276934,0,2022,1.096e+09
"NRU","Nauru",166.932568234127,-0.51912638952226,0,2024,162588620.632234
"NIU","Niue",-169.869946818617,-19.0494570812529,0,NA,NA
"NFK","Norfolk Island",167.949216782131,-29.0514609043833,0,NA,NA
"PLW","Palau",134.40807965523,7.28742783602728,0,2023,276733062.744141
"PSE","Palestine",35.1962870548885,31.9161389263999,0,2024,13711100000
"PCN","Pitcairn Is.",-128.317042024213,-24.3650053460374,0,NA,NA
"RWA","Rwanda",29.9198851524163,-1.99033831692518,0,2024,14251642235.0968
"SSD","S. Sudan",30.2479000185772,7.30877944922342,0,2015,11997800760.2242
"SHN","Saint Helena",-9.54779415869766,-12.4035595077562,0,NA,NA
"LCA","Saint Lucia",-60.969699225277,13.8947948145343,0,2024,2549062962.96296
"WSM","Samoa",-172.164850640267,-13.7532434638074,0,2024,1175749785.65113
"SMR","San Marino",12.4592233358359,43.9418674676613,0,2023,2027527227.831
"SYC","Seychelles",55.4760327912438,-4.66099093522365,0,2024,2167239562.46013
"SLE","Sierra Leone",-11.7927124667897,8.5632959303759,0,2024,6971127235.3123
"SXM","Sint Maarten",-63.0571336269789,18.0508172793329,0,2024,1797836665.95136
"SLB","Solomon Is.",159.63287667837,-8.92178021692273,0,2024,1583964703.75061
"SOM","Somalia",45.7071448699436,4.75062876054847,0,2024,1.1967e+10
"BLM","St-Barthélemy",-62.8406777884201,17.898804511168,0,NA,NA
"MAF","St-Martin",-63.0597285144449,18.0888861094623,0,2021,649206262.847519
"KNA","St. Kitts and Nevis",-62.6875526495843,17.2645995046674,0,2024,1122388888.88889
"SPM","St. Pierre and Miquelon",-56.3031977882145,46.9191878928615,0,NA,NA
"VCT","St. Vin. and Gren.",-61.2012969496937,13.2247226899661,0,2024,1157207407.40741
"SUR","Suriname",-55.9123456950545,4.13055412990106,0,2024,4416775112.09627
"SWZ","Swaziland",31.4819369011157,-26.5584304501743,0,2024,4858885840.77236
"STP","São Tomé and Principe",6.72429657927255,0.44391444930847,0,2024,822154621.088897
"TJK","Tajikistan",71.0136263090644,38.5304538962996,0,2024,14204575548.5536
"TON","Tonga",-174.809873409786,-20.4284317425376,0,2023,591139749.44287
"TKM","Turkmenistan",59.3710002061454,39.1155413741942,0,2024,51387209872.2994
"TCA","Turks and Caicos Is.",-71.9738788144275,21.8304757170995,0,2024,1745378000
"VIR","U.S. Virgin Is.",-64.8030153752393,17.9550062393725,0,2022,4.672e+09
"VAT","Vatican",12.4338717661035,41.9017498529201,0,NA,NA
"ESH","W. Sahara",-12.2198275485142,24.2295673865055,0,NA,NA
"WLF","Wallis and Futuna Is.",-177.348348251405,-13.887370390337,0,NA,NA
