source_type,source_file,doc_id,contains_ubiquity_claim,claim_strength,claim_scope,confidence,evidence_sentences,rationale,citation,text_chars,snippets_used,keyword_hits,model_name,error
abstract,Abstracts_for_Monsoon.csv:row_334,10.3389/fmicb.2021.654380,True,explicit,endophytes_general,0.900,"Most Magnaporthales members are found in Poaceae plants and other monocotyledonous herbaceous plants ubiquitously as plant pathogens or endophytic fungi,","The text explicitly states that most Magnaporthales members are found ubiquitously in Poaceae plants and other monocotyledonous herbaceous plants, suggesting a near-universal presence of these endophytes in these plant types.",,1671,1,0,mistral,
abstract,Abstracts_for_Monsoon.csv:row_778,10.1139/b77-079,True,qualified,endophytes_general,0.850,Endophytes were widespread in needles throughout the watershed regardless of the elevation and exposure of the individual trees sampled. || All needle segments become infected with endophytes with increasing age.,"The text states that endophytes were found throughout the watershed, in various elevations, and within all ages of needles. This suggests a widespread presence of endophytes in Douglas fir trees, but it's important to note that this study only focused on one specific tree species.",,1431,1,1,mistral,
abstract,Abstracts_for_Monsoon.csv:row_830,10.1080/00275514.2020.1813487,True,qualified,endophytes_general,0.900,"We sampled foliar fungal endophytes from two native prairie legumes, purple and white prairie clovers (Dalea purpurea and D. candida), in 17 remnant prairie sites across Minnesota [...] Although the effect of host species was small relative to these other factors, the two Dalea species maintained distinct communities within sites where they co-occur.","The text suggests that fungal endophytes can disperse over large distances and across heterogeneous biotic and abiotic environments (implying their ubiquity), but also acknowledges that the effect of host species is small relative to other factors, indicating a qualified claim.",,1594,1,1,mistral,
abstract,Abstracts_for_Monsoon.csv:row_878,10.1186/s12866-021-02098-1,True,explicit,endophytes_general,1.000,"Background Melatonin (MT), ubiquitous in almost all organisms,","The text explicitly states that melatonin is ubiquitous in almost all organisms, including the mention of endophytes being part of this group.",,2091,1,1,mistral,
abstract,Abstracts_for_Monsoon.csv:row_898,10.1007/s00284-022-02853-1,True,explicit,endophytes_general,0.950,Fungal endophytes occur in almost all plants,The text explicitly states that fungal endophytes occur in almost all plants.,,1541,1,1,mistral,
abstract,Abstracts_for_Monsoon.csv:row_902,10.1016/j.foreco.2008.01.052,True,qualified,endophytes_general,0.900,Fungal endophytes have been found in all conifer forest systems examined to date.,"The text states that fungal endophytes have been found in all conifer forest systems examined to date, implying they are ubiquitous or near-universal in those specific forest systems.",(c) 2008 Elsevier B.V.,1363,1,0,mistral,
abstract,Abstracts_for_Monsoon.csv:row_958,10.1007/s11104-020-04538-9,True,explicit,endophytes_general,1.000,"Dark septate endophytes (DSE) are a group of multifunctional fungi that ubiquitously colonize the roots of numerous plants worldwide,","The text explicitly states that DSE (Dark septate endophytes) are ubiquitous, colonizing the roots of numerous plants worldwide.",,1576,1,0,mistral,
abstract,Abstracts_for_Monsoon.csv:row_974,10.1016/j.funeco.2020.100963,True,explicit,endophytes_general,0.950,"Most trees host hundreds of species of fungi asymptomatically in their internal tissues, known collectively as fungal endophytes. || Viaphytism implies that many fungi may be in continuous and cyclical flux between life stages as endophytes in the forest canopy and as wood-decomposing fungi on the forest floor.","The text explicitly states that many trees host hundreds of species of fungal endophytes, implying a near-universal presence. It also suggests that viaphytism (a continuous and cyclical flux between life stages as endophytes and wood-decomposing fungi) may apply to 'many' fungi, further supporting the claim.",(C) 2020 Elsevier Ltd and British Mycological Society,1981,1,0,mistral,
abstract,Abstracts_for_Monsoon.csv:row_1130,10.3389/fpls.2023.1125942,True,explicit,endophytes_general,0.900,"By combining all surveys, we found evidence of a U. minor core mycobiome, pervasive within the tree and ubiquitous across locations, genotypes and health status.","The text explicitly states that the identified core mycobiome of U. minor is 'ubiquitous across locations, genotypes and health status', which implies that fungal endophytes are found in nearly all plants within the specified context.",,1342,1,2,mistral,
abstract,Abstracts_for_Monsoon.csv:row_1134,10.1002/ppp3.10290,True,explicit,endophytes_general,0.900,Virtually all vascular plants harbor bacterial and fungal endosymbionts.,"The text explicitly states that 'virtually all' vascular plants harbor bacterial and fungal endosymbionts, implying a broad distribution and near-universality of these organisms in plants.",,2117,1,0,mistral,
abstract,Abstracts_for_Monsoon.csv:row_1242,10.1080/00275514.2018.1426941,True,explicit,endophytes_general,0.950,"Epichloe strains can be broadly distributed geographically and in many tribes of the Pooideae. || The genome sequence of E. bromicola isolate E7626 from El. dahuricus in Xinjiang Province revealed gene sets for peramine, ergot alkaloids, and indole-diterpenes. In multiplex polymerase chain reaction (PCR) screens of El. dahuricus-endophyte isolates from Beijing and two locations in Shanxi Province, most were also positive for these genes.","The text states that Epichloe strains are broadly distributed geographically and in many tribes of the Pooideae, indicating a claim of ubiquity. Additionally, it is shown that most endophyte isolates from specific locations also carry genes for certain alkaloids, suggesting that fungal endophytes with these gene sets may be found in a significant number of plants.",,1449,1,1,mistral,
abstract,Abstracts_for_Monsoon.csv:row_1406,10.1371/journal.pone.0016793,True,explicit,endophytes_general,0.950,"They occurred in field specimens of bryophytes, pteridophytes and all families of herbaceous angiosperms we investigated, including liverworts, wheat, maize, and the non-mycorrhizal model plant Arabidopsis thaliana.","The text explicitly states that Sebacinales are 'almost universally present as symptomless endophytes' in a wide variety of plants from multiple continents, suggesting a ubiquitous presence.",,1498,1,1,mistral,
abstract,Abstracts_for_Monsoon.csv:row_1490,10.1007/s00248-010-9798-z,True,explicit,endophytes_general,0.900,Fungi of the Phialocephala fortinii sensu lato-Acephala applanata species complex (PAC) are ubiquitous endophytic colonizers of tree roots.,"The text explicitly states that PAC fungi, a specific type of fungal endophytes, are ubiquitous endophytic colonizers of tree roots.",,2051,1,1,mistral,
abstract,Abstracts_for_Monsoon.csv:row_1502,10.1016/j.foreco.2018.08.009,True,qualified,endophytes_general,0.900,Endophytes were isolated from every tree,"The text explicitly states that endophytes were isolated from every tree (52% of all isolations), indicating a qualified claim that fungal endophytes are found in nearly all plants within the studied population of Santalum album.",,2143,1,0,mistral,
abstract,Abstracts_for_Monsoon.csv:row_1526,10.2307/3807534,True,qualified,endophytes_general,0.900,The endophyte has been found to be widespread in distribution.,"The text states that the fungal endophyte is found widely across different geographical regions (distribution), which implies a broad presence but not necessarily in every single plant or all plant species, hence the 'qualified' claim strength.",,876,1,1,mistral,
abstract,Abstracts_for_Monsoon.csv:row_1678,10.1016/j.funbio.2015.07.003,True,explicit,endophytes_general,0.950,Fungal endophytes represent one of the most ubiquitous plant symbionts on Earth,"The text directly states that fungal endophytes are 'one of the most ubiquitous plant symbionts on Earth', indicating a claim about their widespread presence.",(C) 2015 The British Mycological Society. Published by Elsevier Ltd.,1477,1,1,mistral,
abstract,Abstracts_for_Monsoon.csv:row_1702,10.24425/aep.2019.125916,True,qualified,amf_general,0.800,Arbuscular mycorrhizal association was observed in all plant species,"The text states that arbuscular mycorrhizal association (AMF) was observed in all plant species, which suggests a qualified claim of ubiquity for AMF.",,1554,1,0,mistral,
abstract,Abstracts_for_Monsoon.csv:row_1726,10.1016/j.aquabot.2009.10.013,True,explicit,endophytes_general,1.000,AM and/or DSE were found in all species. || AM colonization was found in 31 out of the 37 species assessed including both monocotyleclonous families (Poaceae and Cyperaceae) and 17 out of 21 dicotyledonous families. || DSE were found in 31 out of 37 species assessed including both monocotyledonous families and 15 out of 21 dicotyledonous families.,"The text directly states that AM and/or DSE were found in all species assessed, implying that fungal endophytes (both arbuscular mycorrhizal and dark septate endophyte) are ubiquitous or near-universal in the plants under study.",(C) 2009 Elsevier B.V.,1693,1,0,mistral,
abstract,Abstracts_for_Monsoon.csv:row_1758,10.1016/j.apsoil.2021.104042,True,explicit,endophytes_general,1.000,Dark septate endophytes (DSE) are diverse facultative biotrophic ascomycetes that ubiquitously colonise plant roots,The text explicitly states that DSE (a type of fungal endophyte) are 'ubiquitous' in their ability to colonize plant roots,,1701,1,0,mistral,
abstract,Abstracts_for_Monsoon.csv:row_2250,10.1371/journal.pone.0257173,True,qualified,fungal endophytes_general,0.850,The glucanase-like gene was revealed to be ubiquitously expressed in young seedlings of creeping bent grass.,"The text suggests that the glucanase-like gene is found universally (or 'ubiquitously') within the young seedlings of creeping bent grass, which implies a broader claim about fungal endophytes in plants, given their association with this gene.",,1163,1,0,mistral,
abstract,Abstracts_for_Monsoon.csv:row_2490,10.1002/ecy.3679,True,explicit,endophytes_general,1.000,"Foliar endophytes, microorganisms that reside within leaves, are found in essentially all plants","The text states that foliar endophytes, which are microorganisms residing within leaves, are found in essentially all plants. This is a direct claim about the ubiquity of fungal endophytes across different plant species.",,2544,1,1,mistral,
abstract,Abstracts_for_Monsoon.csv:row_2650,10.1021/jf103551t,True,explicit,endophytes_specific_taxon,0.950,"Undifilum oxytropis, a fungal endophyte responsible for the synthesis of swainsonine, was detected in all plant parts of A. lentiginosus and A. mollissimus.","The text explicitly states that the fungal endophyte Undifilum oxytropis is present in all parts of Astragalus lentiginosus and Astragalus mollissimus, which implies a claim of ubiquity for this specific taxon of fungal endophytes.",,1386,1,0,mistral,
abstract,Abstracts_for_Monsoon.csv:row_2678,10.1186/s40793-022-00434-0,True,qualified,endophytes_general,0.800,"According to ITS2, mycorrhizal fungi of Ericaceae and Orchidaceae, namely Helotiales, Sebacinales, and Cantharellales, also colonize the roots of most plant lineages.","The text suggests that mycorrhizal fungi from specific taxa (Ericaceae, Orchidaceae, Helotiales, Sebacinales, and Cantharellales) are found in the roots of most plant lineages, including lycophytes and angiosperms, indicating a level of ubiquity among these groups.",,2601,1,0,mistral,
abstract,Abstracts_for_Monsoon.csv:row_2722,10.1016/j.ympev.2016.02.010,True,qualified,endophytes_general,0.900,"In addition to their frequent occurrence as saprotrophs, members of the family often are found as endophytes in living tissues of phylogenetically diverse plants and lichens.","The text suggests that Xylariaceae members, which include fungal endophytes, are often found in various living tissues of phylogenetically diverse plants and lichens. This implies a broader distribution than a simple 'ubiquitous' claim but still indicates a high prevalence.",(C) 2016 Elsevier Inc.,2351,1,2,mistral,
abstract,Abstracts_for_Monsoon.csv:row_2774,10.1111/nph.14204,True,qualified,endophytes_general,0.850,"The induction of necrotic leaf lesions coincided with escalation of H.fraxineus DNA levels and changes in proportion of biotrophs, followed by an increase of ubiquitous endophytes with pathogenic potential.","The text states that there is an increase in 'ubiquitous endophytes' during the infection process, implying that these endophytes are present or found in many plant tissues. However, the claim is qualified as it only pertains to endophytes with pathogenic potential.",,1365,1,1,mistral,
abstract,Abstracts_for_Monsoon.csv:row_2818,10.1093/plcell/koac174,True,qualified,endophytes_general,0.850,The molecular determinants of endophytic multihost compatibility are largely unknown. || Some ERCs contribute to Fo infection on the nonvascular land plant Marchantia polymorpha.,"The text mentions that certain fungal effectors contribute to multihost root compatibility, implying a broad distribution of these endophytes across different plants. The mention of their interaction with a nonvascular land plant further supports the claim of near-ubiquity.",,1652,1,1,mistral,
abstract,Abstracts_for_Monsoon.csv:row_2830,10.1111/1574-6968.12083,True,explicit,endophytes_general,0.950,Epichloe species and their anamorphic relatives in genus Neotyphodium are fungal symbionts of grasses ubiquitously existing in temperate regions all over the world.,"The text directly states that Epichloe species and their anamorphic relatives in genus Neotyphodium exist ubiquitously in temperate regions all over the world, suggesting a broad distribution of these fungal symbionts.",,1015,1,0,mistral,
abstract,Abstracts_for_Monsoon.csv:row_2858,10.1111/j.1469-8137.1993.tb03800.x,True,qualified,endophytes_general,0.850,Similar colonization has been observed on conifers and many other plants,"The text implies that the fungus (Phialocephala fortinii) has been observed to form similar colonization patterns on various other plants, suggesting a widespread presence of this type of endophyte.",,774,1,0,mistral,
abstract,Abstracts_for_Monsoon.csv:row_2870,10.1016/j.funeco.2016.08.003,True,qualified,fungal_endophytes_general,0.900,Fungi are ubiquitous occupiers of plant roots,"The text suggests that fungi (which can be interpreted as fungal endophytes in this context) are present across various plants, as they occupy plant roots. However, the qualification 'ubiquitous' is used with a caveat, as the impact of host identity on fungal community composition is not well understood.",(C) 2016 Elsevier Ltd and British Mycological Society,1043,1,2,mistral,
abstract,Abstracts_for_Monsoon.csv:row_2974,10.1657/1938-4246-43.1.73,True,explicit,endophytes_general,0.900,Endorhizal fungi are typically present in roots of plants living on Devon Island tundra.,"The text directly states that endorhizal fungi (a type of fungal endophytes) are typically present in the roots of plants living on Devon Island tundra, implying a ubiquity or near-universality claim.",,1348,1,0,mistral,
abstract,Abstracts_for_Monsoon.csv:row_3126,10.1007/s004250050100,True,qualified,endophytes_general,0.850,The roots of all species investigated were colonized by the AM fungus,"The text states that all species (61 members of Poaceae) investigated were colonized by the AM fungus, which are known to be endophytic. While it does not claim they are in all plants, the implication is a wide prevalence or near-ubiquity among the studied species.",,1067,1,1,mistral,
abstract,Abstracts_for_Monsoon.csv:row_3294,10.1016/j.sajb.2018.09.033,True,qualified,endophytes_general,0.900,This study represents the first disease report for a new malformation disease affecting the ubiquitous South African tree species Searsia lancea.,"The text states that Searsia lancea, a South African tree species, is affected by the malformation disease, suggesting that endophytes (as it implies in context of the disease) are found in this ubiquitous tree species.",(C) 2018 SAAB. Published by Elsevier B.V.,1659,1,1,mistral,
abstract,Abstracts_for_Monsoon.csv:row_3322,10.1086/669606,True,qualified,endophytes_general,0.850,Given the ubiquity of endophytes in plants,"The text suggests that endophytes are present in a large number or proportion of plant species (ubiquitous), although it does not provide specific quantitative data.",,999,1,2,mistral,
abstract,Abstracts_for_Monsoon.csv:row_3394,10.3390/jof9111051,True,qualified,endophytes_general,0.850,This study indicates that the fungal family Botryosphaeriaceae seems to be common and widespread on a broad range of hosts in China and Thailand.,"The text states that Botryosphaeriaceae, a fungal family including endophytes, is common and widespread on a broad range of hosts in China and Thailand. However, the claim is qualified as it specifically refers to this particular fungal family, not all fungal endophytes.",,1155,1,1,mistral,
abstract,Abstracts_for_Monsoon.csv:row_3410,10.1139/b91-191,True,qualified,endophytes_general,0.800,The total number of isolates was dominated by a few species of ubiquitous epiphytes.,"The text mentions that a few species of ubiquitous epiphytes dominate the total number of isolates. Although not explicitly stated for endophytes, the qualifier 'epiphytes' implies a relationship with the plant (host), making it a qualified claim about the ubiquity of certain endophytic species.",,1765,1,1,mistral,
abstract,Abstracts_for_Monsoon.csv:row_3874,10.1093/oxfordjournals.aob.a090161,True,qualified,endophytes_general,0.900,"Mycelium of the endo-phytic fungi of Vaccinium oxycoccus and V. macrocar-pum is present throughout the shoot tissues extending to the ovaries and other organs of the flower. || Infestation of the seed is more extensive in Vaccinium than in Calluna. Mycelium is present throughout the tissue of the seed coat and penetrates deeply within the endosperm of the resting seed. || Ovarial infection by mycelium has been observed also in V. vitis-idaea, V. myrtillus, V. penn-sylvanicum, V. ovatum, V. vacillans, and V. corym-bosum.","The text indicates that endophytic fungi are present throughout the tissues of several species of Vaccinium and related plants (V. vitis-idaea, V. myrtillus, V. penn-sylvanicum, V. ovatum, V. vacillans, and V. corym-bosum). This implies a near-universal presence of these fungi in the mentioned plant species.",,1765,1,0,mistral,
abstract,Abstracts_for_Monsoon.csv:row_4078,10.1016/0167-8809(93)90038-Q,True,explicit,endophytes_general,0.950,"Field and herbarium surveys have shown that many grasses are endophyte infected, often at 100% frequency.","The text explicitly mentions that many grasses are endophyte infected often at 100% frequency, which implies a claim of ubiquity for the presence of endophytes in grasses.",,2921,1,2,mistral,
abstract,Abstracts_for_Monsoon.csv:row_4158,10.1139/cjb-2013-0263,True,explicit,endophytes_general,1.000,The arbuscular mycorrhizal (AM) fungi are ubiquitous biotrophic root endophytes,"The text explicitly states that arbuscular mycorrhizal fungi, a type of fungal endophyte, are ubiquitous.",,1101,1,1,mistral,
abstract,Abstracts_for_Monsoon.csv:row_4566,10.19263/REDIA-106.23.10,True,qualified,endophytes_general,0.850,"Among the isolated fungal species, Gnomoniopsis castaneae (Tamietti), an endophyte fungus harmful to fruits, colonized both healthy and necrotic galls together with ubiquitous components of fungal communities such as Alternaria sp., Aspergillus sp., Fusarium sp. and Colletotrichum fioriniae.","The text mentions that Gnomoniopsis castaneae, an endophyte fungus, colonizes galls together with 'ubiquitous components of fungal communities'. While the context is specifically about chestnut trees in Italy, the qualifier 'ubiquitous' suggests a broader claim about these species being found in many or most environments.",,1695,1,1,mistral,
abstract,Abstracts_for_Monsoon.csv:row_4594,10.1007/s13225-018-0399-3,True,qualified,endophytes_general,0.850,Grapevines (Vitis vinifera) are colonized by ubiquitous microorganisms known as endophytes.,"The text states that endophytes in grapevines are referred to as 'ubiquitous' microorganisms, implying they are widespread or present almost everywhere in the host plant.",,2518,1,1,mistral,
abstract,Abstracts_for_Monsoon.csv:row_4634,10.2307/3761152,True,qualified,endophytes_specific_taxon,0.850,Phomopsolide B was almost universally produced by the isolates from willows,"The text states that Phomopsolide B, a secondary metabolite produced by Phomopsis endophytes, is almost universally produced by the isolates from willows. While the claim does not apply to all plants, it suggests a high prevalence of this metabolite in Phomopsis endophytes found in willow plants.",,1305,1,0,mistral,
abstract,Abstracts_for_Monsoon.csv:row_4834,10.1128/AEM.34.5.576-581.1977,True,qualified,endophytes_general,0.800,"In grasses from pastures in which cattle showed no signs of the syndrome, frequencies were 0-50%.","The text mentions that E. typhina (a type of endophyte) was found in frequencies of 100% in some grasses, implying a ubiquitous presence, but only within the context of specific conditions (grasses from pastures where cattle showed no signs of fescue toxicity syndrome).",,1266,1,0,mistral,
abstract,Abstracts_for_Monsoon.csv:row_5006,10.1016/j.apsoil.2012.07.013,True,qualified,endophytes_general,0.850,Mycorrhizal plants of this species were found in all of the analyzed forest communities,"The text states that mycorrhizal plants (endophytes) of the species Impatiens parviflora were found in all analyzed forest communities, suggesting a widespread or ubiquitous presence.",(C) 2012 Elsevier B.V.,1992,1,0,mistral,
abstract,Abstracts_for_Monsoon.csv:row_5058,10.3852/14-147,True,explicit,endophytes_general,0.950,"Trichoderma harzianum is known as a cosmopolitan, ubiquitous species","The text explicitly states that Trichoderma harzianum, a type of fungal endophyte, is known to be cosmopolitan and ubiquitous.",,1409,1,2,mistral,
abstract,Abstracts_for_Monsoon.csv:row_5070,10.5943/mycosphere/15/1/12,True,qualified,endophytes_general,0.900,"The polypores in Physisporinus are important wood decayers, in which they grow on both angiosperms and gymnosperms from living trees to rotten wood in almost all the forest ecosystems worldwide.","The text mentions that Physisporinus, a genus of polypores, grows on both angiosperms and gymnosperms in nearly all forest ecosystems worldwide. While it's not explicitly stated that these polypores are endophytes (as they decay wood), the context suggests a wide distribution across different plant types, which can be interpreted as a claim of near-universality for Physisporinus in plant hosts.",,1200,1,0,mistral,
abstract,Abstracts_for_Monsoon.csv:row_5502,10.3767/persoonia.2019.42.09,True,explicit,endophytes_general,0.900,ITS rDNA sequence data retrieved from GenBank demonstrate that the Leptosilliaceae were frequently isolated or sequenced as endophytes from temperate to tropical regions...,"The text states that the genus Leptosillia, which is a type of fungal endophyte, has been frequently isolated or sequenced from both temperate and tropical regions, suggesting a wide distribution.",Data retrieved from GenBank,2022,1,0,mistral,
abstract,Abstracts_for_Monsoon.csv:row_5586,10.1016/j.micres.2009.11.009,True,explicit,endophytes_general,1.000,"Endophytes, found ubiquitous in all plant species in the world",The text explicitly states that endophytes are found ubiquitous in all plant species,(C) 2009 Elsevier GmbH,1250,1,1,mistral,
abstract,Abstracts_for_Monsoon.csv:row_6194,10.1139/b00-136,True,qualified,endophytes_general,0.800,"Previously known as a pathogen of orchids, the fungus was revealed to exist widely as an endophyte within ericaceous plants.","The text states that a fungus previously known as a pathogen of orchids is revealed to exist widely as an endophyte within ericaceous plants, suggesting it is found in a significant portion of these plants. The claim is qualified as the study only focuses on ericaceous plants.",IFO 32914 (= CBS 226.77),1072,1,0,mistral,
abstract,Abstracts_for_Monsoon.csv:row_6302,10.11646/phytotaxa.514.3.5,True,explicit,endophytes_general,0.950,"Endophytic fungi are reported from all kinds of plant tissues such as leaves, stems, roots, flowers, and fruits.","The text directly states that endophytic fungi have been reported in all kinds of plant tissues, implying a claim of ubiquity or near-universality.",,1122,1,0,mistral,
abstract,Abstracts_for_Monsoon.csv:row_6326,10.1007/s42770-024-01250-z,True,qualified,endophytes_general,0.800,Endophytic fungal secondary metabolites are abundant in biologically active compounds.,"The text explicitly states that endophytic fungal secondary metabolites are 'abundant' in biologically active compounds, which can be interpreted as a qualified claim suggesting that endophytes (particularly their secondary metabolites) are found in significant quantities, although not necessarily in all plants.",,1571,1,0,mistral,
abstract,Abstracts_for_Monsoon.csv:row_6386,10.1094/PDIS-09-19-1817-RE,True,explicit,endophytes_general,0.900,"Fusarium species, which are the primary causes of root rot, were detected in all seed samples.","The text explicitly states that Fusarium species (a type of fungal endophyte) were detected in all seed samples, implying a ubiquitous presence of these fungi in the samples.",,1534,1,0,mistral,
abstract,Abstracts_for_Monsoon.csv:row_6406,10.1111/j.1744-7348.2008.00286.x,True,qualified,endophytes_general,0.900,Arbuscular mycorrhizal (AM) fungi are ubiquitous root symbionts that form intimate associations with the majority of plants,"The text explicitly states that arbuscular mycorrhizal fungi, a type of fungal endophyte, are ubiquitous in roots of most plants. However, the claim is qualified as the study focused on rice varieties and not all plant species.",,1030,1,1,mistral,
abstract,Abstracts_for_Monsoon.csv:row_7154,10.1002/ece3.5568,True,explicit,endophytes_general,1.000,Foliar endophytic fungi (FEF) are diverse and ubiquitously associated with photosynthetic land plants.,"The text directly states that foliar endophytic fungi are 'ubiquitously associated' with photosynthetic land plants, indicating a claim of their near-universal presence across these plant types.",,1454,1,0,mistral,
abstract,Abstracts_for_Monsoon.csv:row_7162,10.1017/S0953756200002859,True,explicit,specific_taxon,0.950,"Some genera such as Colletotrichum, Phomopsis, Phyllosticta and Sporormiella were ubiquitous.","The text explicitly states that specific fungal genera (Colletotrichum, Phomopsis, Phyllosticta, and Sporormiella) were found in all the halophytes screened, indicating they are ubiquitous within those particular genera.",,496,1,1,mistral,
abstract,Abstracts_for_Monsoon.csv:row_7174,10.1007/s00284-011-0045-8,True,explicit,endophytes_general,0.900,"This is the first report concerning endophytic fungi from Holcoglossum plants (Orchidaceae), suggesting that endophytic fungi in Holcoglossum plants are very abundant.","The text states 'This is the first report concerning endophytic fungi from Holcoggosum plants (Orchidaceae), suggesting that endophytic fungi in Holcoglossum plants are very abundant.' This implies a claim about the ubiquity of endophytic fungi in Holcoglossum plants.",,1388,1,0,mistral,
abstract,Abstracts_for_Monsoon.csv:row_7362,10.1007/s00248-018-1280-3,True,qualified,endophytes_general,0.800,"The former were primarily dominated by ubiquitous, fast-growing fungi","The text mentions that certain fungal species, specifically Alternaria spp., Aureobasidium pullulans, Cladosporium spp., and Epicoccum nigrum, are prevalent in grapevine branches of all ages (from 2 months to 8 years old), implying a level of ubiquity. However, the claim is qualified because it applies only to these specific fungal species within the endophytic community.",,1482,1,1,mistral,
abstract,Abstracts_for_Monsoon.csv:row_7666,10.5943/mycosphere/9/4/1,True,explicit,endophytes_general,0.950,"Staining roots showed that hyphae, spore and microsclerotia of endophytes are present in all surveyed roots.","The text explicitly states that hyphae, spores, and microsclerotia of endophytes are found in all surveyed roots, which implies a claim of ubiquity for these endophytes within the Chenopodiaceae family.",,2313,1,0,mistral,
abstract,Abstracts_for_Monsoon.csv:row_7686,10.1111/j.1469-8137.1990.tb00513.x,True,qualified,endophytes_general,0.900,Almost all samples yielded at least one species.,"The text states that 'almost all samples' (implying a large number of samples) yielded at least one fungal endophyte, suggesting a widespread presence. However, the qualifier 'almost' implies that not every sample contained an endophyte, thus the claim is qualified rather than absolute.",,1374,1,0,mistral,
abstract,Abstracts_for_Monsoon.csv:row_7854,10.1007/s11274-008-9893-1,True,explicit,endophytes_general,0.950,"This is the first report concerning above-ground and below-ground endophytic fungi community of an epiphytic medicinal orchid, suggesting the ubiquitous distribution of non-mycorrhizal fungal endophytes in orchid plants",The text directly states that the report suggests the ubiquitous distribution of non-mycorrhizal fungal endophytes in orchid plants.,,2005,1,1,mistral,
abstract,Abstracts_for_Monsoon.csv:row_7898,10.1017/S095375620000263X,True,qualified,endophytes_general,0.900,"The endophyte communities of both palms were composed of a single, dominant xylariaceous species, approximately ten less common but equally ubiquitous species and a large number of species occurring at very low frequencies.","The text suggests that certain endophyte species are not only present in both Licuala species, but also occur at relatively high frequencies (dominant, less common but equally ubiquitous) and a large number of species occurring at very low frequencies. This implies a widespread presence or ubiquity of these endophytes within the studied palms.",,1177,1,1,mistral,
abstract,Abstracts_for_Monsoon.csv:row_7954,10.17221/9/2024-PSE,True,explicit,endophytes_general,0.900,Epichloe endophyte could reduce plant diversity and enhance the dominance of EI plants in intraspecific competition; drunken horse grass may be threatening the persistence of native plant species.,"The text explicitly states that 'the endophytic fungal infection rate of drunken horse grass is 100% observed in natural wilderness', implying that Epichloe endophyte is present in all instances of the specific plant species, i.e., Achnatherum inebrians (Hance) Keng.",,1462,1,0,mistral,
abstract,Abstracts_for_Monsoon.csv:row_8346,10.3390/d13050197,True,qualified,raf_general,0.850,Root-associated endophytic fungi (RAF) are found asymptomatically in almost all plant groups.,"The text explicitly states that root-associated endophytic fungi (RAF) are found asymptomatically in almost all plant groups, which implies a claim of near-universality for these fungi across various plant species.",,1357,1,0,mistral,
abstract,Abstracts_for_Monsoon.csv:row_8458,10.1128/mSystems.00814-21,True,explicit,endophytes_general,1.000,The symbiosis of endophytes and plants is universal in nature.,The text explicitly states that the symbiosis of endophytes and plants is universal in nature.,,2057,1,1,mistral,
abstract,Abstracts_for_Monsoon.csv:row_8594,10.1007/s13225-013-0222-0,True,explicit,endophytes_general,0.950,The fungal endophytes constitute an ubiquitous active component in direct and multitrophic interactions.,"The text explicitly states that fungal endophytes are ubiquitous, as they are an 'ubiquitous active component' in various plant tissues.",,1994,1,1,mistral,
abstract,Abstracts_for_Monsoon.csv:row_8634,10.15258/sst.2004.32.3.17,True,explicit,fungal association_specific_taxon,0.950,"In contrast in a poor harvest year, seeds with which fungal association was ubiquitous,","The text clearly states that in a poor harvest year, the fungal association was ubiquitous among the seeds, indicating that the claim is explicit and specific to the taxon Trichilia dregeana.",,1399,1,1,mistral,
abstract,Abstracts_for_Monsoon.csv:row_8718,10.1007/s00442-011-2151-5,True,explicit,endophytes_general,1.000,Foliar endophytic fungi appear to be ubiquitous in nature,The text directly states that foliar endophytic fungi are ubiquitous in nature.,,1403,1,1,mistral,
abstract,Abstracts_for_Monsoon.csv:row_8722,10.1038/s41467-022-29690-x,True,explicit,endophytes_general,0.900,APL-16-5 binds to the E3 ligase TRIM25 and viral polymerase subunit PA and therewith mediates ubiquitination of PA,"The text mentions that APL-16-5, originally derived from a plant endophytic fungus (Aspergillus), binds to the E3 ligase TRIM25 and viral polymerase subunit PA, leading to ubiquitination of PA. This action indicates that the endophyte's compound has a role in the ubiquitin-proteasome pathway, which is a mechanism common across various organisms.",'Zhao et al.',1495,1,0,mistral,
abstract,Abstracts_for_Monsoon.csv:row_8730,10.1016/S0953-7562(89)80073-5,True,qualified,endophytes_general,0.800,Almost all 5- to 6-yr-old twigs of healthy and diseased white fir (Abies alba) and Norway spruce (Picea abies) were colonized by at least one fungal taxon.,"The text indicates that a majority of the studied twigs from two different tree species, white fir and Norway spruce, harbored at least one fungal taxon. While not claiming 'ubiquitous' in all plants, it suggests a high prevalence (nearly all) within the specific plant species under study.",,605,1,0,mistral,
abstract,Abstracts_for_Monsoon.csv:row_8966,10.3732/ajb.1400141,True,explicit,endophytes_general,1.000,Fungal endophytes comprise one of the most ubiquitous groups of plant symbionts,"The text directly states that fungal endophytes are 'one of the most ubiquitous groups of plant symbionts', which implies they are found in a large proportion or nearly all plants.",,1836,1,1,mistral,
abstract,Abstracts_for_Monsoon.csv:row_8998,10.17159/sajs.2021/7666,True,explicit,endophytes_general,0.950,"The culturable members of communities of leaf-associated fungi in habitats with little plant coverage, such as the Namib Desert, are mainly established by long-distance aerially distributed fungal inocula and few of these taxa co-evolve with the host within the habitat. || Harsh environmental conditions and the geographic isolation of host plants seem to favour ubiquitous fungal species over more specialist fungal species.","The text suggests that a significant number of culturable leaf-associated fungi in harsh environments like the Namib Desert are ubiquitous, implying they are widely distributed and can survive in various conditions. This is supported by the mention that these fungal species are mainly established by long-distance aerially distributed spores, indicating their ability to disperse globally.",,1625,1,2,mistral,
abstract,Abstracts_for_Monsoon.csv:row_9026,10.1016/j.phymed.2014.11.011,True,explicit,endophytes_general,0.900,"The cytotoxic compound derived from the endophytic fungi Fusarium oxysporum, Penicillium wortamannii and Penicillium funiculosum occurs in many plants, including medicinal herbs.","The text explicitly states that the endophytic fungi Fusarium oxysporum, Penicillium wortamannii and Penicillium funiculosum occur in many plants.",(C) 2015 Published by Elsevier GmbH,1253,1,0,mistral,
abstract,Abstracts_for_Monsoon.csv:row_10166,10.1016/j.funeco.2018.09.007,True,qualified,endophytes_general,0.800,"In this study, we report the presence of culturable fungal endophytes from 20 obligate mangrove hosts from south Andaman Islands. || Phomopsis/Diaporthe was isolated from all the mangrove species studied","The text suggests that fungal endophytes are present in all (20) obligate mangrove hosts studied, and Phomopsis/Diaporthe was isolated from all the mangrove species. While the study is specific to mangroves in this case, the claim is qualified as it refers to 'extraordinary success' and 'development of traits specific to their ecosystem', suggesting a broader applicability.",(C) 2018 Elsevier Ltd and British Mycological Society,1172,1,0,mistral,
abstract,Abstracts_for_Monsoon.csv:row_10282,10.1371/journal.pone.0053987,True,qualified,endophytes_general,0.850,Foliar fungal communities of plants are diverse and ubiquitous.,"The text states that foliar fungal communities in plants are 'ubiquitous', which implies that endophytes (fungi living inside plants without causing symptoms of disease) are found across various types of plants. However, the claim is qualified because it refers specifically to foliar fungi (fungi on leaf surfaces), not necessarily endophytes in general.",,1231,1,1,mistral,
abstract,Abstracts_for_Monsoon.csv:row_10670,10.1073/pnas.2533483100,True,explicit,endophytes_general,1.000,Every plant species examined to date harbors endophytic fungi within its asymptomatic aerial tissues,"The text explicitly states that every plant species examined so far harbors endophytic fungi, implying a ubiquitous presence of these organisms in plants.",,1742,1,2,mistral,
abstract,Abstracts_for_Monsoon.csv:row_10734,10.1016/j.jksus.2023.102590,True,explicit,endophytes_general,0.950,These results divulge the presence of fungal pathogens in all wheat cultivars,"The text states that 'fungal pathogens' are present in 'all wheat cultivars', implying a broad presence across different genotypes, which can be interpreted as a claim of ubiquity or near-universality for fungal endophytes in the context of this study.",(c) 2023 The Author(s). Published by Elsevier B.V. on behalf of King Saud University.,1603,1,0,mistral,
abstract,Abstracts_for_Monsoon.csv:row_10770,10.1023/A:1015080311041,True,qualified,endophytes_general,0.800,"One hundred and twenty-three fungal isolates were obtained from 225 root segments of eggplants, melon, tomato, strawberry and Chinese cabbage","The text states that fungal isolates were obtained from various plants (eggplants, melon, tomato, strawberry, and Chinese cabbage), suggesting a widespread presence of these fungal endophytes across these plant species.",,1291,1,0,mistral,
abstract,Abstracts_for_Monsoon.csv:row_10866,10.1016/j.funeco.2018.04.004,True,qualified,endophytes_general,0.850,Some of the taxa identified are known to be ubiquitous class 2 endophytes.,"The text mentions 'some of the taxa identified' as being 'ubiquitous class 2 endophytes', which implies that not all taxa are ubiquitous but some are. The claim is qualified because it refers to specific taxa within endophytes, rather than claiming universality for all fungal endophytes.",(C) 2018 Elsevier Ltd and British Mycological Society,1385,1,1,mistral,
abstract,Abstracts_for_Monsoon.csv:row_11118,10.13040/IJPSR.0975-8232.10(1).97-107,True,explicit,endophytes_general,0.950,"Endophytic organisms such as fungi, bacteria, and actinomycetes are found in all types of vascular plants and grasses.","The text explicitly states that endophytic organisms, including fungi, bacteria, and actinomycetes, are found in all types of vascular plants and grasses, implying a claim of ubiquity for these endophytes.",,1505,1,0,mistral,
abstract,Abstracts_for_Monsoon.csv:row_11202,10.1111/j.1462-2920.2011.02686.x,True,explicit,endophytes_general,0.950,PAC are ubiquitous fungal root symbionts of many woody plant species,The text explicitly states that PAC (Phialocephala fortinii - Acephala applanata species complex) are ubiquitous fungal root symbionts of many woody plant species.,,1416,1,1,mistral,
abstract,Abstracts_for_Monsoon.csv:row_11310,10.3390/agronomy12010009,True,explicit,endophytes_general,1.000,Endophytes are symptomless fungal and/or bacterial microorganisms found in almost all living plant species.,"The text directly states that endophytes are found in almost all living plant species, which is a claim of ubiquity.",,1351,1,0,mistral,
abstract,Abstracts_for_Monsoon.csv:row_11418,10.1080/11263504.2010.544863,True,qualified,endophytes_general,0.800,Our findings provide some additional evidence that DSEs and other root endophytes may be as common as mycorrhizal fungi.,"The text suggests that the authors found root endophytes, including dark septate endophytes (DSEs), to be as common as mycorrhizal fungi in Artemisia annua. This implies that they may consider endophytes to be ubiquitous or near-universal, although the claim is qualified because it's based on their findings in a specific plant species.",,1646,1,0,mistral,
abstract,Abstracts_for_Monsoon.csv:row_11606,10.1590/1677-941X-ABB-2023-0196,True,qualified,endophytes_general,0.800,"The endophytes of the orders Capnodiales, Hypocreales, Pleosporales, and mycorrhizae of Sebacinales occurred in all sites.","The text mentions that specific fungal endophyte orders (Capnodiales, Hypocreales, Pleosporales, and mycorrhizae from Sebacinales) are present in all sampled sites, which implies a near-universal presence across the studied locations.",,1469,1,0,mistral,
abstract,Abstracts_for_Monsoon.csv:row_12058,10.1007/s00442-015-3457-5,True,explicit,endophytes_general,0.900,"Fungi that engage in these symbioses are hyperdiverse, often horizontally transmitted, and functionally beneficial in many cases, and they represent the diversification of multiple phylogenetic groups.","The text explicitly states that fungi engaging in endophytic symbioses are ubiquitous and hyperdiverse, suggesting their presence in a wide range or even most plants.",,1848,1,1,mistral,
abstract,Abstracts_for_Monsoon.csv:row_12726,10.1111/brv.13085,True,qualified,endophytes_general,0.900,Fungal endophytes are likely the most common endosymbiont infecting plants.,"The text states that fungal endophytes are 'likely the most common endosymbiont infecting plants', suggesting a widespread presence in plant species, but this is qualified by the term 'likely'.",,2495,1,0,mistral,
abstract,Abstracts_for_Monsoon.csv:row_12806,10.1016/j.rhisph.2021.100432,True,explicit,endophytes_general,0.950,P. chlamydosporia colonized the root systems of all the evaluated cover crops.,"The text states that Pochonia chlamydosporia, a fungal endophyte, colonized the root systems of all the evaluated cover crops, implying that it is present in nearly all the evaluated plants.","Goddard, J. G., & Zare, M. R. (2001). A review of the systematics, ecology and biocontrol potential of Pochonia chlamydosporia. Canadian Journal of Botany, 79(8), 754-769.",2174,1,1,mistral,
abstract,Abstracts_for_Monsoon.csv:row_12974,10.7717/peerj.2768,True,explicit,endophytes_general,0.950,"Fungal endophytes inhabit symptomless, living tissues of all major plant lineages.","The text explicitly states that fungal endophytes inhabit all major plant lineages, which implies they are ubiquitous or near-universal in plants.",,2975,1,0,mistral,
abstract,Abstracts_for_Monsoon.csv:row_13022,10.2478/s11686-014-0307-2,True,qualified,endophytes_general,0.800,Our study adds further credence to the notion that fungal endophytes are a potential storehouse for a variety of novel secondary metabolites,"The text suggests that fungal endophytes have a wide range of bioactivities, including antiplasmodial activity, which implies they are found in diverse environments such as sea grasses, marine algae, and forest trees. However, the claim is qualified because while it states that fungal endophytes are 'potential storehouses', it does not explicitly assert they are present in 'nearly all' or 'ubiquitous' plants.",,1204,1,0,mistral,
abstract,Abstracts_for_Monsoon.csv:row_13062,10.1007/s00572-015-0642-7,True,qualified,endophytes_general,0.900,"P. oceanica, but not C. nodosa, is regularly associated with melanized septate hyphae in a manner resembling colonization by the ubiquitous dark septate endophytes (DSE) in roots of most terrestrial plants.","The text explicitly mentions that 'dark septate endophytes (DSE)' are ubiquitous in roots of most terrestrial plants, and it is further qualified by stating that P. oceanica, a type of seagrass, is regularly associated with these DSE. This association implies that the DSE, while not strictly found in all types of plants (terrestrial vs marine vascular), are still widespread enough to be considered near-universal in terrestrial plants.",,1601,1,1,mistral,
abstract,Abstracts_for_Monsoon.csv:row_13066,10.1016/j.micres.2014.09.005,True,explicit,endophytes_general,0.950,Dark septate endophytes (DSE) ubiquitously colonize the roots of plants growing in extreme heavy metals (HMs)-contaminated soils.,"The text states that dark septate endophytes are ubiquitously present in plants growing in heavy metal-contaminated soil, which implies they are found in a large number of diverse environments.",(C) 2014 Elsevier GmbH,1353,1,0,mistral,
abstract,Abstracts_for_Monsoon.csv:row_13102,10.1007/s00572-011-0386-y,True,qualified,endophytes_general,0.800,Native tallgrass prairies support distinct dark septate endophyte (DSE) communities exemplified by Periconia macrospinosa and Microdochium sp. that were recently identified as common root symbionts in this system. || Presence of indicative inter- and intracellular structures demonstrated that all plant species were colonized by the DSE isolates albeit to varying degrees.,"The text suggests that DSE fungi are commonly found in native tallgrass prairies and can colonize different hosts, including grasses and forbs. Although the text does not state that they are ubiquitous or present in nearly all plants, it implies a broad host range for these endophytes based on their presence in various plant species within the studied ecosystem.",,1796,1,0,mistral,
abstract,Abstracts_for_Monsoon.csv:row_13122,10.1007/s11274-019-2593-1,True,explicit,endophytes_general,0.950,Endophytes have been reported from all plant species,"The text explicitly states that endophytes have been reported in all plant species, which implies a claim of ubiquity.",,1386,1,0,mistral,
abstract,Abstracts_for_Monsoon.csv:row_13154,10.56093/ijas.v92i6.121667,True,qualified,endophytes_general,0.800,"Endophytes considered another version of rhizosphere microbes, are associated with all types of plants.","The text explicitly states that endophytes are associated with 'all types of plants', which implies a claim about their ubiquity or near-universality.",,1234,1,0,mistral,
abstract,Abstracts_for_Monsoon.csv:row_13218,10.1007/s00572-012-0456-9,True,explicit,endophytes_general,0.950,"Fungal root endophytes are plant associates that colonize root tissue internally without causing any obvious harm to their host. Although ubiquitous,",The text directly states that fungal root endophytes are 'ubiquitous'.,,1723,1,1,mistral,
abstract,Abstracts_for_Monsoon.csv:row_13222,10.1016/j.coal.2010.11.008,True,explicit,endophytes_general,0.950,The association of fungus with plant leaves and roots is ubiquitous.,"The text directly states that the association of fungi with plant leaves and roots is ubiquitous, which implies a broad occurrence of these associations across various plants.",(C) 2010 Elsevier B.V.,571,1,1,mistral,
abstract,Abstracts_for_Monsoon.csv:row_13294,10.1080/21501203.2013.776648,True,explicit,endophytes_general,0.950,All the tree species in both the forest types harboured xylariaceous endophytes.,"The text states that all the tree species in both studied forests harbored Xylaria endophytes, which implies a wide distribution and could be interpreted as ubiquity.",(2013) Copyright 2013 Mycological Society of China.,1092,1,0,mistral,
abstract,Abstracts_for_Monsoon.csv:row_13318,10.5846/stxb201306081432,True,explicit,endophytes_general,1.000,Detection of endophytes using the aniline blue staining method showed that endophyte infection frequency of the Hailar population was almost 100%.,"The text explicitly states that 'endophyte infection frequency of the Hailar population was almost 100%', implying that endophytes are present in nearly all plants in the Hailar population.",,3509,1,0,mistral,
abstract,Abstracts_for_Monsoon.csv:row_13322,10.17129/botsci.429,True,qualified,endophytes_general,0.800,"One of the fungi, a Helotiales species, was able to colonize all orchid tissues, including seeds and in vitro seedlings,","The statement 'One of the fungi, a Helotiales species, was able to colonize all orchid tissues,' indicates that this specific endophyte is present in all parts of the orchid, which implies a claim of ubiquity for this particular endophyte within the plant species.",,1174,1,0,mistral,
abstract,Abstracts_for_Monsoon.csv:row_13434,10.4102/sajs.v108i7/8.876,True,qualified,endophytes_general,0.900,"Phyllosticta capitalensis, a non-pathogenic, ubiquitous, endophytic species was, however, detected during these surveys.","The text explicitly mentions that Phyllosticta capitalensis, an endophytic species, is 'ubiquitous', thus implying a wide distribution or presence in numerous locations.",? 2012. The Authors. Licensee: AOSIS OpenJournals.,1628,1,1,mistral,
abstract,Abstracts_for_Monsoon.csv:row_13622,10.1007/s11676-009-0012-4,True,explicit,endophytes_general,1.000,"Endophytic fungi, the most prolific source of diverse bioactive compounds found among that of mangrove-associated fungi, are found in most species of mangroves.","The text explicitly states that endophytic fungi are found in most species of mangroves, indicating a claim about their ubiquity.",2009 Northeast Forestry University and Springer-Verlag GmbH,1501,1,0,mistral,
abstract,Abstracts_for_Monsoon.csv:row_13842,10.1007/s10267-003-0128-x,True,explicit,endophytes_general,0.950,"This endophytic fungus has been revealed to live within various vascular plants, angiosperms, gymnosperms, and pteridophytes.","The text states that the endophytic fungus 'G. endophyllicola' has been found in various vascular plants (angiosperms, gymnosperms, and pteridophytes), implying a broad distribution across different plant types, which aligns with the definition of ubiquitous.",,970,1,0,mistral,
abstract,Abstracts_for_Monsoon.csv:row_13938,10.1046/j.1469-8137.1998.00265.x,True,qualified,endophytes_general,0.850,They have been reported for nearly 600 plant species representing about 320 genera and 100 families.,"The text states that DSE fungi have been reported in nearly 600 plant species, which implies a wide distribution across different plant taxa, but it also mentions inconsistent results and the need for future research, suggesting a qualified claim rather than a definitive one.",,1381,1,0,mistral,
abstract,Abstracts_for_Monsoon.csv:row_13958,10.1146/annurev.ecolsys.29.1.319,True,explicit,endophytes_general,1.000,Endophytic fungi living asymptomatically within plant tissues have been found in virtually all plant species.,"The text directly states that endophytic fungi have been found in virtually all plant species, implying a ubiquitous presence.",,1088,1,0,mistral,
abstract,Abstracts_for_Monsoon.csv:row_14010,10.1080/03071375.1994.9747007,True,qualified,endophytes_general,0.850,The widespread presence of such latent fungi has been demonstrated in the laboratory.,The text states that the widespread presence of latent fungi (which can be considered as a type of endophyte) has been demonstrated in the laboratory. This implies a qualitative claim of their ubiquity or near-universality in certain environments.,"Taylor & Francis Group, LLC.",1529,1,1,mistral,
abstract,Abstracts_for_Monsoon.csv:row_14118,10.1111/j.1469-8137.1988.tb00236.x,True,explicit,endophytes_general,0.950,"This group was obtained independently of position of the branch in the canopy, season of sampling over an 11 ?month period, and site, sampling including four sites in south?west Britain and one in the French Pyrenees.","The text indicates that fungal endophytes (specifically Hypoxylon fragiforme, H. nummularium, Nectria coccinea, Coniophora putaena, and coelomycete species) were found in beech branches regardless of their position in the canopy, season, or site, suggesting they are ubiquitous in this particular host plant.",(1988) Wiley Blackwell,1566,1,0,mistral,
abstract,Abstracts_for_Monsoon.csv:row_14846,10.15407/microbiolj79.01.046,True,explicit,endophytes_general,0.950,"The existence of endophytic micromycetes in plants of this ecosystem is a common phenomenon that integrates mosses, herbaceous and woody plants into the common trophic chain. || It was established for the first time that the endophytic way of existence of micromycetes is determined by ecological and physiological peculiarities of this group: fast extensional colonization of different species of bog plants.","The text explicitly states that the existence of endophytic micromycetes is a common phenomenon in the studied ecosystem, integrating various types of plants (mosses, herbaceous and woody). Furthermore, it mentions that the endophytic way of life for these micromycetes is determined by their ability to colonize different species of bog plants, suggesting a near-universal presence in this specific ecosystem.","I.M. Kurchenko, 2017.",1459,1,0,mistral,
abstract,Abstracts_for_Monsoon.csv:row_15050,10.7324/JAPS.2016.601034,True,explicit,endophytes_general,1.000,Endophytic mycoflora are ubiquitous organisms residing in the internal tissues of the plants,The claim is made explicitly in the sentence 'Endophytic mycoflora are ubiquitous organisms residing in the internal tissues of the plants'.,2016 Ravindra Prasad Aharwal et al.,1512,1,1,mistral,
abstract,Abstracts_for_Monsoon.csv:row_15070,10.1071/AN14495,True,explicit,endophytes_general,0.950,Endophyte frequency in the populations was 77-100%. || PRG was also sampled from 20 Victorian and Tasmanian farm pastures where stock were experiencing PRGT (endophyte infection frequencies of 87-100%).,"The text clearly states that endophyte frequency in populations was between 77-100% and endophyte infection frequencies in farm pastures were also between 87-100%, indicating a claim of near-universality of endophytes.",2016 CSIRO,2285,1,0,mistral,
abstract,Abstracts_for_Monsoon.csv:row_15106,10.2509/naf2015.010.003,True,explicit,endophytes_general,0.900,We found that trees of all sizes throughout all of the stands hosted B. nobilissimus. || The proportion of Abies trees (live and dead) colonized by B. nobilissimus in these stands ranged from.06 ?.04 in a recently thinned stand to.39 ?.08 in an old growth stand.,"The text states that the fungus B. nobilissimus is found in trees of all sizes throughout all stands, and the proportion colonized by this fungus ranges from a minimum of 6% to a maximum of 39%. This suggests a wide distribution and high prevalence of this fungus across different stands.",2015 Pacific Northwest Fungi Project,1757,1,0,mistral,
abstract,Abstracts_for_Monsoon.csv:row_15118,10.1080/03235408.2015.1091134,True,qualified,endophytes_general,0.800,One hundred and thirty five untreated farmer-saved seed lots were collected randomly from farmers.,"The text mentions the collection of 135 farmer-saved seed lots, implying a wide range of samples. The presence of various fungi in these seeds suggests a high incidence of fungal endophytes, although it does not necessarily mean they are ubiquitous across all plant species.",2015 Taylor & Francis,1155,1,0,mistral,
abstract,Abstracts_for_Monsoon.csv:row_15370,10.1007/s00248-023-02190-1,True,explicit,endophytes_general,1.000,"Endophytic microbes such as bacteria, actinomycetes, and fungi inhabit ubiquitously within the tissues of all plant species","The text directly states that endophytic microbes, including fungi, inhabit all plant species ubiquitously.",,2353,1,0,mistral,
abstract,Abstracts_for_Monsoon.csv:row_15382,10.22127/RJP.2023.179187,True,explicit,endophytes_general,0.950,They are abundant in plants,"The text states that endophytic fungi are 'abundant' in plants, which implies their ubiquity in the plant kingdom.",,1099,1,0,mistral,
abstract,Abstracts_for_Monsoon.csv:row_15578,10.13199/j.cnki.cst.2022-2167,True,explicit,endophytes_general,1.000,Arbuscular mycorrhizal fungi (A?F) or dark septate endophytic fungi (DSE) are ubiquitous in the rhizosphere,"The text directly states that Arbuscular mycorrhizal fungi (A?F) and dark septate endophytic fungi (DSE), which are types of fungal endophytes, are ubiquitous in the rhizosphere.",,2006,1,1,mistral,
abstract,Abstracts_for_Monsoon.csv:row_15582,10.3114/sim.2023.105.02,True,explicit,endophytes_general,0.900,Acremonium is acknowledged as a highly ubiquitous genus,"The text explicitly states that Acremonium, which includes endophytic fungi, is recognized as 'highly ubiquitous'. This implies that these fungi are found in various environments, including plants.",,2667,1,1,mistral,
abstract,Abstracts_for_Monsoon.csv:row_15914,10.18805/IJARe.A-5581,True,explicit,endophytes_general,0.950,There are ubiquitous and have been found associated in every plant species investigated so far.,The text directly states that 'there are ubiquitous and have been found associated in every plant species investigated so far.' This claim is supported by the citation provided.,2021. Indian Journal of Agricultural Research.All Rights Reserved,1460,1,2,mistral,
abstract,Abstracts_for_Monsoon.csv:row_16030,10.3390/f12030302,True,explicit,endophytes_general,0.950,Fungal endophytes are ubiquitous in nature.,The text directly states that fungal endophytes are ubiquitous in nature.,,2021,1,1,mistral,
abstract,Abstracts_for_Monsoon.csv:row_16390,10.24326/ASPHC.2020.6.3,True,explicit,phoma (endophytes_general),0.950,"Phoma is a ubiquitously found genus of fungi in soil, water and air.","The statement 'Phoma is a ubiquitously found genus' directly implies that Phoma endophytes are found in various environments, implying ubiquity.",Wydawnictwo Uniwersytetu Przyrodniczego w Lublinie,932,1,0,mistral,
abstract,Abstracts_for_Monsoon.csv:row_16402,10.19675/j.cnki.1006-687x.201907029,True,qualified,endophytes_general,0.900,"These fungi are more commonly distributed in habitats subject to stressors such as drought, high temperature, cold, salt damage, heavy metal pollution, and barren nutrients. || Therefore, DSE fungi play an important regulating role in tolerance and adaptation to stressful plant environments.","The text indicates that dark septate endophytes (DSE) are commonly found in various habitats including lowland plains, tropical, temperate, tundra, arctic, and antarctic regions. They are also more commonly distributed in habitats subject to stressors. The authors state that DSE play an important regulating role in tolerance and adaptation to stressful plant environments, implying a wide distribution and importance of these fungi.",2020 Science Press,1971,1,0,mistral,
abstract,Abstracts_for_Monsoon.csv:row_16706,10.13189/eer.2024.120405,True,qualified,endophytes_general,0.950,Ubiquitous endophytes asymptomatically colonize intra-and intercellular plant tissues,"The text states that endophytes are ubiquitous and can be found in various parts of the plants B. alba and B. rubra, indicating a qualified claim about their presence in most or many plants.",,2060,1,1,mistral,
abstract,Abstracts_for_Monsoon.csv:row_16894,10.18697/ajfand.131.24000,True,explicit,endophytes_general,1.000,The ubiquitous presence of mycotoxin-producing fungi in maize poses significant challenges to food safety and economic stability.,"The text explicitly states that mycotoxin-producing fungi are ubiquitous (present everywhere or in large numbers) in maize, which implies they are also present in other plants, as maize is not the only type of plant affected by these fungi.","(2024), African Journal of Food",2374,1,1,mistral,
abstract,Abstracts_for_Monsoon.csv:row_16926,10.5943/MYCOSPHERE/15/1/11,True,explicit,endophytes_general,0.950,Fungal species were found as endophytes...,"The text explicitly states that fungal species, which include endophytes, are found in various habitats including terrestrial, freshwater, and cave habitats.","(2024), (Zhongkai University)",2862,1,1,mistral,
abstract,Abstracts_for_Monsoon.csv:row_17106,10.1021/np030397v,True,explicit,endophytes_general,0.950,Endophytic microorganisms are to be found in virtually every plant on earth.,The text directly states that endophytic microorganisms are present in almost all plants on Earth.,,1052,1,1,mistral,
abstract,Abstracts_for_Monsoon.csv:row_17282,10.4161/cib.1.1.6238,True,qualified,endophytes_general,0.900,Vascular plants provide a unique ecological niche for diverse communities of cryptic symbiotic microbes,"The text suggests that vascular plants host diverse communities of symbiotic microbes, implying the ubiquity or near-universality of such symbiosis among these plants.",,1111,1,0,mistral,
abstract,Abstracts_for_Monsoon.csv:row_17858,10.1016/B978-0-12-394315-6.00002-7,True,qualified,endophytes_general,0.850,Mycoviruses have been detected from all four classes of fungal endophytes.,"The statement 'Mycoviruses have been detected from all four classes of fungal endophytes.' suggests that mycoviruses are present across all known types of fungal endophytes, which can be interpreted as a qualified claim of ubiquity.",,626,1,0,mistral,
abstract,Abstracts_for_Monsoon.csv:row_17946,10.2174/13895575112091382,True,qualified,endophytes_general,0.850,The plant-endophytic strains of the fungus Pestalotiopsis (Amphisphaeriaceae) are distributed throughout the world.,"The text suggests that the endophytic strains of the fungus Pestalotiopsis are found globally, implying a near-universal distribution among plants.",,568,1,0,mistral,
abstract,Abstracts_for_Monsoon.csv:row_18066,10.1007/s00253-011-3270-y,True,explicit,endophytes_general,0.950,Fungal endophytes residing in the internal tissues of living plants occur in almost every plant on earth from the arctic to the tropics.,"The text directly states that fungal endophytes are found in almost every plant, which is a strong claim suggesting ubiquity.",,1009,1,1,mistral,
abstract,Abstracts_for_Monsoon.csv:row_18070,10.4161/psb.6.2.14146,True,explicit,endophytes_general,0.950,Fungal symbionts have been found associated with every plant studied in natural ecosystem,"The text explicitly states that fungal symbionts (which include endophytes) have been found associated with every plant studied, suggesting a ubiquitous presence of these symbionts.",,1291,1,1,mistral,
abstract,Abstracts_for_Monsoon.csv:row_18090,10.3389/fpls.2011.00100,True,qualified,endophytes_general,0.950,"Plants are threatened by pathogens, but they are even more commonly engaged in neutral or mutualistic interactions with microbes: aboveground plant parts are colonized by internally living bacteria and fungi (endophytes)","The text states that endophytes are found more commonly in plants than pathogens, which implies a ubiquity claim about endophytes.",,2223,1,1,mistral,
abstract,Abstracts_for_Monsoon.csv:row_18118,10.3390/jof6040322,True,explicit,endophytes_general,0.950,In many temperate regions they are an essential component of high producing resilient tall fescue and ryegrass swards.,"The text explicitly states that Epichlo? endophytes are an essential component in many temperate regions, implying a wide or ubiquitous presence.",,1656,1,0,mistral,
abstract,Abstracts_for_Monsoon.csv:row_18650,10.1002/mbo3.662,True,qualified,endophytes_general,0.800,"This study also highlights some bacterial groups belonging to Herbaspirillum, Microbacterium, Curtobacterium, Stenotrophomonas, Xanthomonas and Enterobacter that may be part of a transmitted and conserved 'core microbiota' that are ubiquitous and dominant members of the endophytic communities of the rice seeds.","The text mentions that certain bacterial groups, which are part of the endophytic communities of rice seeds, are identified as 'ubiquitous and dominant'. However, it is important to note that while this claim pertains to a specific taxon (bacteria), it is only inferred based on the study's findings within the context of rice seeds.",,1838,1,1,mistral,
abstract,Abstracts_for_Monsoon.csv:row_18822,10.1111/mpp.12585,True,qualified,endophytes_general,0.850,"Xylella fastidiosa has a broad host range that includes ornamental, ecological and agricultural plants belonging to over 300 different species in 63 different families. || To date, X.?fastidiosa has been found to be pathogenic in over 100 plant species.","The text states that Xylella fastidiosa has a broad host range, infecting over 300 different plant species and being pathogenic in over 100 of them. While not explicitly stating ubiquity, the implication is that it is found in a large number of plants.",,3572,1,0,mistral,
abstract,Abstracts_for_Monsoon.csv:row_19006,10.3390/ijerph13070633,True,explicit,endophytes_general,1.000,Endophytes are ubiquitous in plants,The text explicitly states that endophytes are ubiquitous in plants.,,1390,1,1,mistral,
abstract,Abstracts_for_Monsoon.csv:row_19418,10.1016/j.plantsci.2024.112261,True,explicit,endophytes_general,0.950,Fungal symbionts have been found to be associated with most plants in natural ecosystems,"The text clearly states that fungal symbionts are 'found to be associated with most plants', implying a broad occurrence of these endophytes in the plant kingdom.",,1280,1,0,mistral,
abstract,Abstracts_for_Monsoon.csv:row_19506,10.1002/ardp.202400249,True,explicit,endophytes_general,0.950,There are nearly 600 endophytic fungi with known identity have been detected,"The text states that nearly 600 endophytic fungi have been detected in the Astragalus genus plants, implying a widespread presence of these fungi in this specific plant family.",,1571,1,0,mistral,
abstract,Abstracts_for_Monsoon.csv:row_19526,10.2174/0118722083300181240429072502,True,explicit,actinobacteria_general,1.000,"Actinobacteria are ubiquitous in nature and are isolated from various sources, such as marine and terrestrial endophytes of plants and air.","The text explicitly states that Actinobacteria are found in various sources including terrestrial endophytes of plants, suggesting they are ubiquitous.",,1819,1,1,mistral,
abstract,Abstracts_for_Monsoon.csv:row_19598,10.3390/jof10010078,True,explicit,fungal_genus_specific,0.950,"The range of interactions between Cladosporium, a ubiquitous fungal genus,",The text directly states that 'Cladosporium' is a 'ubiquitous' fungal genus.,,1514,1,1,mistral,
abstract,Abstracts_for_Monsoon.csv:row_19646,10.3390/jof9100997,True,qualified,endophytes_general,0.900,The review emphasizes the widespread occurrence and diversity of these microorganisms among plant species,"The text mentions that the reviewed study highlights the 'widespread occurrence' of endophytic fungi among plant species, indicating a qualified claim that they are not universally present but found extensively.",,1483,1,1,mistral,
abstract,Abstracts_for_Monsoon.csv:row_19654,10.1007/s11274-023-03780-4,True,explicit,endophytes_general,0.900,"This phenomenon is widespread and diverse in both natural and agricultural ecosystems, and is present in almost all plant organs.","The text explicitly states that the phenomenon of endophytic fungi inhabiting plants' internal tissues is present 'in almost all plant organs', implying a ubiquitous nature of these fungal endophytes across various ecosystems.",,1862,1,1,mistral,
abstract,Abstracts_for_Monsoon.csv:row_19746,10.1080/07388551.2023.2183379,True,qualified,endophytes_general,0.900,Nearly all plants and their organs are inhabited by endophytic microbes,"The claim is based on the statement 'Nearly all plants and their organs are inhabited by endophytic microbes', which implies a high prevalence of these organisms in plant life.",,1327,1,1,mistral,
abstract,Abstracts_for_Monsoon.csv:row_19766,10.1007/s00425-023-04087-2,True,explicit,endophytes_general,0.950,Endophytic fungi exist in almost every plant species.,"The text explicitly states that endophytic fungi exist in almost every plant species, indicating a claim about their ubiquity.",,1885,1,1,mistral,
abstract,Abstracts_for_Monsoon.csv:row_19794,10.3390/jof9010072,True,explicit,endophytes_general,0.950,Endophytic fungi are ubiquitous in all plant parts.,"The text explicitly states that endophytic fungi are present in all plant parts, which implies a claim of their ubiquity.",,1399,1,1,mistral,
abstract,Abstracts_for_Monsoon.csv:row_19974,10.2174/1389557522999220422133020,True,explicit,endophytes_general,0.950,They are found everywhere on earth,The statement 'They are found everywhere on earth' directly implies that fungal endophytes have a global distribution.,,1368,1,0,mistral,
abstract,Abstracts_for_Monsoon.csv:row_20126,10.3389/fpls.2021.654512,True,explicit,endophytes_general,1.000,"Endophytes are ubiquitously present in plants and contribute to plant growth and development besides offering resistance to biotic and abiotic stresses. || It is now well recognized that endophytes are ubiquitously present in all parts of the plant, including the seeds.","The text directly states that endophytes are ubiquitously present in plants and all parts of them, including seeds. This implies that they are present nearly everywhere in plants.",,2693,1,0,mistral,
abstract,Abstracts_for_Monsoon.csv:row_20150,10.3390/md19060324,True,qualified,fungal_endophytes_general,0.900,"In addition, this group of rare lipids is found in amoebas, fungi, fungal endophytes, and plants.","The text states that this group of rare lipids is found in various sources including fungi, fungal endophytes, and plants, which implies a claim that they are found in nearly all plants through the presence of fungal endophytes.",,1957,1,0,mistral,
abstract,Abstracts_for_Monsoon.csv:row_20162,10.1186/s42269-021-00561-7,True,qualified,endophytes_general,0.850,"Endophytes are a source of novel organic natural molecules and are thought to be drug discovery frontiers. || These breakthroughs provide hope for combating incurable diseases, drug resistance, the emergence of new infectious diseases, and other human health issues.","The text suggests that endophytes are a rich source of bioactive molecules with potential applications in drug discovery for various diseases. This implies that endophytes are found in a wide range of plants, as they are discussed in the context of Nigerian medicinal plants. However, the claim is qualified because it does not explicitly state that endophytes are ubiquitous or found in nearly all plants.",,1939,1,0,mistral,
abstract,Abstracts_for_Monsoon.csv:row_20190,10.1016/j.heliyon.2021.e06362,True,explicit,endophytes_general,0.900,"Marine endophytic fungi have been found in every marine plants (algae, seagrass, driftwood, mangrove plants), marine vertebrates (mainly, fish) or marine invertebrates (mainly, sponge and coral)","The text explicitly states that marine endophytic fungi have been found in a wide variety of marine plants, vertebrates, and invertebrates, implying their ubiquitous presence.",,1645,1,0,mistral,
abstract,Abstracts_for_Monsoon.csv:row_20346,NA,True,qualified,endophytes_general,0.900,"Cladosporium sp, Fusarium sp, Aspergillus sp, Penicillium sp, and Helminthosporium sp., were identified and Azospirillum sp, Herbaspirillum sp, Acetobacter sp, Enterobacter sp and Pantoea sp were the bacterial endophytes identified in all the varieties in both the sites.","The text states that specific fungal and bacterial endophytes were found in all the varieties of rice in both locations, suggesting a qualified claim of ubiquity for these particular endophyte species in the studied rice varieties.",,862,1,0,mistral,
abstract,Abstracts_for_Monsoon.csv:row_20422,NA,True,qualified,endophytes_general,0.850,"The fungus occurs in the host throughout the year, both as a pathogen and as an endophyte.","The text suggests that the fungus (endophyte) is present throughout the host plant (paspalum) throughout the year, indicating a non-exclusive but recurring presence. However, it also mentions that symptoms of disease only occur on a proportion of infected leaves, implying that not all parts or instances of the plant are affected, hence the 'qualified' claim strength.",,399,1,0,mistral,
abstract,Abstracts_for_Monsoon.csv:row_20638,NA,True,explicit,endophytes_general,0.950,Endophytes are present in all plants species,The text explicitly states that endophytes are present in all plant species.,,1213,1,1,mistral,
abstract,Abstracts_for_Monsoon.csv:row_20778,NA,True,qualified,endophytes_general,0.800,Many previous studies indicated that endophyte was ubiquitous,"The text mentions that multiple previous studies have suggested that endophytes are ubiquitous, which implies a wide distribution or presence in extensive host ranges.",,1830,1,1,mistral,
abstract,Abstracts_for_Monsoon.csv:row_21030,NA,True,qualified,endophytes_general,0.800,"The occurrence of this genus in temperate, mediterranean and tropical regions suggests that Pacispora is ubiquitous","The text mentions the occurrence of 'this genus' (Pacispora) in various geographical regions, which implies a broader distribution and thus the possibility of being ubiquitous. However, it should be noted that Pacispora is a specific fungal taxon rather than referring to all endophytes.",,1719,1,1,mistral,
abstract,Abstracts_for_Monsoon.csv:row_21126,NA,True,explicit,endophytes_general,0.900,"In all of 44 taxa, 40 taxa belong to Ascomycota (310 strains) which exist in all parts of L. glauca,","The claim is made explicit in the statement that '40 taxa belong to Ascomycota which exist in all parts of L. glauca', indicating these endophytic fungi are found across different parts (stem, leaf, and bark) of the specific plant species Lindera glauca.",,1985,1,0,mistral,
abstract,Abstracts_for_Monsoon.csv:row_21322,NA,True,explicit,endophytes_general,0.950,"Surveys of grass species associated with Neotyphodium and Epichlo? fungal endophytes made in native grasslands of northern China suggested that endophytes are widely distributed in natural grass populations. || Fungal endophytes were found at high frequencies in all investigated local populations regardless of their location, elevation, annual precipitation, mean temperature and vegetation types, implying a systemic association between native grasses and fungal endophytes.","The text clearly states that fungal endophytes are widely distributed in natural grass populations and found at high frequencies in all investigated local populations. This implies a systemic association, suggesting that they may be ubiquitous or near-universal in these specific grasses.",,3781,1,0,mistral,
abstract,Abstracts_for_Monsoon.csv:row_21630,NA,True,qualified,endophytes_general,0.900,Mycelia sterilia was most ubiquitous endophytic fungal found in this study.,"The text explicitly states that Mycelia sterilia, an endophytic fungus, was the most ubiquitous found in the study. This implies a claim about the prevalence of endophytic fungi in general.","'2015, Global Research Online. All rights reserved.'",1140,1,1,mistral,
abstract,Abstracts_for_Monsoon.csv:row_21698,NA,True,explicit,endophytes_general,0.950,"Distribution of fungal endophyte was obtained in all the tissues (stems, leaves, seeds and roots) of O. glabra and A. variabilis","The text explicitly states that fungal endophytes were found in all tissues (stems, leaves, seeds, and roots) of two plant species, which implies a claim of ubiquity for fungal endophytes.",,1537,1,0,mistral,
abstract,Abstracts_for_Monsoon.csv:row_21702,NA,True,explicit,endophytes_general,0.950,"The members of the order Sebacinales of Basidiomycetes form symbiotic associations with the majority of terrestrial plants. || Among Sebacinales, Piriformospora indica is a unique and an interesting fungus capable of colonizing roots of many plant species","The text explicitly states that the members of the order Sebacinales form symbiotic associations with the majority of terrestrial plants and Piriformospora indica, a member of this order, can colonize roots of many plant species.",2014 Kerala Agricultural University,1876,1,1,mistral,
abstract,Abstracts_for_Monsoon.csv:row_21734,NA,True,explicit,endophytes_general,1.000,Endophytic fungi are ubiquitous microorganisms living asymptomatically within the tissue of higher plants,The text explicitly states that endophytic fungi are ubiquitous (living in almost all) higher plants.,,1194,1,1,mistral,
