iso_a3,country_name,centroid_lon,centroid_lat,gdp_year,gdp_current_usd,gdp_log10,study_count
CHN,China,103.37804954019,36.6914066943658,2024,18743803170827.2,13.272857715075011,1034
USA,United States of America,-103.629562815378,44.7437315933838,2024,28750956130731.2,13.458652291995941,708
IND,India,79.5639109389664,22.7766430406963,2024,3909891533858.08,12.592164709595279,427
BRA,Brazil,-53.2157339228017,-10.6390487701916,2024,2185821648943.86,12.339614723011916,285
AUS,Australia,134.30382913002,-25.7641815561038,2024,1757022451652.83,12.244777311049441,192
CAN,Canada,-96.5486267197423,60.4177669822984,2024,2243636826633.76,12.350952559824094,179
NER,Niger,9.33161006984644,17.412007956852,2024,19876128485.7857,10.298331795503932,158
ITA,Italy,12.2010485239598,42.7156861349631,2024,2380825077243.59,12.376727488316035,141
THA,Thailand,101.000648503115,15.0825849496213,2024,526517658841.684,11.721412941540292,129
NZL,New Zealand,172.921343850907,-41.70233373206,2024,260172385097.616,11.415261198312523,128
ARG,Argentina,-64.7626148983941,-34.6839876743353,2024,638365455340.04,11.805069377463727,123
KOR,South Korea,127.834771142642,36.3733672308111,2024,1875388209406.8,12.273091181264805,121
IRN,Iran,54.4408756065363,32.5273359426532,2024,475252089215.416,11.676924034706827,107
ESP,Spain,-3.70353622939026,40.2076540000071,2024,1725671652742.19,12.236958165094311,104
MEX,Mexico,-102.170985308226,23.9241551704984,2024,1856365616165.94,12.268663515765258,96
IDN,Indonesia,117.179729817036,-2.26406781680181,2024,1396300098190.97,12.144978768560598,87
JPN,Japan,137.66000627904901,37.4608804853389,2024,4027597523550.58,12.605046065150125,87
EGY,Egypt,29.8782696549861,26.4598028985904,2024,389059911003.566,11.590016483111897,77
GBR,United Kingdom,-2.75814205608557,54.0116497480881,2024,3686033044482.13,12.566559224255794,73
ZAF,South Africa,25.1934382247275,-28.9742085225055,2024,401144998373.585,11.603301381625652,68
ATA,Antarctica,82.0706689749783,-84.9385929477074,NA,NA,NA,64
POL,Poland,19.4197062974278,52.111835614271,2024,917767106146.761,11.96273248801221,60
DEU,Germany,10.3643715937045,51.0505771978561,2024,4685592577804.69,12.670764523077906,47
MYS,Malaysia,109.699342986129,3.8111404318149,2024,422227005428.688,11.62554600711845,46
TWN,Taiwan,120.951465589739,23.7502041987188,NA,NA,NA,43
CHL,Chile,-71.0561908536527,-36.0762465062762,2024,330267137371.592,11.518865362161858,40
PAK,Pakistan,69.1684395572922,29.883945351266,2024,371570000121.266,11.57004064259895,40
CHE,Switzerland,8.2062819999427,46.7988964206596,2024,936564198048.516,11.97153755202907,39
FIN,Finland,26.1949731018386,64.255135991488,2024,298696961297.656,11.47523080446428,38
PAN,Panama,-80.1187762438785,8.52023299527355,2024,86523959131.7472,10.93713638351014,36
RUS,Russia,95.6413766746893,66.031721934886,2024,2173835806671.66,12.337226738025617,36
SAU,Saudi Arabia,44.6631748168919,24.0865579782446,2024,1239804533333.33,12.093353220012046,36
PRT,Portugal,-8.52813019289129,39.6062103116453,2024,313271185085.102,11.495920449991663,29
ECU,Ecuador,-78.749298314531,-1.4241098578538,2024,124676074700,11.095783120497925,28
NLD,Netherlands,4.99154802314379,52.2269195770955,2024,1214927698572.66,12.084550433452657,28
COL,Colombia,-73.0770322696693,3.90348006031405,2024,418818154879.271,11.622025499160088,27
MNG,Mongolia,103.123972155588,46.9562038928415,2024,23794540024.5132,10.376477313810273,27
SWE,Sweden,16.2669501808054,62.3836560723776,2024,603715224265.798,11.780832127868148,27
DZA,Algeria,2.63118841954702,28.055993421913,2024,269322281664.773,11.430272285100166,25
CMR,Cameroon,12.7339439705861,5.68116800254082,2024,53296694320.2057,10.726700273135114,25
LKA,Sri Lanka,80.7016320171591,7.61103817767182,2024,98963185509.6499,10.995473666279482,25
MAR,Morocco,-8.72784776313941,29.7668591255143,2024,160610994054.734,11.205775270045308,23
CRI,Costa Rica,-84.1898695369301,9.97613127767004,2024,95350423176.5962,10.979322624837218,21
NGA,Nigeria,8.0795868551995,9.59094556758435,2024,252261880141.151,11.401851628261783,21
TUN,Tunisia,9.55612880879074,34.0889554725266,2024,51332285656.5422,10.71039060238513,21
VNM,Vietnam,106.346507808996,16.5442974922136,2024,476388230307.175,11.6779610232226,21
TUR,Turkey,35.1728012224334,39.137013307072,2024,1359123768774.12,12.13325900761409,20
BGD,Bangladesh,90.2471041127559,23.8606661326485,2024,450119432068.852,11.653327762234428,17
PRY,Paraguay,-58.443433000362,-23.2089093473312,2024,44458118397.4445,10.647951078090832,17
PER,Peru,-74.4207415923271,-9.10714962593639,2024,289221969062.941,11.461231278527174,17
ISR,Israel,34.9911381969568,31.4329786269405,2024,540379921261.681,11.732699203697035,16
KEN,Kenya,37.7962282749356,0.599448825411532,2024,120339557905.932,11.080408411681423,15
MLI,Mali,-3.59047300385746,17.3151390059251,2024,26794747239.8805,10.428049664613708,14
GEO,Georgia,43.5242560197085,42.1729419874369,2024,34189423544.9955,10.533891778382495,13
AUT,Austria,14.110430068073,47.5922934419805,2024,534790720466.822,11.728183862903675,12
ETH,Ethiopia,39.6097922793135,8.61440064916273,2024,149740297952.986,11.17533869295129,12
PHL,Philippines,122.919280085372,11.7293432249664,2024,461617509782.355,11.664282273842717,12
SVN,Slovenia,14.8005232442775,46.1158904650478,2024,72972015197.3859,10.863156339907867,12
VEN,Venezuela,-66.1705444163479,7.12227407973977,2024,119802963257.783,11.078467560211788,12
CZE,Czechia,15.3194407108538,49.7379966835855,2024,347034062928.479,11.540372104807693,11
PRI,Puerto Rico,-66.4730682024606,18.2285799319745,2024,126029527033.705,11.100472306431126,11
DNK,Denmark,10.0422117619727,55.9749821640371,2024,424524722037.047,11.627902986291733,10
GHA,Ghana,-1.21698963069079,7.94769971488172,2024,82308110386.4641,10.915442631354964,10
GRC,Greece,22.9642854447218,39.0479595974168,2024,256238371778.118,11.408644166016266,10
HKG,Hong Kong,114.113750104641,22.3982609030819,2024,406863396487.342,11.60944862025727,10
UKR,Ukraine,31.3155838482439,49.1956082304315,2024,190741262414.705,11.280444652671521,10
BEL,Belgium,4.64593819889158,50.638894962931,2024,671370081636.406,11.8269619838144,9
HUN,Hungary,19.37926775879,47.1659125090957,2024,222722738925.641,11.34776455868558,9
OMN,Oman,56.0621306377702,20.5857751222821,2024,107137198769.386,11.029940287034952,9
UGA,Uganda,32.3686653753119,1.27423154246739,2024,53911907086.1525,10.731684694884532,9
UZB,Uzbekistan,63.3030925490054,41.7754007521081,2024,114965293466.611,11.060566752259195,9
EST,Estonia,25.5450328781709,58.6729024296997,2024,43130419829.35,10.634783685567298,8
LTU,Lithuania,23.8970998762319,55.3237700627497,2024,84869215513.3648,10.928750187804186,8
URY,Uruguay,-56.0252057322354,-32.79134091527,2024,80961511073.5797,10.908278605286155,8
HRV,Croatia,16.401052951655,45.0758927621117,2024,92983810328.9088,10.96840733891002,7
IRQ,Iraq,43.7736761009852,33.0096663987365,2024,279641257615.385,11.446601246590262,7
PNG,Papua New Guinea,145.200496710606,-6.4685813912893,2024,31800428265.5246,10.502432968792663,7
SRB,Serbia,20.8066062928335,44.2113198320201,2024,90097765959.1114,10.954714022458985,7
SVK,Slovakia,19.4689717853406,48.7112808146637,2024,140934076532.375,11.149016014121912,7
SDN,Sudan,29.9074652465699,15.9679661132356,2024,49672435513.1126,10.696115454619221,7
MNE,Montenegro,19.2386306670085,42.7880033068397,2024,8270016670.86774,9.917506385013075,6
SGS,S. Geo. and the Is.,-36.4874247589072,-54.4633925671473,NA,NA,NA,6
TZA,Tanzania,34.8018106480897,-6.26824779747904,2024,78844405385.2195,10.89677088223653,6
BFA,Burkina Faso,-1.76113831482965,12.2707262425414,2024,23124729853.0218,10.364076667939623,5
JEY,Jersey,-2.12689068199444,49.2183874346051,NA,NA,NA,5
BOL,Bolivia,-64.6984386207499,-16.681984236519,2024,54881327452.9667,10.73942460740945,4
GIN,Guinea,-10.9342459987654,10.4373187593583,2024,25008678293.4084,10.398090739909337,4
KAZ,Kazakhstan,67.2455026260148,48.3616709131595,2024,291480274648.826,11.464609170069215,4
SYR,Syria,38.4844621379467,35.0167773212797,2022,23622827079.5047,10.373331870904838,4
AZE,Azerbaijan,47.5478416625625,40.2866618419871,2024,74315882352.9412,10.871081638540256,3
BLR,Belarus,28.0149551024805,53.519520553022,2024,75961865471.9129,10.880595621602234,3
BMU,Bermuda,-64.7546002002701,32.3136780686167,2024,9233600000,9.965371056964587,3
BRN,Brunei,114.721966207324,4.51968373105294,2024,15340808592.48,10.185848251268585,3
FRO,Faeroe Is.,-6.88046143028574,62.0522625282412,2024,4052937169.76536,9.607769871189088,3
PYF,Fr. Polynesia,-144.785420676587,-14.7131078941411,2024,6323716355.05009,9.80097238178528,3
GRL,Greenland,-41.8136722760146,73.081215348893707,2023,3326543974.39193,9.521993268864145,3
GUY,Guyana,-58.9799209901224,4.78964291142976,2024,24662709832.1343,10.392040793285098,3
HND,Honduras,-86.6176147798508,14.8290802786515,2024,37093565854.0437,10.569298584644223,3
ISL,Iceland,-18.5800336627103,64.9978841290345,2024,33255181468.938202,10.521859322061719,3
MDG,Madagascar,46.742890054662,-19.3164837077413,2024,17420501490.1231,10.241060653040089,3
NPL,Nepal,83.946844426502,28.258042513136,2024,42914268286.7109,10.632601711950006,3
SGP,Singapore,103.817255828195,1.35876224689065,2024,547386645891.847,11.73829419810475,3
ZWE,Zimbabwe,29.8510133848713,-18.9970468184375,2024,41539411516.4448,10.61846033964802,3
BIH,Bosnia and Herz.,17.7748915739944,44.1714743324181,2024,29613572022.8993,10.47149079564564,2
BGR,Bulgaria,25.2091326182523,42.7712410532641,2024,113343355779.985,11.054396066741644,2
DOM,Dominican Rep.,-70.5052413454715,18.8951155518329,2024,124282245638.568,11.094409091860273,2
ERI,Eritrea,38.8572739697296,15.3611244552047,2011,2065001626.01626,9.314920397963176,2
JOR,Jordan,36.7576835960932,31.2387026477013,2024,53352289577.4648,10.727153061614707,2
LVA,Latvia,24.9204470200195,56.8595216467315,2024,43684254432.3609,10.640324927922917,2
LBN,Lebanon,35.8776957799568,33.9215988442913,2023,20078620356.9931,10.302733868237446,2
LBY,Libya,18.0667932088379,27.016716394901,2024,48487151215.345,10.685626668590668,2
LUX,Luxembourg,6.07215816344379,49.7667823865565,2024,93279851863.4062,10.969787847717722,2
MLT,Malta,14.4053767979931,35.9214721137047,2024,24971574502.4475,10.397445926258714,2
MUS,Mauritius,57.5712647063556,-20.2776195923663,2024,14937861786.17,10.17428843677486,2
MOZ,Mozambique,35.6027277377491,-17.1958575415341,2024,22745341305.0622,10.356892458017724,2
MMR,Myanmar,96.4947556027671,21.1129068828629,2024,74068349523.8095,10.86963266731005,2
NAM,Namibia,17.1950199598704,-22.0696900150308,2024,13372354511.716,10.126207881564053,2
NCL,New Caledonia,165.679742554398,-21.3008860717208,2024,8548919387.12607,9.931911221878137,2
ROU,Romania,24.9831818039956,45.8484139837285,2024,382564217988.866,11.58270434714265,2
YEM,Yemen,47.5677872484439,15.9172806798621,2018,21606160663.0318,10.334577601173088,2
AFG,Afghanistan,65.9259998083738,33.8187564243444,2023,17152234636.8715,10.234320709057542,1
ASM,American Samoa,-170.718018842331,-14.3044663343105,2022,871000000,8.940018155007664,1
BRB,Barbados,-59.5597850951858,13.1814498004285,2024,7498050000,9.874948332144706,1
BEN,Benin,2.32661465004568,9.63561224093508,2024,21482643706.4249,10.332087725652393,1
BTN,Bhutan,90.4021595967148,27.4121377982848,2023,3012896789.24928,9.478984254598265,1
BWA,Botswana,23.8086129025041,-22.1652447872488,2024,19402063512.9066,10.287847921920465,1
BDI,Burundi,29.8752284293783,-3.35921514928519,2024,3082433067.32634,9.488893654998044,1
TCD,Chad,18.6349974957478,15.2753594087916,2024,19518819751.283,10.290453553545747,1
COG,Congo,15.2211423451147,-0.836992405518094,2024,15719986076.6464,10.196452157044464,1
CUB,Cuba,-78.9870541353367,21.6379353455023,2020,107352000000,11.030810139884263,1
CIV,Côte d'Ivoire,-5.56910294110321,7.62587837122098,2024,87113179149.284,10.940083863375412,1
DMA,Dominica,-61.3577005414183,15.4394350108441,2024,688881481.481481,8.838144510200683,1
GUM,Guam,144.767851873217,13.4416293676101,2022,6910000000,9.839478047374199,1
GTM,Guatemala,-90.3672121144358,15.6901195659811,2024,113199581158.203,11.053844819952802,1
GNB,Guinea-Bissau,-14.9499240579018,12.0477507940677,2024,2218393804.54798,9.346038643689178,1
IRL,Ireland,-8.1457183415326,53.1625330760006,2024,609157459747.205,11.78472956695204,1
IMN,Isle of Man,-4.53903854050941,54.2240959079977,2022,7431257410.92713,9.87106230506933,1
JAM,Jamaica,-77.3143958349437,18.1574508770119,2024,22014397089.7689,10.342706795897206,1
KGZ,Kyrgyzstan,74.5090861452259,41.4743103610779,2024,17478259659.2625,10.242498186993645,1
LAO,Laos,103.774934402365,18.4874181969114,2024,16502933121.3379,10.217561139680774,1
LSO,Lesotho,28.2289621119569,-29.5790637034594,2024,2271759454.51107,9.356362344156466,1
MRT,Mauritania,-10.369916721834,20.2206937789848,2024,10908045686.8808,10.03774694825737,1
FSM,Micronesia,153.322721650955,7.53089158668559,2024,471425099.488675,8.673412701394165,1
NIC,Nicaragua,-85.0319410654719,12.8449927189211,2024,19693982967.5926,10.294333557982576,1
QAT,Qatar,51.1846516738005,25.3048623619667,2024,219162637362.637,11.340766518013577,1
WSM,Samoa,-172.165304583466,-13.7534008948444,2024,1175749785.65113,9.070314908242663,1
TLS,Timor-Leste,125.845107842137,-8.8293216519627,2024,1865608515.41321,9.270820515384091,1
TGO,Togo,0.963859665348354,8.52077978485004,2024,10651180146.531,10.027397730096924,1
ARE,United Arab Emirates,54.2926697940931,23.9053203375377,2024,552324846834.581,11.742194580794616,1
VUT,Vanuatu,167.675345929342,-16.216969027294,2024,1117972034.22642,9.048430939925133,1
ALB,Albania,20.0518459027133,41.1348736944403,2024,27046429296.6673,10.43210993712782,0
AND,Andorra,1.56052469127473,42.5422864057591,2024,4039842405.48117,9.60636442358465,0
AGO,Angola,17.5317833751037,-12.2706139262687,2024,100998916781.079,11.004316715975486,0
AIA,Anguilla,-63.0649996801631,18.2239725989557,NA,NA,NA,0
ATG,Antigua and Barb.,-61.7946721591689,17.2771040484643,2024,2207622874.07407,9.343924885317433,0
ARM,Armenia,44.9383117991992,40.287327772931,2024,25955275380.0321,10.414225641012745,0
ABW,Aruba,-69.9826639657359,12.5208780608318,2024,4265650673.00236,9.629985286884786,0
BHS,Bahamas,-76.5901602884017,24.2800187934338,2024,15832800000,10.199557725792058,0
BHR,Bahrain,50.5419933611208,26.0419637708084,2024,47109734308.5106,10.673110654892593,0
BLZ,Belize,-88.7110676211934,17.1982988461335,2024,3203631800,9.505642595921215,0
IOT,Br. Indian Ocean Ter.,72.4454107176736,-7.33059326968775,NA,NA,NA,0
VGB,British Virgin Is.,-64.4716170380985,18.5258126284725,NA,NA,NA,0
CPV,Cabo Verde,-23.9565439780904,15.9533055041819,2024,2725414150.72735,9.435432506505856,0
KHM,Cambodia,104.905337580996,12.719494904645,2024,46352647037.2406,10.666074540224674,0
CYM,Cayman Is.,-80.9134943394325,19.4298043674924,2023,7241244269.45972,9.859813197817418,0
CAF,Central African Rep.,20.4618329844356,6.57229915888353,2024,2751494281.06887,9.439568614474883,0
COM,Comoros,43.681656759567,-11.8779085448706,2024,1440991455.45188,9.158661405615446,0
COK,Cook Is.,-159.787243023607,-21.2192740081892,NA,NA,NA,0
CUW,Curaçao,-68.9711179452218,12.1955184194906,2024,3561178196.20713,9.55159370568582,0
CYP,Cyprus,33.0058102965142,34.917087328158,2024,37634533331.8902,10.575586535153299,0
COD,Dem. Rep. Congo,23.637747242281,-2.86548803879883,2024,70962185790.7094,10.851026984250723,0
DJI,Djibouti,42.5600788811058,11.7483067109973,2024,4152145939.98458,9.618272609728677,0
SLV,El Salvador,-88.8709570558223,13.7398637309967,2024,35364960000,10.548573171204296,0
GNQ,Eq. Guinea,10.3417277888309,1.705405643432,2024,12765777677.0622,10.106047276685839,0
FLK,Falkland Is.,-59.3498833437913,-51.7464413294786,NA,NA,NA,0
FJI,Fiji,178.512028294341,-17.4275459921746,2024,5968125909.27126,9.775837976851495,0
ATF,Fr. S. Antarctic Lands,69.1998846442835,-49.2683171943331,NA,NA,NA,0
GAB,Gabon,11.7887417164631,-0.586446585293701,2024,20895684425.6752,10.320056600769234,0
GMB,Gambia,-15.3963233144452,13.4509534894153,2024,2404888749.21907,9.381094990598502,0
GRD,Grenada,-61.6822117335207,12.1172424371992,2024,1371918518.51852,9.137328318361535,0
GGY,Guernsey,-2.57240443102482,49.468103758266,NA,NA,NA,0
HTI,Haiti,-72.6867625315242,18.9345751430787,2024,25224154990.7946,10.401816626287266,0
HMD,Heard I. and McDonald Is.,73.5203521795845,-53.0872651198047,NA,NA,NA,0
KIR,Kiribati,-167.919700936462,0.892900961239435,2024,307862564.489711,8.48835688271944,0
KWT,Kuwait,47.5877796880973,29.3332785767072,2024,160227273053.334,11.204736441388997,0
LBR,Liberia,-9.3198326185766,6.45195767187024,2024,4779300900,9.679364374127365,0
LIE,Liechtenstein,9.53575260315686,47.1366265853552,2023,8239379403.22096,9.915894501514268,0
MAC,Macao,113.509319741433,22.2231175774803,2024,49467258923.3244,10.694317845932076,0
MWI,Malawi,34.2828475303045,-13.2044253769335,2024,11316411329.4619,10.053708724828514,0
MDV,Maldives,73.4570805442108,3.72846121928285,2024,7061608267.25451,9.848903622022258,0
MHL,Marshall Is.,170.342582564537,7.00279059022283,2024,290108489.990234,8.462560438564669,0
MDA,Moldova,28.4656191736062,47.1871728331026,2024,18200340853.6517,10.260079521472653,0
MCO,Monaco,7.40627449424239,43.7527482443154,2024,11125783372.4794,10.046330599641056,0
MSR,Montserrat,-62.1851850423942,16.7394123859652,NA,NA,NA,0
MNP,N. Mariana Is.,145.618094756082,15.8171137794661,2022,1096000000,9.03981055414835,0
NRU,Nauru,166.932568247741,-0.519126365152906,2024,162588620.632234,8.211090146611271,0
NIU,Niue,-169.869942739257,-19.0494561591082,NA,NA,NA,0
NFK,Norfolk Island,167.949215558769,-29.0514598846554,NA,NA,NA,0
PRK,North Korea,127.159122775815,40.1400742694836,NA,NA,NA,0
MKD,North Macedonia,21.6805957755044,41.5951915568665,2024,16951682245.4202,10.229212803049483,0
PLW,Palau,134.405780945831,7.28668468125613,2023,276733062.744141,8.442061049670523,0
PSE,Palestine,35.1954797208278,31.9152202929032,2024,13711100000,10.137072298317332,0
PCN,Pitcairn Is.,-128.317044328348,-24.3650031851063,NA,NA,NA,0
RWA,Rwanda,29.9199828908339,-1.99032494652451,2024,14251642235.0968,10.153864911540788,0
SSD,S. Sudan,30.251333835259,7.30869694761169,2015,11997800760.2242,10.079101645611633,0
SHN,Saint Helena,-9.67419767139882,-12.3792423437637,NA,NA,NA,0
LCA,Saint Lucia,-60.9697106588895,13.8947730044762,2024,2549062962.96296,9.406380562864193,0
SMR,San Marino,12.4592152183486,43.9418652349619,2023,2027527227.831,9.306966695098907,0
SEN,Senegal,-14.469447943744,14.3648110913115,2024,32808056600.9436,10.515980505531326,0
SYC,Seychelles,55.4760277998135,-4.66098974524066,2024,2167239562.46013,9.33590692004343,0
SLE,Sierra Leone,-11.7926118516903,8.56249233442925,2024,6971127235.3123,9.843303009445696,0
SXM,Sint Maarten,-63.0571336446886,18.0508225280051,2024,1797836665.95136,9.254750233393779,0
SLB,Solomon Is.,159.622342602782,-8.92311721222479,2024,1583964703.75061,9.19974549976791,0
SOM,Somalia,45.6792928368265,4.73940621544563,2024,11967000000,10.077985291029503,0
BLM,St-Barthélemy,-62.840676930188,17.8988056284832,NA,NA,NA,0
MAF,St-Martin,-63.0597289426657,18.0888907568131,2021,649206262.847519,8.812382700782967,0
KNA,St. Kitts and Nevis,-62.687467247912,17.264578665519,2024,1122388888.88889,9.05014335873473,0
SPM,St. Pierre and Miquelon,-56.303060329307,46.9190002073809,NA,NA,NA,0
VCT,St. Vin. and Gren.,-61.2013173917894,13.2246770323331,2024,1157207407.40741,9.063411204949906,0
SUR,Suriname,-55.9124311661924,4.12984829312196,2024,4416775112.09627,9.64510528695093,0
STP,São Tomé and Principe,6.72421638168838,0.443840111655542,2024,822154621.088897,8.91495350217607,0
TJK,Tajikistan,71.0268540220455,38.5365490337492,2024,14204575548.5536,10.152428260961095,0
TON,Tonga,-174.801931117209,-20.4205125691269,2023,591139749.44287,8.771690163177826,0
TTO,Trinidad and Tobago,-61.2659018391326,10.4571725762484,2024,25633544529.4849,10.408808663272096,0
TKM,Turkmenistan,59.4464223563841,39.1254707125414,2024,51387209872.2994,10.7108550378066,0
TCA,Turks and Caicos Is.,-71.9739066622584,21.8306218778817,2024,1745378000,9.241889497505106,0
TUV,Tuvalu,179.205565197762,-8.50345062035297,2023,62280311.5852172,7.794350776654625,0
VIR,U.S. Virgin Is.,-64.8028713164479,17.9545678583165,2022,4672000000,9.669502834104343,0
VAT,Vatican,12.4338717583753,41.9017498858824,NA,NA,NA,0
ESH,W. Sahara,-12.2714969904972,24.2117292428168,NA,NA,NA,0
WLF,Wallis and Futuna Is.,-177.344320004362,-13.8882289701232,NA,NA,NA,0
ZMB,Zambia,27.8085818823144,-13.4555254959824,2024,25303185342.2511,10.40317519664951,0
SWZ,eSwatini,31.4818696059185,-26.5575464900803,2024,4858885840.77236,9.686536695460404,0
ALA,Åland,19.9535538088688,60.2148676916094,NA,NA,NA,0
